Workbook

Sheet Lead Target by Month EXAMPLE
A1: Revenue
A2: Region | B2: Jan | C2: Feb | D2: Mar | E2: Apr | F2: May | G2: Jun | H2: Jul | I2: Aug | J2: Sep | K2: Oct | L2: Nov | M2: Dec | N2: Look at the revenue numbers your company needs to hit this year and split this by region and month.
A3: North Am | B3: 15000 | C3: 15000 | D3: 15000 | E3: 15000 | F3: 15000 | G3: 15000 | H3: 15000 | I3: 18000 | J3: 18000 | K3: 18000 | L3: 18000 | M3: 18000
A4: Europe | B4: 10000 | C4: 10000 | D4: 10000 | E4: 10000 | F4: 10000 | G4: 10000 | H4: 10000 | I4: 15000 | J4: 15000 | K4: 15000 | L4: 15000 | M4: 15000
A5: APAC | B5: 2000 | C5: 2000 | D5: 2000 | E5: 2000 | F5: 2000 | G5: 2000 | H5: 2000 | I5: 3000 | J5: 3000 | K5: 3000 | L5: 3000 | M5: 3000
A6: LatAM | B6: 4000 | C6: 4000 | D6: 4000 | E6: 4000 | F6: 4000 | G6: 4000 | H6: 4000 | I6: 4500 | J6: 4500 | K6: 4500 | L6: 4500 | M6: 4500
A8: Average Deal Size
A9: Region | B9: Jan | C9: Feb | D9: Mar | E9: Apr | F9: May | G9: Jun | H9: Jul | I9: Aug | J9: Sep | K9: Oct | L9: Nov | M9: Dec | N9: Look at the average deal size per region and add that to the respective section. This may change during the year to reflect product launches or price changes and should be updated on a regular basis.
A10: North Am | B10: 500 | C10: 500 | D10: 500 | E10: 500 | F10: 500 | G10: 500 | H10: 500 | I10: 500 | J10: 500 | K10: 500 | L10: 500 | M10: 500
A11: Europe | B11: 400 | C11: 400 | D11: 400 | E11: 400 | F11: 400 | G11: 400 | H11: 400 | I11: 400 | J11: 400 | K11: 400 | L11: 400 | M11: 400
A12: APAC | B12: 450 | C12: 450 | D12: 450 | E12: 450 | F12: 450 | G12: 450 | H12: 450 | I12: 450 | J12: 450 | K12: 450 | L12: 450 | M12: 450
A13: LatAM | B13: 500 | C13: 500 | D13: 500 | E13: 500 | F13: 500 | G13: 500 | H13: 500 | I13: 500 | J13: 500 | K13: 500 | L13: 500 | M13: 500
A15: % Revenue from Marketing
A16: Region | B16: Jan | C16: Feb | D16: Mar | E16: Apr | F16: May | G16: Jun | H16: Jul | I16: Aug | J16: Sep | K16: Oct | L16: Nov | M16: Dec | N16: Here you have to find the percentage of your revenue that is coming from marketing. Based on your go to market strategy and sales structure, this may be very high (85%+) or between 15-25% if your company has a heavily sales focused legacy.
A17: North Am | B17: 0.4 | C17: 0.4 | D17: 0.4 | E17: 0.4 | F17: 0.4 | G17: 0.4 | H17: 0.4 | I17: 0.4 | J17: 0.4 | K17: 0.4 | L17: 0.4 | M17: 0.4
A18: Europe | B18: 0.5 | C18: 0.5 | D18: 0.5 | E18: 0.5 | F18: 0.5 | G18: 0.5 | H18: 0.5 | I18: 0.5 | J18: 0.5 | K18: 0.5 | L18: 0.5 | M18: 0.5
A19: APAC | B19: 0.5 | C19: 0.5 | D19: 0.5 | E19: 0.5 | F19: 0.5 | G19: 0.5 | H19: 0.5 | I19: 0.5 | J19: 0.5 | K19: 0.5 | L19: 0.5 | M19: 0.5
A20: LatAM | B20: 0.5 | C20: 0.5 | D20: 0.5 | E20: 0.5 | F20: 0.5 | G20: 0.5 | H20: 0.5 | I20: 0.5 | J20: 0.5 | K20: 0.5 | L20: 0.5 | M20: 0.5
A22: Lead to Close
A23: Region | B23: Jan | C23: Feb | D23: Mar | E23: Apr | F23: May | G23: Jun | H23: Jul | I23: Aug | J23: Sep | K23: Oct | L23: Nov | M23: Dec | N23: Look at the average Marketing Qualified Lead to Close rate based on historical data per region. You may want to update this quarterly based on gains on your conversion rates.
A24: North Am | B24: 0.1 | C24: 0.1 | D24: 0.1 | E24: 0.1 | F24: 0.1 | G24: 0.1 | H24: 0.1 | I24: 0.1 | J24: 0.1 | K24: 0.1 | L24: 0.1 | M24: 0.1
A25: Europe | B25: 0.08 | C25: 0.08 | D25: 0.08 | E25: 0.08 | F25: 0.08 | G25: 0.08 | H25: 0.08 | I25: 0.08 | J25: 0.08 | K25: 0.08 | L25: 0.08 | M25: 0.08
A26: APAC | B26: 0.073089701 | C26: 0.073089701 | D26: 0.073089701 | E26: 0.073089701 | F26: 0.073089701 | G26: 0.073089701 | H26: 0.073089701 | I26: 0.073089701 | J26: 0.073089701 | K26: 0.073089701 | L26: 0.073089701 | M26: 0.073089701
A27: LatAM | B27: 0.07 | C27: 0.07 | D27: 0.07 | E27: 0.07 | F27: 0.07 | G27: 0.07 | H27: 0.07 | I27: 0.07 | J27: 0.07 | K27: 0.07 | L27: 0.07 | M27: 0.07
A29: Target
A30: Region | B30: Jan | C30: Feb | D30: Mar | E30: Apr | F30: May | G30: Jun | H30: Jul | I30: Aug | J30: Sep | K30: Oct | L30: Nov | M30: Dec | N30: Once all of the other fields have been filled out this table calculates the number of leads you need to bring in to successfully hit your revenue goals. Have a go changing the conversion rates and just see how your lead goals go down or up accordingly.
A31: North Am | B31: =((B3/B10)*B17)/B24 -> 120 | C31: =((C3/C10)*C17)/C24 -> 120 | D31: =((D3/D10)*D17)/D24 -> 120 | E31: =((E3/E10)*E17)/E24 -> 120 | F31: =((F3/F10)*F17)/F24 -> 120 | G31: =((G3/G10)*G17)/G24 -> 120 | H31: =((H3/H10)*H17)/H24 -> 120 | I31: =((I3/I10)*I17)/I24 -> 144 | ... M31: =((M3/M10)*M17)/M24 -> 144
A32: Europe | B32: =((B4/B11)*B18)/B25 -> 156.25 | C32: =((C4/C11)*C18)/C25 -> 156.25 | D32: =((D4/D11)*D18)/D25 -> 156.25 | E32: =((E4/E11)*E18)/E25 -> 156.25 | F32: =((F4/F11)*F18)/F25 -> 156.25 | G32: =((G4/G11)*G18)/G25 -> 156.25 | H32: =((H4/H11)*H18)/H25 -> 156.25 | I32: =((I4/I11)*I18)/I25 -> 234.375 | ... M32: =((M4/M11)*M18)/M25 -> 234.375
A33: APAC | B33: =((B5/B12)*B19)/B26 -> 30.40404 | C33: =((C5/C12)*C19)/C26 -> 30.40404 | D33: =((D5/D12)*D19)/D26 -> 30.40404 | E33: =((E5/E12)*E19)/E26 -> 30.40404 | F33: =((F5/F12)*F19)/F26 -> 30.40404 | G33: =((G5/G12)*G19)/G26 -> 30.40404 | H33: =((H5/H12)*H19)/H26 -> 30.40404 | I33: =((I5/I12)*I19)/I26 -> 45.606061 | ... M33: =((M5/M12)*M19)/M26 -> 45.606061
A34: LatAM | B34: =((B6/B13)*B20)/B27 -> 57.142857 | C34: =((C6/C13)*C20)/C27 -> 57.142857 | D34: =((D6/D13)*D20)/D27 -> 57.142857 | E34: =((E6/E13)*E20)/E27 -> 57.142857 | F34: =((F6/F13)*F20)/F27 -> 57.142857 | G34: =((G6/G13)*G20)/G27 -> 57.142857 | H34: =((H6/H13)*H20)/H27 -> 57.142857 | I34: =((I6/I13)*I20)/I27 -> 64.285714 | ... M34: =((M6/M13)*M20)/M27 -> 64.285714

Sheet Performance Against Plan EXAMPL
A1: Target
A2: Region | B2: Jan | C2: Feb | D2: Mar | E2: Apr | F2: May | G2: Jun | H2: Jul | I2: Aug | J2: Sep | K2: Oct | L2: Nov | M2: Dec | N2: These fields will autofull with your targets from the previous tab and calculate your total target per month for all of your segments.
A3: North Am | B3: =('Lead Target by Month EXAMPLE'!B31) -> 120 | C3: =('Lead Target by Month EXAMPLE'!C31) -> 120 | D3: =('Lead Target by Month EXAMPLE'!D31) -> 120 | E3: =('Lead Target by Month EXAMPLE'!E31) -> 120 | F3: =('Lead Target by Month EXAMPLE'!F31) -> 120 | G3: =('Lead Target by Month EXAMPLE'!G31) -> 120 | H3: =('Lead Target by Month EXAMPLE'!H31) -> 120 | I3: =('Lead Target by Month EXAMPLE'!I31) -> 144 | ... L3: =('Lead Target by Month EXAMPLE'!L31) -> 144 | M3: 206
A4: Europe | B4: =('Lead Target by Month EXAMPLE'!B32) -> 156.25 | C4: =('Lead Target by Month EXAMPLE'!C32) -> 156.25 | D4: =('Lead Target by Month EXAMPLE'!D32) -> 156.25 | E4: =('Lead Target by Month EXAMPLE'!E32) -> 156.25 | F4: =('Lead Target by Month EXAMPLE'!F32) -> 156.25 | G4: =('Lead Target by Month EXAMPLE'!G32) -> 156.25 | H4: =('Lead Target by Month EXAMPLE'!H32) -> 156.25 | I4: =('Lead Target by Month EXAMPLE'!I32) -> 234.375 | ... L4: =('Lead Target by Month EXAMPLE'!L32) -> 234.375 | M4: 386
A5: APAC | B5: =('Lead Target by Month EXAMPLE'!B33) -> 30.40404 | C5: =('Lead Target by Month EXAMPLE'!C33) -> 30.40404 | D5: =('Lead Target by Month EXAMPLE'!D33) -> 30.40404 | E5: =('Lead Target by Month EXAMPLE'!E33) -> 30.40404 | F5: =('Lead Target by Month EXAMPLE'!F33) -> 30.40404 | G5: =('Lead Target by Month EXAMPLE'!G33) -> 30.40404 | H5: =('Lead Target by Month EXAMPLE'!H33) -> 30.40404 | I5: =('Lead Target by Month EXAMPLE'!I33) -> 45.606061 | ... L5: =('Lead Target by Month EXAMPLE'!L33) -> 45.606061 | M5: 46
A6: LatAM | B6: =('Lead Target by Month EXAMPLE'!B34) -> 57.142857 | C6: =('Lead Target by Month EXAMPLE'!C34) -> 57.142857 | D6: =('Lead Target by Month EXAMPLE'!D34) -> 57.142857 | E6: =('Lead Target by Month EXAMPLE'!E34) -> 57.142857 | F6: =('Lead Target by Month EXAMPLE'!F34) -> 57.142857 | G6: =('Lead Target by Month EXAMPLE'!G34) -> 57.142857 | H6: =('Lead Target by Month EXAMPLE'!H34) -> 57.142857 | I6: =('Lead Target by Month EXAMPLE'!I34) -> 64.285714 | ... L6: =('Lead Target by Month EXAMPLE'!L34) -> 64.285714 | M6: 52
B7: Jan | C7: Feb | D7: Mar | E7: Apr | F7: May | G7: Jun | H7: Jul | I7: Aug | J7: Sep | K7: Oct | L7: Nov | M7: Dec
A8: Total | B8: =SUM(B3:B6) -> 363.7969 | C8: =SUM(C3:C6) -> 363.7969 | D8: =SUM(D3:D6) -> 363.7969 | E8: =SUM(E3:E6) -> 363.7969 | F8: =SUM(F3:F6) -> 363.7969 | G8: =SUM(G3:G6) -> 363.7969 | H8: =SUM(H3:H6) -> 363.7969 | I8: =SUM(I3:I6) -> 488.26677 | ... M8: =SUM(M3:M6) -> 690
A10: Actual
A11: Region | B11: Jan | C11: Feb | D11: Mar | E11: Apr | F11: May | G11: Jun | H11: Jul | I11: Aug | J11: Sep | K11: Oct | L11: Nov | M11: Dec | N11: Here is where you will add in your actual qualified lead volume every month. This will allow you to track your progress on a monthly basis and identify volume trends.
A12: North Am | B12: 150 | C12: 170 | D12: 190 | E12: 210 | F12: 230 | G12: 250 | H12: 270 | I12: 290 | J12: 310 | K12: 330 | L12: 350 | M12: 370
A13: Europe | B13: 160 | C13: 180 | D13: 200 | E13: 220 | F13: 240 | G13: 260 | H13: 280 | I13: 300 | J13: 320 | K13: 340 | L13: 360 | M13: 380
A14: APAC | B14: 45 | C14: 65 | D14: 85 | E14: 105 | F14: 125 | G14: 145 | H14: 165 | I14: 185 | J14: 205 | K14: 225 | L14: 245 | M14: 265
A15: LatAM | B15: 60 | C15: 80 | D15: 100 | E15: 120 | F15: 140 | G15: 160 | H15: 180 | I15: 200 | J15: 220 | K15: 240 | L15: 260 | M15: 280
B16: Jan | C16: Feb | D16: Mar | E16: Apr | F16: May | G16: Jun | H16: Jul | I16: Aug | J16: Sep | K16: Oct | L16: Nov | M16: Dec
A17: Total Actual | B17: =SUM(B12:B15) -> 415 | C17: =SUM(C12:C15) -> 495 | D17: =SUM(D12:D15) -> 575 | E17: =SUM(E12:E15) -> 655 | F17: =SUM(F12:F15) -> 735 | G17: =SUM(G12:G15) -> 815 | H17: =SUM(H12:H15) -> 895 | I17: =SUM(I12:I15) -> 975 | ... M17: =SUM(M12:M15) -> 1295 | N17: Having these two sections together allows you to chart your progress in the charts below.
A18: Total Target | B18: =SUM(B3:B6) -> 363.7969 | C18: =SUM(C3:C6) -> 363.7969 | D18: =SUM(D3:D6) -> 363.7969 | E18: =SUM(E3:E6) -> 363.7969 | F18: =SUM(F3:F6) -> 363.7969 | G18: =SUM(G3:G6) -> 363.7969 | H18: =SUM(H3:H6) -> 363.7969 | I18: =SUM(I3:I6) -> 488.26677 | ... M18: =SUM(M3:M6) -> 690
A20: Performance
A21: Region | B21: Jan | C21: Feb | D21: Mar | E21: Apr | F21: May | G21: Jun | H21: Jul | I21: Aug | J21: Sep | K21: Oct | L21: Nov | M21: Dec | N21: Once all of the other fields have been filled out this table calculates the number of leads you need to bring in to successfully hit your revenue goals.
A22: North Am | B22: =B12/B3 -> 1.25 | C22: =C12/C3 -> 1.4166667 | D22: =D12/D3 -> 1.5833333 | E22: =E12/E3 -> 1.75 | F22: =F12/F3 -> 1.9166667 | G22: =G12/G3 -> 2.0833333 | H22: =H12/H3 -> 2.25 | I22: =I12/I3 -> 2.0138889 | ... M22: =M12/M3 -> 1.7961165
A23: Europe | B23: =B13/B4 -> 1.024 | C23: =C13/C4 -> 1.152 | D23: =D13/D4 -> 1.28 | E23: =E13/E4 -> 1.408 | F23: =F13/F4 -> 1.536 | G23: =G13/G4 -> 1.664 | H23: =H13/H4 -> 1.792 | I23: =I13/I4 -> 1.28 | ... M23: =M13/M4 -> 0.98445596
A24: APAC | B24: =B14/B5 -> 1.4800664 | C24: =C14/C5 -> 2.1378738 | D24: =D14/D5 -> 2.7956811 | E24: =E14/E5 -> 3.4534884 | F24: =F14/F5 -> 4.1112957 | G24: =G14/G5 -> 4.769103 | H24: =H14/H5 -> 5.4269103 | I24: =I14/I5 -> 4.0564784 | ... M24: =M14/M5 -> 5.7608696
A25: LatAM | B25: =B15/B6 -> 1.05 | C25: =C15/C6 -> 1.4 | D25: =D15/D6 -> 1.75 | E25: =E15/E6 -> 2.1 | F25: =F15/F6 -> 2.45 | G25: =G15/G6 -> 2.8 | H25: =H15/H6 -> 3.15 | I25: =I15/I6 -> 3.1111111 | ... M25: =M15/M6 -> 5.3846154
B26: Jan | C26: Feb | D26: Mar | E26: Apr | F26: May | G26: Jun | H26: Jul | I26: Aug | J26: Sep | K26: Oct | L26: Nov | M26: Dec
A27: Monthly Average | B27: =B17/B8 -> 1.1407464 | C27: =C17/C8 -> 1.3606493 | D27: =D17/D8 -> 1.5805522 | E27: =E17/E8 -> 1.8004552 | F27: =F17/F8 -> 2.0203581 | G27: =G17/G8 -> 2.240261 | H27: =H17/H8 -> 2.4601639 | I27: =I17/I8 -> 1.9968592 | ... M27: =M17/M8 -> 1.8768116

Sheet Lead Target by Month CREATE
A1: Revenue
A2: Region | B2: Jan | C2: Feb | D2: Mar | E2: Apr | F2: May | G2: Jun | H2: Jul | I2: Aug | J2: Sep | K2: Oct | L2: Nov | M2: Dec | N2: Look at the revenue numbers your company needs to hit this year and split this by region and month.
A3: North Am
A4: Europe
A5: APAC
A6: LatAM
A8: Average Deal Size
A9: Region | B9: Jan | C9: Feb | D9: Mar | E9: Apr | F9: May | G9: Jun | H9: Jul | I9: Aug | J9: Sep | K9: Oct | L9: Nov | M9: Dec | N9: Look at the average deal size per region and add that to the respective section. This may change during the year to reflect product launches or price changes and should be updated on a regular basis.
A10: North Am
A11: Europe
A12: APAC
A13: LatAM
A15: % Revenue from Marketing
A16: Region | B16: Jan | C16: Feb | D16: Mar | E16: Apr | F16: May | G16: Jun | H16: Jul | I16: Aug | J16: Sep | K16: Oct | L16: Nov | M16: Dec | N16: Here you have to find the percentage of your revenue that is coming from marketing. Based on your go to market strategy and sales structure, this may be very high (85%+) or between 15-25% if your company has a heavily sales focused legacy.
A17: North Am
A18: Europe
A19: APAC
A20: LatAM
A22: Lead to Close
A23: Region | B23: Jan | C23: Feb | D23: Mar | E23: Apr | F23: May | G23: Jun | H23: Jul | I23: Aug | J23: Sep | K23: Oct | L23: Nov | M23: Dec | N23: Look at the average Marketing Qualified Lead to Close rate based on historical data per region. You may want to update this quarterly based on gains on your conversion rates.
A24: North Am
A25: Europe
A26: APAC
A27: LatAM
A29: Target
A30: Region | B30: Jan | C30: Feb | D30: Mar | E30: Apr | F30: May | G30: Jun | H30: Jul | I30: Aug | J30: Sep | K30: Oct | L30: Nov | M30: Dec | N30: Once all of the other fields have been filled out this table calculates the number of leads you need to bring in to successfully hit your revenue goals. Have a go changing the conversion rates and just see how your lead goals go down or up accordingly.
A31: North Am | B31: =((B3/B10)*B17)/B24 -> #DIV/0! | C31: =((C3/C10)*C17)/C24 -> #DIV/0! | D31: =((D3/D10)*D17)/D24 -> #DIV/0! | E31: =((E3/E10)*E17)/E24 -> #DIV/0! | F31: =((F3/F10)*F17)/F24 -> #DIV/0! | G31: =((G3/G10)*G17)/G24 -> #DIV/0! | H31: =((H3/H10)*H17)/H24 -> #DIV/0! | I31: =((I3/I10)*I17)/I24 -> #DIV/0! | ... M31: =((M3/M10)*M17)/M24 -> #DIV/0!
A32: Europe | B32: =((B4/B11)*B18)/B25 -> #DIV/0! | C32: =((C4/C11)*C18)/C25 -> #DIV/0! | D32: =((D4/D11)*D18)/D25 -> #DIV/0! | E32: =((E4/E11)*E18)/E25 -> #DIV/0! | F32: =((F4/F11)*F18)/F25 -> #DIV/0! | G32: =((G4/G11)*G18)/G25 -> #DIV/0! | H32: =((H4/H11)*H18)/H25 -> #DIV/0! | I32: =((I4/I11)*I18)/I25 -> #DIV/0! | ... M32: =((M4/M11)*M18)/M25 -> #DIV/0!
A33: APAC | B33: =((B5/B12)*B19)/B26 -> #DIV/0! | C33: =((C5/C12)*C19)/C26 -> #DIV/0! | D33: =((D5/D12)*D19)/D26 -> #DIV/0! | E33: =((E5/E12)*E19)/E26 -> #DIV/0! | F33: =((F5/F12)*F19)/F26 -> #DIV/0! | G33: =((G5/G12)*G19)/G26 -> #DIV/0! | H33: =((H5/H12)*H19)/H26 -> #DIV/0! | I33: =((I5/I12)*I19)/I26 -> #DIV/0! | ... M33: =((M5/M12)*M19)/M26 -> #DIV/0!
A34: LatAM | B34: =((B6/B13)*B20)/B27 -> #DIV/0! | C34: =((C6/C13)*C20)/C27 -> #DIV/0! | D34: =((D6/D13)*D20)/D27 -> #DIV/0! | E34: =((E6/E13)*E20)/E27 -> #DIV/0! | F34: =((F6/F13)*F20)/F27 -> #DIV/0! | G34: =((G6/G13)*G20)/G27 -> #DIV/0! | H34: =((H6/H13)*H20)/H27 -> #DIV/0! | I34: =((I6/I13)*I20)/I27 -> #DIV/0! | ... M34: =((M6/M13)*M20)/M27 -> #DIV/0!

Sheet Performance Against Plan CREATE
A1: Target
A2: Region | B2: Jan | C2: Feb | D2: Mar | E2: Apr | F2: May | G2: Jun | H2: Jul | I2: Aug | J2: Sep | K2: Oct | L2: Nov | M2: Dec | N2: These fields will autofull with your targets from the previous tab and calculate your total target per month for all of your segments.
A3: North Am | B3: =('Lead Target by Month CREATE'!B31) -> #DIV/0! | C3: =('Lead Target by Month CREATE'!C31) -> #DIV/0! | D3: =('Lead Target by Month CREATE'!D31) -> #DIV/0! | E3: =('Lead Target by Month CREATE'!E31) -> #DIV/0! | F3: =('Lead Target by Month CREATE'!F31) -> #DIV/0! | G3: =('Lead Target by Month CREATE'!G31) -> #DIV/0! | H3: =('Lead Target by Month CREATE'!H31) -> #DIV/0! | I3: =('Lead Target by Month CREATE'!I31) -> #DIV/0! | ... M3: =('Lead Target by Month CREATE'!M31) -> #DIV/0!
A4: Europe | B4: =('Lead Target by Month CREATE'!B32) -> #DIV/0! | C4: =('Lead Target by Month CREATE'!C32) -> #DIV/0! | D4: =('Lead Target by Month CREATE'!D32) -> #DIV/0! | E4: =('Lead Target by Month CREATE'!E32) -> #DIV/0! | F4: =('Lead Target by Month CREATE'!F32) -> #DIV/0! | G4: =('Lead Target by Month CREATE'!G32) -> #DIV/0! | H4: =('Lead Target by Month CREATE'!H32) -> #DIV/0! | I4: =('Lead Target by Month CREATE'!I32) -> #DIV/0! | ... M4: =('Lead Target by Month CREATE'!M32) -> #DIV/0!
A5: APAC | B5: =('Lead Target by Month CREATE'!B33) -> #DIV/0! | C5: =('Lead Target by Month CREATE'!C33) -> #DIV/0! | D5: =('Lead Target by Month CREATE'!D33) -> #DIV/0! | E5: =('Lead Target by Month CREATE'!E33) -> #DIV/0! | F5: =('Lead Target by Month CREATE'!F33) -> #DIV/0! | G5: =('Lead Target by Month CREATE'!G33) -> #DIV/0! | H5: =('Lead Target by Month CREATE'!H33) -> #DIV/0! | I5: =('Lead Target by Month CREATE'!I33) -> #DIV/0! | ... M5: =('Lead Target by Month CREATE'!M33) -> #DIV/0!
A6: LatAM | B6: =('Lead Target by Month CREATE'!B34) -> #DIV/0! | C6: =('Lead Target by Month CREATE'!C34) -> #DIV/0! | D6: =('Lead Target by Month CREATE'!D34) -> #DIV/0! | E6: =('Lead Target by Month CREATE'!E34) -> #DIV/0! | F6: =('Lead Target by Month CREATE'!F34) -> #DIV/0! | G6: =('Lead Target by Month CREATE'!G34) -> #DIV/0! | H6: =('Lead Target by Month CREATE'!H34) -> #DIV/0! | I6: =('Lead Target by Month CREATE'!I34) -> #DIV/0! | ... M6: =('Lead Target by Month CREATE'!M34) -> #DIV/0!
B7: Jan | C7: Feb | D7: Mar | E7: Apr | F7: May | G7: Jun | H7: Jul | I7: Aug | J7: Sep | K7: Oct | L7: Nov | M7: Dec
A8: Total | B8: =SUM(B3:B6) -> #DIV/0! | C8: =SUM(C3:C6) -> #DIV/0! | D8: =SUM(D3:D6) -> #DIV/0! | E8: =SUM(E3:E6) -> #DIV/0! | F8: =SUM(F3:F6) -> #DIV/0! | G8: =SUM(G3:G6) -> #DIV/0! | H8: =SUM(H3:H6) -> #DIV/0! | I8: =SUM(I3:I6) -> #DIV/0! | ... M8: =SUM(M3:M6) -> #DIV/0!
A10: Actual
A11: Region | B11: Jan | C11: Feb | D11: Mar | E11: Apr | F11: May | G11: Jun | H11: Jul | I11: Aug | J11: Sep | K11: Oct | L11: Nov | M11: Dec | N11: Here is where you will add in your actual qualified lead volume every month. This will allow you to track your progress on a monthly basis and identify volume trends.
A12: North Am
A13: Europe
A14: APAC
A15: LatAM
B16: Jan | C16: Feb | D16: Mar | E16: Apr | F16: May | G16: Jun | H16: Jul | I16: Aug | J16: Sep | K16: Oct | L16: Nov | M16: Dec
A17: Total Actual | B17: =SUM(B12:B15) -> 0 | C17: =SUM(C12:C15) -> 0 | D17: =SUM(D12:D15) -> 0 | E17: =SUM(E12:E15) -> 0 | F17: =SUM(F12:F15) -> 0 | G17: =SUM(G12:G15) -> 0 | H17: =SUM(H12:H15) -> 0 | I17: =SUM(I12:I15) -> 0 | ... M17: =SUM(M12:M15) -> 0 | N17: Having these two sections together allows you to chart your progress in the charts below.
A18: Total Target | B18: =SUM(B3:B6) -> #DIV/0! | C18: =SUM(C3:C6) -> #DIV/0! | D18: =SUM(D3:D6) -> #DIV/0! | E18: =SUM(E3:E6) -> #DIV/0! | F18: =SUM(F3:F6) -> #DIV/0! | G18: =SUM(G3:G6) -> #DIV/0! | H18: =SUM(H3:H6) -> #DIV/0! | I18: =SUM(I3:I6) -> #DIV/0! | ... M18: =SUM(M3:M6) -> #DIV/0!
A20: Performance
A21: Region | B21: Jan | C21: Feb | D21: Mar | E21: Apr | F21: May | G21: Jun | H21: Jul | I21: Aug | J21: Sep | K21: Oct | L21: Nov | M21: Dec | N21: Once all of the other fields have been filled out this table calculates the number of leads you need to bring in to successfully hit your revenue goals.
A22: North Am | B22: =B12/B3 -> #DIV/0! | C22: =C12/C3 -> #DIV/0! | D22: =D12/D3 -> #DIV/0! | E22: =E12/E3 -> #DIV/0! | F22: =F12/F3 -> #DIV/0! | G22: =G12/G3 -> #DIV/0! | H22: =H12/H3 -> #DIV/0! | I22: =I12/I3 -> #DIV/0! | ... M22: =M12/M3 -> #DIV/0!
A23: Europe | B23: =B13/B4 -> #DIV/0! | C23: =C13/C4 -> #DIV/0! | D23: =D13/D4 -> #DIV/0! | E23: =E13/E4 -> #DIV/0! | F23: =F13/F4 -> #DIV/0! | G23: =G13/G4 -> #DIV/0! | H23: =H13/H4 -> #DIV/0! | I23: =I13/I4 -> #DIV/0! | ... M23: =M13/M4 -> #DIV/0!
A24: APAC | B24: =B14/B5 -> #DIV/0! | C24: =C14/C5 -> #DIV/0! | D24: =D14/D5 -> #DIV/0! | E24: =E14/E5 -> #DIV/0! | F24: =F14/F5 -> #DIV/0! | G24: =G14/G5 -> #DIV/0! | H24: =H14/H5 -> #DIV/0! | I24: =I14/I5 -> #DIV/0! | ... M24: =M14/M5 -> #DIV/0!
A25: LatAM | B25: =B15/B6 -> #DIV/0! | C25: =C15/C6 -> #DIV/0! | D25: =D15/D6 -> #DIV/0! | E25: =E15/E6 -> #DIV/0! | F25: =F15/F6 -> #DIV/0! | G25: =G15/G6 -> #DIV/0! | H25: =H15/H6 -> #DIV/0! | I25: =I15/I6 -> #DIV/0! | ... M25: =M15/M6 -> #DIV/0!
A26: Region | B26: Jan | C26: Feb | D26: Mar | E26: Apr | F26: May | G26: Jun | H26: Jul | I26: Aug | J26: Sep | K26: Oct | L26: Nov | M26: Dec
A27: Monthly Average | B27: =B17/B8 -> #DIV/0! | C27: =C17/C8 -> #DIV/0! | D27: =D17/D8 -> #DIV/0! | E27: =E17/E8 -> #DIV/0! | F27: =F17/F8 -> #DIV/0! | G27: =G17/G8 -> #DIV/0! | H27: =H17/H8 -> #DIV/0! | I27: =I17/I8 -> #DIV/0! | ... M27: =M17/M8 -> #DIV/0!

Sheet Actuals
A1: Region | B1: Segment | C1: 2015 Quota | D1: 2015 ASP | E1: 2015 % of Revenue from MQLs | G1: 2015 MQLs | H1: 2015 Deals | J1: 2015 MQLs per Rep | L1: 2016 SLA Assumption | N1: % Gap (+ / -) | P1: 2015 Actual per Month | R1: YoY Growth | T1: EOY 2016 HC
A2: UK & I | B2: Small Business | C2: 3600 | D2: 595 | E2: 0.56 | F2: =CONCATENATE(A2,B2) -> UK & ISmall Business | G2: 2009 | H2: 192 | J2: 35.3 | L2: 51.3 | N2: 0.46 | P2: 167.4
A3: UK & I | B3: Mid-Market | C3: 3600 | D3: 1075 | E3: 0.56 | F3: =CONCATENATE(A3,B3) -> UK & IMid-Market | G3: 1844 | H3: 117 | J3: 29.8 | L3: 19.8 | N3: -0.33 | P3: 153.7
A4: UK & I | B4: Corporate | C4: 3600 | D4: 1576 | E4: 0.29 | F4: =CONCATENATE(A4,B4) -> UK & ICorporate | G4: 751 | H4: 49 | J4: 10 | L4: 28.9 | N4: 1.89 | P4: 62.6
A5: UK & I | B5: Partner | C5: 4400 | D5: 830 | E5: 0.49 | F5: =CONCATENATE(A5,B5) -> UK & IPartner | G5: 1444 | H5: 101 | J5: 36.8 | L5: 28.8 | N5: -0.22 | P5: 120.3
A6: Benelux | B6: Mary | C6: 3600 | D6: 1002 | E6: 0.66 | F6: =CONCATENATE(A6,B6) -> BeneluxMary | G6: 1138 | H6: 38 | J6: 70.8 | L6: 47.6 | N6: -0.33 | P6: 94.8
A7: Benelux | B7: Corporate | C7: 3600 | D7: 942 | E7: 0.67 | F7: =CONCATENATE(A7,B7) -> BeneluxCorporate | G7: 276 | H7: 3 | J7: 234.3 | L7: 29.9 | N7: -0.87 | P7: 23
A8: Benelux | B8: Partner | C8: 4400 | D8: 616 | E8: 0.36 | F8: =CONCATENATE(A8,B8) -> BeneluxPartner | G8: 971 | H8: 14 | J8: 177 | L8: 36 | N8: -0.8 | P8: 80.9
A9: Nordics | B9: Mary | C9: 3600 | D9: 940 | E9: 0.56 | F9: =CONCATENATE(A9,B9) -> NordicsMary | G9: 924 | H9: 72 | J9: 27.3 | L9: 47.6 | N9: 0.74 | P9: 77
A10: Nordics | B10: Corporate | C10: 3600 | D10: 1241 | E10: 0.33 | F10: =CONCATENATE(A10,B10) -> NordicsCorporate | G10: 155 | H10: 12 | J10: 12.5 | L10: 34.8 | N10: 1.79 | P10: 12.9
A11: Nordics | B11: Partner | C11: 4400 | D11: 645 | E11: 0.53 | F11: =CONCATENATE(A11,B11) -> NordicsPartner | G11: 392 | H11: 34 | J11: 41.6 | L11: 36 | N11: -0.14 | P11: 32.7
A12: DACH | B12: Direct | C12: 3600 | D12: 950 | E12: 0.77 | F12: =CONCATENATE(A12,B12) -> DACHDirect | G12: 1582 | H12: 62 | J12: 74.9 | L12: 58 | N12: -0.23 | P12: 131.8
A13: DACH | B13: Partner | C13: 4400 | D13: 522 | E13: 0.48 | F13: =CONCATENATE(A13,B13) -> DACHPartner | G13: 573 | H13: 33 | J13: 70.9 | L13: 33.2 | N13: -0.53 | P13: 47.8
... A19: Iberia | B19: Partner | C19: 4400 | D19: 747 | E19: 0.52 | F19: =CONCATENATE(A19,B19) -> IberiaPartner | G19: 597 | H19: 29 | J19: 62.7 | L19: 41.4 | N19: -0.34 | P19: 49.8
A20: CEE | B20: Direct | C20: 3600 | D20: 800 | E20: 0.62 | F20: =CONCATENATE(A20,B20) -> CEEDirect | G20: 1242 | H20: 21 | J20: 164.7 | L20: N/A | N20: N/A | P20: 103.5
A21: CEE | B21: Partner | C21: 4400 | D21: 569 | E21: 0.67 | F21: =CONCATENATE(A21,B21) -> CEEPartner | G21: 514 | H21: 15 | J21: 176.6 | L21: 93.1 | N21: -0.47 | P21: 42.8
A22: MEA | B22: Direct | C22: 3600 | D22: 632 | E22: 0.43 | F22: =CONCATENATE(A22,B22) -> MEADirect | G22: 1279 | H22: 56 | J22: 55.7 | L22: 78.5 | N22: 0.41 | P22: 106.6
A23: MEA | B23: Partner | C23: 4400 | D23: 696 | E23: 0.59 | F23: =CONCATENATE(A23,B23) -> MEAPartner | G23: 523 | H23: 17 | J23: 114.5 | L23: 41.1 | N23: -0.64 | P23: 43.6
A24: ANZ | B24: Mary | C24: 3600 | D24: 1068 | E24: 0.59 | F24: =CONCATENATE(A24,B24) -> ANZMary | G24: 2659 | H24: 171 | J24: 31 | L24: N/A | N24: N/A | P24: 221.6
A25: ANZ | B25: Corporate | C25: 3600 | D25: 1347 | E25: 0.5 | F25: =CONCATENATE(A25,B25) -> ANZCorporate | G25: 319 | H25: 6 | J25: 71.1 | L25: N/A | N25: N/A | P25: 26.6
A26: ANZ | B26: Partner | C26: 4400 | D26: 696 | E26: 0.59 | F26: =CONCATENATE(A26,B26) -> ANZPartner | G26: 822 | H26: 69 | J26: 44.8 | L26: N/A | N26: N/A | P26: 68.5
A27: India | B27: Direct | C27: 3600 | D27: 1575 | E27: 0.67 | F27: =CONCATENATE(A27,B27) -> IndiaDirect | G27: 3056 | H27: 12 | J27: 388 | L27: N/A | N27: N/A | P27: 254.7
A28: India | B28: Partner | C28: 4400 | D28: 608 | E28: 0.6 | F28: =CONCATENATE(A28,B28) -> IndiaPartner | G28: 2376 | H28: 5 | J28: 2063.4 | L28: N/A | N28: N/A | P28: 198
A29: SEA | B29: Direct | C29: 3600 | D29: 950 | E29: 0.83 | F29: =CONCATENATE(A29,B29) -> SEADirect | G29: 1931 | H29: 40 | J29: 151 | L29: N/A | N29: N/A | P29: 160.9
A30: SEA | B30: Partner | C30: 4400 | D30: 674 | E30: 0.5 | F30: =CONCATENATE(A30,B30) -> SEAPartner | G30: 1071 | H30: 8 | J30: 437 | L30: N/A | N30: N/A | P30: 89.3
A31: Japan | B31: Direct | C31: 3600 | D31: 606 | E31: 0.5 | F31: =CONCATENATE(A31,B31) -> JapanDirect | G31: 188 | H31: 6 | J31: 93.1 | L31: N/A | N31: N/A | P31: 15.7
A32: Japan | B32: Partner | C32: 4400 | D32: 744 | E32: 0.88 | F32: =CONCATENATE(A32,B32) -> JapanPartner | G32: 98 | H32: 8 | J32: 63.4 | L32: N/A | N32: N/A | P32: 8.2

Sheet Data Sources
A1: Proposed 2016 SLA Assumption | B1: https://docs.google.com/spreadsheets/d/1URNXOMWPI-UY7YRD8WLBfzUOEvPsuUCaDAGmJZMAarg/edit#gid=311650072
A2: 2015 Actuals | B2: Spreadsheet I sent you guys through yesterday, except % from SP (SFDC report in comment)
A3: EOY 2016 Headcount | B3: https://docs.google.com/spreadsheets/d/1PfuaXg7Q099gF-n2DpIACs6fugnxhCdScBzyIoRzOsU/edit#gid=324369679

Sheet Headcount
A1: Region | B1: Region | C1: Segment | D1: EOY 2016 Capacity | E1: YTD YoY MRR Growth | F1: EOY 2015 | G1: 42370 | H1: 42401 | I1: 42430 | J1: 42461 | K1: 42491 | L1: 42522 | M1: 42552 | N1: 42583 | O1: 42614 | P1: 42644 | Q1: 42675 | R1: 42705
A2: UK & I | B2: EMEA | C2: Small Business | D2: 0.6 | E2: N/A | F2: 4 | G2: 4 | H2: 4 | I2: 4 | J2: 4 | K2: 4 | L2: 4 | M2: 4 | N2: 5 | O2: 7 | P2: 7 | Q2: 7 | R2: 7 | S2: UK & I Small Business
A3: UK & I | B3: EMEA | C3: Mid-Market | D3: 0.9 | E3: N/A | F3: 4 | G3: 5 | H3: 5 | I3: 5 | J3: 5 | K3: 6 | L3: 7 | M3: 7 | N3: 7 | O3: 7 | P3: 7 | Q3: 7 | R3: 7 | S3: UK & I Mid-Market
A4: UK & I | B4: EMEA | C4: Corporate | D4: -0.53 | E4: 1.21 | F4: 2 | G4: 2 | H4: 3 | I4: 3 | J4: 3 | K4: 3 | L4: 3 | M4: 3 | N4: 3 | O4: 3 | P4: 3 | Q4: 3 | R4: 3 | S4: UK & I Corporate
A5: UK & I | B5: EMEA | C5: Partner | D5: 2.44 | E5: 0.84 | F5: 5 | G5: 5 | H5: 5 | I5: 5 | J5: 5 | K5: 5 | L5: 5 | M5: 4 | N5: 4 | O5: 4 | P5: 4 | Q5: 4 | R5: 4 | S5: UK & I Partner
A6: Benelux | B6: EMEA | C6: Mary | D6: -0.29 | E6: 1.71 | F6: 3 | G6: 2 | H6: 2 | I6: 3 | J6: 3 | K6: 3 | L6: 3 | M6: 3 | N6: 3 | O6: 3 | P6: 3 | Q6: 3 | R6: 3 | S6: Benelux Mary
A7: Benelux | B7: EMEA | C7: Corporate | D7: -0.02 | E7: -0.27 | F7: 0.5 | G7: 0.5 | H7: 0.5 | I7: 0.5 | J7: 0.5 | K7: 0.5 | L7: 0.5 | M7: 0.5 | N7: 0.5 | O7: 0.5 | P7: 0.5 | Q7: 0.5 | R7: 0.5 | S7: Benelux Corporate
A8: Benelux | B8: EMEA | C8: Partner | D8: 2.37 | E8: 2.73 | F8: 1.5 | G8: 1.5 | H8: 1.5 | I8: 1.5 | J8: 1 | K8: 1 | L8: 1 | M8: 1 | N8: 0.5 | O8: 0.5 | P8: 0.5 | Q8: 0.5 | R8: 1 | S8: Benelux Partner
A9: Nordics | B9: EMEA | C9: Mary | D9: -1.02 | E9: 1.41 | F9: 3 | G9: 2 | H9: 3 | I9: 3 | J9: 3 | K9: 3 | L9: 3 | M9: 3 | N9: 3 | O9: 3 | P9: 3 | Q9: 3 | R9: 3 | S9: Nordics Mary
A10: Nordics | B10: EMEA | C10: Corporate | D10: -0.14 | E10: 10.09 | F10: 0.5 | G10: 0.5 | H10: 0.5 | I10: 0.5 | J10: 0.5 | K10: 0.5 | L10: 0.5 | M10: 0.5 | N10: 0.5 | O10: 0.5 | P10: 0.5 | Q10: 0.5 | R10: 0.5 | S10: Nordics Corporate
A11: Nordics | B11: EMEA | C11: Partner | D11: 1.54 | E11: 1.51 | F11: 1.5 | G11: 1.5 | H11: 1.5 | I11: 1.5 | J11: 1 | K11: 1 | L11: 1 | M11: 1 | N11: 0.5 | O11: 0.5 | P11: 0.5 | Q11: 0.5 | R11: 1 | S11: Nordics Partner
A12: DACH | B12: EMEA | C12: Direct | D12: -0.06 | E12: 2.75 | F12: 2 | G12: 2 | H12: 2 | I12: 2 | J12: 2 | K12: 2 | L12: 2 | M12: 2 | N12: 2 | O12: 2 | P12: 2 | Q12: 2 | R12: 2 | S12: DACH Direct
A13: DACH | B13: EMEA | C13: Partner | D13: 2.09 | E13: 0.94 | F13: 2 | G13: 2 | H13: 1 | I13: 1 | J13: 1 | K13: 1 | L13: 1 | M13: 2 | N13: 2 | O13: 2 | P13: 2 | Q13: 3 | R13: 3 | S13: DACH Partner
A14: France | B14: EMEA | C14: Direct | D14: 1.32 | E14: 1.02 | F14: 1 | G14: 1 | H14: 1 | I14: 2 | J14: 2 | K14: 2 | L14: 2 | M14: 2 | N14: 2 | O14: 2 | P14: 2 | Q14: 2 | R14: 2 | S14: France Direct
A15: France | B15: EMEA | C15: Partner | D15: 0.79 | E15: 3.5 | F15: 1 | G15: 1 | H15: 1 | I15: 1 | J15: 1 | K15: 2 | L15: 2 | M15: 2 | N15: 2 | O15: 2 | P15: 1 | Q15: 1 | R15: 1 | S15: France Partner
... A35: Brazil | B35: LATAM | C35: Partner | D35: 1.65 | E35: 0.24 | F35: 1 | G35: 0 | H35: 0 | I35: 0 | J35: 0 | K35: 0 | L35: 0 | M35: 0 | N35: 0 | O35: 0 | P35: 0 | Q35: 0 | R35: 0 | S35: Brazil Partner
A36: Farmer | B36: EMEA | D36: N/A | E36: N/A | F36: 8 | G36: 7 | H36: 8 | I36: 8 | J36: 9 | K36: 9 | L36: 9 | M36: 10 | N36: 11 | O36: 11 | P36: 12 | Q36: 12 | R36: 12 | S36: Farmer
A37: Farmer | B37: APAC | D37: N/A | E37: N/A | F37: 1 | G37: 1 | H37: 1 | I37: 3 | J37: 3 | K37: 3 | L37: 3 | M37: 3 | N37: 4 | O37: 4 | P37: 4 | Q37: 4 | R37: 4 | S37: Farmer
A38: Farmer | B38: LATAM | D38: N/A | E38: N/A | F38: 2 | G38: 2 | H38: 2 | I38: 2 | J38: 2 | K38: 2 | L38: 2 | M38: 2 | N38: 2 | O38: 2 | P38: 2 | Q38: 2 | R38: 2 | S38: Farmer
A39: Total (excluding attrition) | B39: Total (excluding attrition) | C39: Total (excluding attrition) | D39: 52.4 | E39: N/A | F39: 60 | G39: 63 | H39: 70 | I39: 72 | J39: 74 | K39: 77 | L39: 80 | M39: 83 | N39: 85 | O39: 90 | P39: 92 | Q39: 95 | R39: 97 | S39: Total (excluding attrition) Total (excluding attrition)
