Workbook
Name Owner: 'Owner List'!$C$6:$C$30

Sheet Owner List
B2: OWNER LIST
B4: No | C4: Item Owner's Name | D4: Owner's Phone | E4: Item
E5: Total Listed | F5: Sold (Unit) | G5: Sold (Amount)
B6: 1 | C6: John Doe 1 | E6: =COUNTIF('Item List'!F:F,'Owner List'!C6) -> 3 | F6: =COUNTIFS('Item List'!F:F,'Owner List'!C6,'Item List'!J:J,">0") -> 1 | G6: =SUMIFS('Item List'!J:J,'Item List'!F:F,'Owner List'!C6) -> 25
B7: 2 | C7: John Doe 2 | E7: =COUNTIF('Item List'!F:F,'Owner List'!C7) -> 4 | F7: =COUNTIFS('Item List'!F:F,'Owner List'!C7,'Item List'!J:J,">0") -> 3 | G7: =SUMIFS('Item List'!J:J,'Item List'!F:F,'Owner List'!C7) -> 170
B8: 3 | C8: John Doe 3 | E8: =COUNTIF('Item List'!F:F,'Owner List'!C8) -> 0 | F8: =COUNTIFS('Item List'!F:F,'Owner List'!C8,'Item List'!J:J,">0") -> 0 | G8: =SUMIFS('Item List'!J:J,'Item List'!F:F,'Owner List'!C8) -> 0
B9: 4 | C9: John Doe 4 | E9: =COUNTIF('Item List'!F:F,'Owner List'!C9) -> 0 | F9: =COUNTIFS('Item List'!F:F,'Owner List'!C9,'Item List'!J:J,">0") -> 0 | G9: =SUMIFS('Item List'!J:J,'Item List'!F:F,'Owner List'!C9) -> 0
B10: 5 | C10: John Doe 5 | E10: =COUNTIF('Item List'!F:F,'Owner List'!C10) -> 0 | F10: =COUNTIFS('Item List'!F:F,'Owner List'!C10,'Item List'!J:J,">0") -> 0 | G10: =SUMIFS('Item List'!J:J,'Item List'!F:F,'Owner List'!C10) -> 0
B11: 6 | C11: John Doe 6 | E11: =COUNTIF('Item List'!F:F,'Owner List'!C11) -> 0 | F11: =COUNTIFS('Item List'!F:F,'Owner List'!C11,'Item List'!J:J,">0") -> 0 | G11: =SUMIFS('Item List'!J:J,'Item List'!F:F,'Owner List'!C11) -> 0
B12: 7 | C12: John Doe 7 | E12: =COUNTIF('Item List'!F:F,'Owner List'!C12) -> 0 | F12: =COUNTIFS('Item List'!F:F,'Owner List'!C12,'Item List'!J:J,">0") -> 0 | G12: =SUMIFS('Item List'!J:J,'Item List'!F:F,'Owner List'!C12) -> 0
B13: 8 | C13: John Doe 8 | E13: =COUNTIF('Item List'!F:F,'Owner List'!C13) -> 0 | F13: =COUNTIFS('Item List'!F:F,'Owner List'!C13,'Item List'!J:J,">0") -> 0 | G13: =SUMIFS('Item List'!J:J,'Item List'!F:F,'Owner List'!C13) -> 0
B14: 9 | C14: John Doe 9 | E14: =COUNTIF('Item List'!F:F,'Owner List'!C14) -> 0 | F14: =COUNTIFS('Item List'!F:F,'Owner List'!C14,'Item List'!J:J,">0") -> 0 | G14: =SUMIFS('Item List'!J:J,'Item List'!F:F,'Owner List'!C14) -> 0
B15: 10 | C15: John Doe 10 | E15: =COUNTIF('Item List'!F:F,'Owner List'!C15) -> 0 | F15: =COUNTIFS('Item List'!F:F,'Owner List'!C15,'Item List'!J:J,">0") -> 0 | G15: =SUMIFS('Item List'!J:J,'Item List'!F:F,'Owner List'!C15) -> 0
B16: 11 | C16: John Doe 11 | E16: =COUNTIF('Item List'!F:F,'Owner List'!C16) -> 0 | F16: =COUNTIFS('Item List'!F:F,'Owner List'!C16,'Item List'!J:J,">0") -> 0 | G16: =SUMIFS('Item List'!J:J,'Item List'!F:F,'Owner List'!C16) -> 0
B17: 12 | C17: John Doe 12 | E17: =COUNTIF('Item List'!F:F,'Owner List'!C17) -> 0 | F17: =COUNTIFS('Item List'!F:F,'Owner List'!C17,'Item List'!J:J,">0") -> 0 | G17: =SUMIFS('Item List'!J:J,'Item List'!F:F,'Owner List'!C17) -> 0
... B30: 25 | C30: John Doe 25 | E30: =COUNTIF('Item List'!F:F,'Owner List'!C30) -> 0 | F30: =COUNTIFS('Item List'!F:F,'Owner List'!C30,'Item List'!J:J,">0") -> 0 | G30: =SUMIFS('Item List'!J:J,'Item List'!F:F,'Owner List'!C30) -> 0
B32: © 2021 - ExcelTemplate.net

Sheet Item List
B2: GARAGE SALE SUMMARY
B4: No | C4: Item Code | D4: Item Name | E4: Description | F4: Owner | G4: First Sale Date | H4: Market Price | I4: Sticker Price | J4: Actual Sale Price | K4: Sold Date | L4: Sold to | M4: Buyer Phone
B5: 1 | C5: GS001 | D5: Guitar | E5: with Bon Jovi Signature | F5: John Doe 1 | G5: 44013 | H5: 50 | I5: 30 | J5: 25 | K5: 44013 | L5: Jane Doe 1
B6: 2 | C6: GS002 | D6: Barbie Doll | F6: John Doe 1 | G6: 44013 | H6: 10 | I6: 10
B7: 3 | C7: GS003 | D7: Barbie Doll | F7: John Doe 1 | G7: 44013 | H7: 10 | I7: 10
B8: 4 | C8: GS004 | D8: Michael Jordan Card | F8: John Doe 2 | G8: 44013 | H8: 15 | I8: 15 | J8: 10 | K8: 44013 | L8: Jane Doe 2
B9: 5 | C9: GS005 | D9: Michael Jordan Card | F9: John Doe 2 | G9: 44013 | H9: 15 | I9: 15 | J9: 10 | K9: 44013 | L9: Jane Doe 2
B10: 6 | C10: GS006 | D10: Basketball Kobe Signature | F10: John Doe 2 | G10: 44013 | H10: 200 | I10: 300
B11: 7 | C11: GS007 | D11: Wolverine Comic Book 1st Edition | F11: John Doe 2 | G11: 44013 | H11: 100 | I11: 200 | J11: 150 | K11: 44013 | L11: John Doe 100
B12: 8 | C12: GS008
B13: 9 | C13: GS009
B14: 10 | C14: GS010
B15: 11 | C15: GS011
B16: 12 | C16: GS012
B17: 13 | C17: GS013
B18: 14 | C18: GS014
B19: 15 | C19: GS015
B20: 16
B21: 17
B22: 18
B23: 19
B24: 20
B25: 21
B26: 22
B27: 23
B28: 24
B29: 25
B30: 26
B31: 27
... B54: 50
B56: © 2021 - ExcelTemplate.net

Sheet Copyright
A40: Need help? Please see this page for information:
A41: https://exceltemplate.net/support/

Sheet Copyright-2
A40: Need help? Please see this page for information:
A41: https://exceltemplate.net/support/
