Workbook

Sheet Attendance
B1: HOMESCHOOL ATTENDANCE SHEET
B3: School Term | R3: School Name
B4: State | R4: County
B5: Student's Name
B6: Chief Administrator
B8: Month | C8: 1 | D8: 2 | E8: 3 | F8: 4 | G8: 5 | H8: 6 | I8: 7 | J8: 8 | K8: 9 | L8: 10 | M8: 11 | N8: 12 | O8: 13 | P8: 14 | Q8: 15 | R8: 16 | S8: 17 | T8: 18 | U8: 19 | V8: 20 | W8: 21 | X8: 22 | Y8: 23 | Z8: 24 | AA8: 25 | AB8: 26 | AC8: 27 | AD8: 28 | AE8: 29 | AF8: 30 | AG8: 31 | AH8: Total
A9: =Setup!A4 -> 7 | B9: =VLOOKUP(A9,Setup!$B$7:$C$18,2,FALSE) -> July
A10: =IF(A9=12,1,A9+1) -> 8 | B10: =VLOOKUP(A10,Setup!$B$7:$C$18,2,FALSE) -> August
A11: =IF(A10=12,1,A10+1) -> 9 | B11: =VLOOKUP(A11,Setup!$B$7:$C$18,2,FALSE) -> September
A12: =IF(A11=12,1,A11+1) -> 10 | B12: =VLOOKUP(A12,Setup!$B$7:$C$18,2,FALSE) -> October
A13: =IF(A12=12,1,A12+1) -> 11 | B13: =VLOOKUP(A13,Setup!$B$7:$C$18,2,FALSE) -> November
A14: =IF(A13=12,1,A13+1) -> 12 | B14: =VLOOKUP(A14,Setup!$B$7:$C$18,2,FALSE) -> December
A15: =IF(A14=12,1,A14+1) -> 1 | B15: =VLOOKUP(A15,Setup!$B$7:$C$18,2,FALSE) -> January
A16: =IF(A15=12,1,A15+1) -> 2 | B16: =VLOOKUP(A16,Setup!$B$7:$C$18,2,FALSE) -> February
A17: =IF(A16=12,1,A16+1) -> 3 | B17: =VLOOKUP(A17,Setup!$B$7:$C$18,2,FALSE) -> March
A18: =IF(A17=12,1,A17+1) -> 4 | B18: =VLOOKUP(A18,Setup!$B$7:$C$18,2,FALSE) -> April
A19: =IF(A18=12,1,A18+1) -> 5 | B19: =VLOOKUP(A19,Setup!$B$7:$C$18,2,FALSE) -> May
A20: =IF(A19=12,1,A19+1) -> 6 | B20: =VLOOKUP(A20,Setup!$B$7:$C$18,2,FALSE) -> June
B22: Chief Administrator Signature
B23: Date
B26: © 2021 - ExcelTemplate.net

Sheet Setup
B3: Starting Month
A4: =INDEX(B7:B18,MATCH(B4,C7:C18,0),0) -> 7 | B4: July
B6: Month Name
B7: 1 | C7: January
B8: 2 | C8: February
B9: 3 | C9: March
B10: 4 | C10: April
B11: 5 | C11: May
B12: 6 | C12: June
B13: 7 | C13: July
B14: 8 | C14: August
B15: 9 | C15: September
B16: 10 | C16: October
B17: 11 | C17: November
B18: 12 | C18: December

Sheet Copyright
A40: Need help? Please see this page for information:
A41: https://exceltemplate.net/support/

Sheet Copyright-2
A40: Need help? Please see this page for information:
A41: https://exceltemplate.net/support/
