Workbook
Name Event: Setup!$M$5:$M$24
Name Event_Date: Setup!$L$5:$L$24
Name HighP: Schedule!$G$32
Name Holiday: Setup!$I$5:$I$24
Name Holiday_Date: Setup!$H$5:$H$24
Name LowP: Schedule!$G$34
Name MediumP: Schedule!$G$33
Name MonthRef: Setup!$O$5:$O$16
Name Months: Setup!$P$5:$P$16
Name Priority: Schedule!$G$32:$G$34
Name StartMonth: Setup!$E$4

Sheet Setup
B2: 2019 MONTHLY CALENDAR - EVENT TABLE
B4: MONTH | E4: January | G4: NO | H4: DATE | I4: HOLIDAY | K4: NO | L4: DATE | M4: IMPORTANT EVENT | O4: Month References
G5: 1 | H5: 44197 | I5: New Year’s Day | K5: 1 | L5: 44198 | M5: Company Birthday | O5: 1 | P5: January
B6: YEAR | E6: 2021 | G6: 2 | H6: =DATE(E6,1,1)+IF(2<WEEKDAY(DATE(E6,1,1)),7-WEEKDAY(DATE(E6,1,1))+2,2-WEEKDAY(DATE(E6,1,1)))+((3-1)*7) -> 44214 | I6: Martin Luther King, Jr. Day | K6: 2 | L6: 44354 | M6: Jane Doe Birthday | O6: 2 | P6: February
G7: 3 | H7: =DATE(E6,2,1)+IF(2<WEEKDAY(DATE(E6,2,1)),7-WEEKDAY(DATE(E6,2,1))+2,2-WEEKDAY(DATE(E6,2,1)))+((3-1)*7) -> 44242 | I7: Presidents’ Day | K7: 3 | L7: 44426 | M7: Jane Doe Show | O7: 3 | P7: March
G8: 4 | H8: =DATE(E6,6,1)+IF(2<WEEKDAY(DATE(E6,6,1)),7-WEEKDAY(DATE(E6,6,1))+2,2-WEEKDAY(DATE(E6,6,1)))+((1-1)*7)-7 -> 44347 | I8: Memorial Day | K8: 4 | L8: 44264 | M8: John Doe Birthday | O8: 4 | P8: April
G9: 5 | H9: =DATE(E6,7,4) -> 44381 | I9: Independence Day | K9: 5 | O9: 5 | P9: May
G10: 6 | H10: =DATE(E6,9,1)+IF(2<WEEKDAY(DATE(E6,9,1)),7-WEEKDAY(DATE(E6,9,1))+2,2-WEEKDAY(DATE(E6,9,1)))+((1-1)*7) -> 44445 | I10: Labor Day | K10: 6 | O10: 6 | P10: June
G11: 7 | H11: =DATE(E6,11,11) -> 44511 | I11: Veterans Day | K11: 7 | O11: 7 | P11: July
G12: 8 | H12: =DATE(E6,10,1)+IF(2<WEEKDAY(DATE(E6,10,1)),7-WEEKDAY(DATE(E6,10,1))+2,2-WEEKDAY(DATE(E6,10,1)))+((2-1)*7) -> 44480 | I12: Columbus Day | K12: 8 | O12: 8 | P12: August
G13: 9 | H13: =DATE(E6,11,1)+IF(5<WEEKDAY(DATE(E6,11,1)),7-WEEKDAY(DATE(E6,11,1))+5,5-WEEKDAY(DATE(E6,11,1)))+((4-1)*7) -> 44525 | I13: Thanksgiving Day | K13: 9 | O13: 9 | P13: September
G14: 10 | H14: =DATE(E6,12,25) -> 44555 | I14: Christmas Day | K14: 10 | O14: 10 | P14: October
G15: 11 | H15: 43613 | I15: New Holiday | K15: 11 | O15: 11 | P15: November
G16: 12 | K16: 12 | O16: 12 | P16: December
G17: 13 | K17: 13
G18: 14 | K18: 14
G19: 15 | K19: 15
G20: 16 | K20: 16
G21: 17 | K21: 17
G22: 18 | K22: 18
G23: 19 | K23: 19
G24: 20 | K24: 20
B26: © 2021 - ExcelTemplate.net

Sheet Schedule
A2: ="MONTHLY SCHEDULE - "&UPPER(TEXT(DATE(P30,S30,M15),"mmmm yyyy")) -> MONTHLY SCHEDULE - JANUARY 2021
A4: MONDAY | D4: TUESDAY | G4: WEDNESDAY | J4: THURSDAY | M4: FRIDAY | P4: SATURDAY | S4: SUNDAY
A5: =IF(WEEKDAY(DATE($P$30,$S$30,1),2)=1,1,"") | B5: =IF(A5<>"",IF(ISNA(VLOOKUP(DATE($P$30,$S$30,A5),Setup!$L$5:$M$24,2,FALSE)),IF(ISNA(VLOOKUP(DATE($P$30,$S$30,A5),Setup!$H$5:$I$24,2,FALSE)),"",VLOOKUP(DATE($P$30,$S$30,A5),Setup!$H$5:$I$24,2,FALSE)),VLOOKUP(DATE($P$30,$S$30,A5),Setup!$L$5:$M$24,2,FALSE)),"") | D5: =IF(A5<>"",A5+1,IF(WEEKDAY(DATE($P$30,$S$30,1),2)=2,1,"")) | E5: =IF(D5<>"",IF(ISNA(VLOOKUP(DATE($P$30,$S$30,D5),Setup!$L$5:$M$24,2,FALSE)),IF(ISNA(VLOOKUP(DATE($P$30,$S$30,D5),Setup!$H$5:$I$24,2,FALSE)),"",VLOOKUP(DATE($P$30,$S$30,D5),Setup!$H$5:$I$24,2,FALSE)),VLOOKUP(DATE($P$30,$S$30,D5),Setup!$L$5:$M$24,2,FALSE)),"") | G5: =IF(D5<>"",D5+1,IF(WEEKDAY(DATE($P$30,$S$30,1),2)=3,1,"")) | H5: =IF(G5<>"",IF(ISNA(VLOOKUP(DATE($P$30,$S$30,G5),Setup!$L$5:$M$24,2,FALSE)),IF(ISNA(VLOOKUP(DATE($P$30,$S$30,G5),Setup!$H$5:$I$24,2,FALSE)),"",VLOOKUP(DATE($P$30,$S$30,G5),Setup!$H$5:$I$24,2,FALSE)),VLOOKUP(DATE($P$30,$S$30,G5),Setup!$L$5:$M$24,2,FALSE)),"") | J5: =IF(G5<>"",G5+1,IF(WEEKDAY(DATE($P$30,$S$30,1),2)=4,1,"")) | K5: =IF(J5<>"",IF(ISNA(VLOOKUP(DATE($P$30,$S$30,J5),Setup!$L$5:$M$24,2,FALSE)),IF(ISNA(VLOOKUP(DATE($P$30,$S$30,J5),Setup!$H$5:$I$24,2,FALSE)),"",VLOOKUP(DATE($P$30,$S$30,J5),Setup!$H$5:$I$24,2,FALSE)),VLOOKUP(DATE($P$30,$S$30,J5),Setup!$L$5:$M$24,2,FALSE)),"") | M5: =IF(J5<>"",J5+1,IF(WEEKDAY(DATE($P$30,$S$30,1),2)=5,1,"")) -> 1 | N5: =IF(M5<>"",IF(ISNA(VLOOKUP(DATE($P$30,$S$30,M5),Setup!$L$5:$M$24,2,FALSE)),IF(ISNA(VLOOKUP(DATE($P$30,$S$30,M5),Setup!$H$5:$I$24,2,FALSE)),"",VLOOKUP(DATE($P$30,$S$30,M5),Setup!$H$5:$I$24,2,FALSE)),VLOOKUP(DATE($P$30,$S$30,M5),Setup!$L$5:$M$24,2,FALSE)),"") -> New Year’s Day | P5: =IF(M5<>"",M5+1,IF(WEEKDAY(DATE($P$30,$S$30,1),2)=6,1,"")) -> 2 | Q5: =IF(P5<>"",IF(ISNA(VLOOKUP(DATE($P$30,$S$30,P5),Setup!$L$5:$M$24,2,FALSE)),IF(ISNA(VLOOKUP(DATE($P$30,$S$30,P5),Setup!$H$5:$I$24,2,FALSE)),"",VLOOKUP(DATE($P$30,$S$30,P5),Setup!$H$5:$I$24,2,FALSE)),VLOOKUP(DATE($P$30,$S$30,P5),Setup!$L$5:$M$24,2,FALSE)),"") -> Company Birthday | S5: =IF(P5<>"",P5+1,IF(WEEKDAY(DATE($P$30,$S$30,1),2)=7,1,"")) -> 3 | T5: =IF(S5<>"",IF(ISNA(VLOOKUP(DATE($P$30,$S$30,S5),Setup!$L$5:$M$24,2,FALSE)),IF(ISNA(VLOOKUP(DATE($P$30,$S$30,S5),Setup!$H$5:$I$24,2,FALSE)),"",VLOOKUP(DATE($P$30,$S$30,S5),Setup!$H$5:$I$24,2,FALSE)),VLOOKUP(DATE($P$30,$S$30,S5),Setup!$L$5:$M$24,2,FALSE)),"")
A10: =S5+1 -> 4 | B10: =IF(A10<>"",IF(ISNA(VLOOKUP(DATE($P$30,$S$30,A10),Setup!$L$5:$M$24,2,FALSE)),IF(ISNA(VLOOKUP(DATE($P$30,$S$30,A10),Setup!$H$5:$I$24,2,FALSE)),"",VLOOKUP(DATE($P$30,$S$30,A10),Setup!$H$5:$I$24,2,FALSE)),VLOOKUP(DATE($P$30,$S$30,A10),Setup!$L$5:$M$24,2,FALSE)),"") | D10: =A10+1 -> 5 | E10: =IF(D10<>"",IF(ISNA(VLOOKUP(DATE($P$30,$S$30,D10),Setup!$L$5:$M$24,2,FALSE)),IF(ISNA(VLOOKUP(DATE($P$30,$S$30,D10),Setup!$H$5:$I$24,2,FALSE)),"",VLOOKUP(DATE($P$30,$S$30,D10),Setup!$H$5:$I$24,2,FALSE)),VLOOKUP(DATE($P$30,$S$30,D10),Setup!$L$5:$M$24,2,FALSE)),"") | G10: =D10+1 -> 6 | H10: =IF(G10<>"",IF(ISNA(VLOOKUP(DATE($P$30,$S$30,G10),Setup!$L$5:$M$24,2,FALSE)),IF(ISNA(VLOOKUP(DATE($P$30,$S$30,G10),Setup!$H$5:$I$24,2,FALSE)),"",VLOOKUP(DATE($P$30,$S$30,G10),Setup!$H$5:$I$24,2,FALSE)),VLOOKUP(DATE($P$30,$S$30,G10),Setup!$L$5:$M$24,2,FALSE)),"") | J10: =G10+1 -> 7 | K10: =IF(J10<>"",IF(ISNA(VLOOKUP(DATE($P$30,$S$30,J10),Setup!$L$5:$M$24,2,FALSE)),IF(ISNA(VLOOKUP(DATE($P$30,$S$30,J10),Setup!$H$5:$I$24,2,FALSE)),"",VLOOKUP(DATE($P$30,$S$30,J10),Setup!$H$5:$I$24,2,FALSE)),VLOOKUP(DATE($P$30,$S$30,J10),Setup!$L$5:$M$24,2,FALSE)),"") | M10: =J10+1 -> 8 | N10: =IF(M10<>"",IF(ISNA(VLOOKUP(DATE($P$30,$S$30,M10),Setup!$L$5:$M$24,2,FALSE)),IF(ISNA(VLOOKUP(DATE($P$30,$S$30,M10),Setup!$H$5:$I$24,2,FALSE)),"",VLOOKUP(DATE($P$30,$S$30,M10),Setup!$H$5:$I$24,2,FALSE)),VLOOKUP(DATE($P$30,$S$30,M10),Setup!$L$5:$M$24,2,FALSE)),"") | P10: =M10+1 -> 9 | Q10: =IF(P10<>"",IF(ISNA(VLOOKUP(DATE($P$30,$S$30,P10),Setup!$L$5:$M$24,2,FALSE)),IF(ISNA(VLOOKUP(DATE($P$30,$S$30,P10),Setup!$H$5:$I$24,2,FALSE)),"",VLOOKUP(DATE($P$30,$S$30,P10),Setup!$H$5:$I$24,2,FALSE)),VLOOKUP(DATE($P$30,$S$30,P10),Setup!$L$5:$M$24,2,FALSE)),"") | S10: =P10+1 -> 10 | T10: =IF(S10<>"",IF(ISNA(VLOOKUP(DATE($P$30,$S$30,S10),Setup!$L$5:$M$24,2,FALSE)),IF(ISNA(VLOOKUP(DATE($P$30,$S$30,S10),Setup!$H$5:$I$24,2,FALSE)),"",VLOOKUP(DATE($P$30,$S$30,S10),Setup!$H$5:$I$24,2,FALSE)),VLOOKUP(DATE($P$30,$S$30,S10),Setup!$L$5:$M$24,2,FALSE)),"")
A15: =S10+1 -> 11 | B15: =IF(A15<>"",IF(ISNA(VLOOKUP(DATE($P$30,$S$30,A15),Setup!$L$5:$M$24,2,FALSE)),IF(ISNA(VLOOKUP(DATE($P$30,$S$30,A15),Setup!$H$5:$I$24,2,FALSE)),"",VLOOKUP(DATE($P$30,$S$30,A15),Setup!$H$5:$I$24,2,FALSE)),VLOOKUP(DATE($P$30,$S$30,A15),Setup!$L$5:$M$24,2,FALSE)),"") | D15: =A15+1 -> 12 | E15: =IF(D15<>"",IF(ISNA(VLOOKUP(DATE($P$30,$S$30,D15),Setup!$L$5:$M$24,2,FALSE)),IF(ISNA(VLOOKUP(DATE($P$30,$S$30,D15),Setup!$H$5:$I$24,2,FALSE)),"",VLOOKUP(DATE($P$30,$S$30,D15),Setup!$H$5:$I$24,2,FALSE)),VLOOKUP(DATE($P$30,$S$30,D15),Setup!$L$5:$M$24,2,FALSE)),"") | G15: =D15+1 -> 13 | H15: =IF(G15<>"",IF(ISNA(VLOOKUP(DATE($P$30,$S$30,G15),Setup!$L$5:$M$24,2,FALSE)),IF(ISNA(VLOOKUP(DATE($P$30,$S$30,G15),Setup!$H$5:$I$24,2,FALSE)),"",VLOOKUP(DATE($P$30,$S$30,G15),Setup!$H$5:$I$24,2,FALSE)),VLOOKUP(DATE($P$30,$S$30,G15),Setup!$L$5:$M$24,2,FALSE)),"") | J15: =G15+1 -> 14 | K15: =IF(J15<>"",IF(ISNA(VLOOKUP(DATE($P$30,$S$30,J15),Setup!$L$5:$M$24,2,FALSE)),IF(ISNA(VLOOKUP(DATE($P$30,$S$30,J15),Setup!$H$5:$I$24,2,FALSE)),"",VLOOKUP(DATE($P$30,$S$30,J15),Setup!$H$5:$I$24,2,FALSE)),VLOOKUP(DATE($P$30,$S$30,J15),Setup!$L$5:$M$24,2,FALSE)),"") | M15: =J15+1 -> 15 | N15: =IF(M15<>"",IF(ISNA(VLOOKUP(DATE($P$30,$S$30,M15),Setup!$L$5:$M$24,2,FALSE)),IF(ISNA(VLOOKUP(DATE($P$30,$S$30,M15),Setup!$H$5:$I$24,2,FALSE)),"",VLOOKUP(DATE($P$30,$S$30,M15),Setup!$H$5:$I$24,2,FALSE)),VLOOKUP(DATE($P$30,$S$30,M15),Setup!$L$5:$M$24,2,FALSE)),"") | P15: =M15+1 -> 16 | Q15: =IF(P15<>"",IF(ISNA(VLOOKUP(DATE($P$30,$S$30,P15),Setup!$L$5:$M$24,2,FALSE)),IF(ISNA(VLOOKUP(DATE($P$30,$S$30,P15),Setup!$H$5:$I$24,2,FALSE)),"",VLOOKUP(DATE($P$30,$S$30,P15),Setup!$H$5:$I$24,2,FALSE)),VLOOKUP(DATE($P$30,$S$30,P15),Setup!$L$5:$M$24,2,FALSE)),"") | S15: =P15+1 -> 17 | T15: =IF(S15<>"",IF(ISNA(VLOOKUP(DATE($P$30,$S$30,S15),Setup!$L$5:$M$24,2,FALSE)),IF(ISNA(VLOOKUP(DATE($P$30,$S$30,S15),Setup!$H$5:$I$24,2,FALSE)),"",VLOOKUP(DATE($P$30,$S$30,S15),Setup!$H$5:$I$24,2,FALSE)),VLOOKUP(DATE($P$30,$S$30,S15),Setup!$L$5:$M$24,2,FALSE)),"")
A20: =S15+1 -> 18 | B20: =IF(A20<>"",IF(ISNA(VLOOKUP(DATE($P$30,$S$30,A20),Setup!$L$5:$M$24,2,FALSE)),IF(ISNA(VLOOKUP(DATE($P$30,$S$30,A20),Setup!$H$5:$I$24,2,FALSE)),"",VLOOKUP(DATE($P$30,$S$30,A20),Setup!$H$5:$I$24,2,FALSE)),VLOOKUP(DATE($P$30,$S$30,A20),Setup!$L$5:$M$24,2,FALSE)),"") -> Martin Luther King, Jr. Day | D20: =A20+1 -> 19 | E20: =IF(D20<>"",IF(ISNA(VLOOKUP(DATE($P$30,$S$30,D20),Setup!$L$5:$M$24,2,FALSE)),IF(ISNA(VLOOKUP(DATE($P$30,$S$30,D20),Setup!$H$5:$I$24,2,FALSE)),"",VLOOKUP(DATE($P$30,$S$30,D20),Setup!$H$5:$I$24,2,FALSE)),VLOOKUP(DATE($P$30,$S$30,D20),Setup!$L$5:$M$24,2,FALSE)),"") | G20: =D20+1 -> 20 | H20: =IF(G20<>"",IF(ISNA(VLOOKUP(DATE($P$30,$S$30,G20),Setup!$L$5:$M$24,2,FALSE)),IF(ISNA(VLOOKUP(DATE($P$30,$S$30,G20),Setup!$H$5:$I$24,2,FALSE)),"",VLOOKUP(DATE($P$30,$S$30,G20),Setup!$H$5:$I$24,2,FALSE)),VLOOKUP(DATE($P$30,$S$30,G20),Setup!$L$5:$M$24,2,FALSE)),"") | J20: =G20+1 -> 21 | K20: =IF(J20<>"",IF(ISNA(VLOOKUP(DATE($P$30,$S$30,J20),Setup!$L$5:$M$24,2,FALSE)),IF(ISNA(VLOOKUP(DATE($P$30,$S$30,J20),Setup!$H$5:$I$24,2,FALSE)),"",VLOOKUP(DATE($P$30,$S$30,J20),Setup!$H$5:$I$24,2,FALSE)),VLOOKUP(DATE($P$30,$S$30,J20),Setup!$L$5:$M$24,2,FALSE)),"") | M20: =J20+1 -> 22 | N20: =IF(M20<>"",IF(ISNA(VLOOKUP(DATE($P$30,$S$30,M20),Setup!$L$5:$M$24,2,FALSE)),IF(ISNA(VLOOKUP(DATE($P$30,$S$30,M20),Setup!$H$5:$I$24,2,FALSE)),"",VLOOKUP(DATE($P$30,$S$30,M20),Setup!$H$5:$I$24,2,FALSE)),VLOOKUP(DATE($P$30,$S$30,M20),Setup!$L$5:$M$24,2,FALSE)),"") | P20: =M20+1 -> 23 | Q20: =IF(P20<>"",IF(ISNA(VLOOKUP(DATE($P$30,$S$30,P20),Setup!$L$5:$M$24,2,FALSE)),IF(ISNA(VLOOKUP(DATE($P$30,$S$30,P20),Setup!$H$5:$I$24,2,FALSE)),"",VLOOKUP(DATE($P$30,$S$30,P20),Setup!$H$5:$I$24,2,FALSE)),VLOOKUP(DATE($P$30,$S$30,P20),Setup!$L$5:$M$24,2,FALSE)),"") | S20: =P20+1 -> 24 | T20: =IF(S20<>"",IF(ISNA(VLOOKUP(DATE($P$30,$S$30,S20),Setup!$L$5:$M$24,2,FALSE)),IF(ISNA(VLOOKUP(DATE($P$30,$S$30,S20),Setup!$H$5:$I$24,2,FALSE)),"",VLOOKUP(DATE($P$30,$S$30,S20),Setup!$H$5:$I$24,2,FALSE)),VLOOKUP(DATE($P$30,$S$30,S20),Setup!$L$5:$M$24,2,FALSE)),"")
A25: =IF(S20<>"",IF(DAY(EOMONTH(DATE($P$30,$S$30,1),0))=S20,"",S20+1),"") -> 25 | B25: =IF(A25<>"",IF(ISNA(VLOOKUP(DATE($P$30,$S$30,A25),Setup!$L$5:$M$24,2,FALSE)),IF(ISNA(VLOOKUP(DATE($P$30,$S$30,A25),Setup!$H$5:$I$24,2,FALSE)),"",VLOOKUP(DATE($P$30,$S$30,A25),Setup!$H$5:$I$24,2,FALSE)),VLOOKUP(DATE($P$30,$S$30,A25),Setup!$L$5:$M$24,2,FALSE)),"") | D25: =IF(A25<>"",IF(DAY(EOMONTH(DATE($P$30,$S$30,1),0))=A25,"",A25+1),"") -> 26 | E25: =IF(D25<>"",IF(ISNA(VLOOKUP(DATE($P$30,$S$30,D25),Setup!$L$5:$M$24,2,FALSE)),IF(ISNA(VLOOKUP(DATE($P$30,$S$30,D25),Setup!$H$5:$I$24,2,FALSE)),"",VLOOKUP(DATE($P$30,$S$30,D25),Setup!$H$5:$I$24,2,FALSE)),VLOOKUP(DATE($P$30,$S$30,D25),Setup!$L$5:$M$24,2,FALSE)),"") | G25: =IF(D25<>"",IF(DAY(EOMONTH(DATE($P$30,$S$30,1),0))=D25,"",D25+1),"") -> 27 | H25: =IF(G25<>"",IF(ISNA(VLOOKUP(DATE($P$30,$S$30,G25),Setup!$L$5:$M$24,2,FALSE)),IF(ISNA(VLOOKUP(DATE($P$30,$S$30,G25),Setup!$H$5:$I$24,2,FALSE)),"",VLOOKUP(DATE($P$30,$S$30,G25),Setup!$H$5:$I$24,2,FALSE)),VLOOKUP(DATE($P$30,$S$30,G25),Setup!$L$5:$M$24,2,FALSE)),"") | J25: =IF(G25<>"",IF(DAY(EOMONTH(DATE($P$30,$S$30,1),0))=G25,"",G25+1),"") -> 28 | K25: =IF(J25<>"",IF(ISNA(VLOOKUP(DATE($P$30,$S$30,J25),Setup!$L$5:$M$24,2,FALSE)),IF(ISNA(VLOOKUP(DATE($P$30,$S$30,J25),Setup!$H$5:$I$24,2,FALSE)),"",VLOOKUP(DATE($P$30,$S$30,J25),Setup!$H$5:$I$24,2,FALSE)),VLOOKUP(DATE($P$30,$S$30,J25),Setup!$L$5:$M$24,2,FALSE)),"") | M25: =IF(J25<>"",IF(DAY(EOMONTH(DATE($P$30,$S$30,1),0))=J25,"",J25+1),"") -> 29 | N25: =IF(M25<>"",IF(ISNA(VLOOKUP(DATE($P$30,$S$30,M25),Setup!$L$5:$M$24,2,FALSE)),IF(ISNA(VLOOKUP(DATE($P$30,$S$30,M25),Setup!$H$5:$I$24,2,FALSE)),"",VLOOKUP(DATE($P$30,$S$30,M25),Setup!$H$5:$I$24,2,FALSE)),VLOOKUP(DATE($P$30,$S$30,M25),Setup!$L$5:$M$24,2,FALSE)),"") | P25: =IF(M25<>"",IF(DAY(EOMONTH(DATE($P$30,$S$30,1),0))=M25,"",M25+1),"") -> 30 | Q25: =IF(P25<>"",IF(ISNA(VLOOKUP(DATE($P$30,$S$30,P25),Setup!$L$5:$M$24,2,FALSE)),IF(ISNA(VLOOKUP(DATE($P$30,$S$30,P25),Setup!$H$5:$I$24,2,FALSE)),"",VLOOKUP(DATE($P$30,$S$30,P25),Setup!$H$5:$I$24,2,FALSE)),VLOOKUP(DATE($P$30,$S$30,P25),Setup!$L$5:$M$24,2,FALSE)),"") | S25: =IF(P25<>"",IF(DAY(EOMONTH(DATE($P$30,$S$30,1),0))=P25,"",P25+1),"") -> 31 | T25: =IF(S25<>"",IF(ISNA(VLOOKUP(DATE($P$30,$S$30,S25),Setup!$L$5:$M$24,2,FALSE)),IF(ISNA(VLOOKUP(DATE($P$30,$S$30,S25),Setup!$H$5:$I$24,2,FALSE)),"",VLOOKUP(DATE($P$30,$S$30,S25),Setup!$H$5:$I$24,2,FALSE)),VLOOKUP(DATE($P$30,$S$30,S25),Setup!$L$5:$M$24,2,FALSE)),"")
A30: =IF(S25<>"",IF(DAY(EOMONTH(DATE($P$30,$S$30,1),0))=S25,"",S25+1),"") | B30: =IF(A30<>"",IF(ISNA(VLOOKUP(DATE($P$30,$S$30,A30),Setup!$L$5:$M$24,2,FALSE)),IF(ISNA(VLOOKUP(DATE($P$30,$S$30,A30),Setup!$H$5:$I$24,2,FALSE)),"",VLOOKUP(DATE($P$30,$S$30,A30),Setup!$H$5:$I$24,2,FALSE)),VLOOKUP(DATE($P$30,$S$30,A30),Setup!$L$5:$M$24,2,FALSE)),"") | D30: =IF(A30<>"",IF(DAY(EOMONTH(DATE($P$30,$S$30,1),0))=A30,"",A30+1),"") | E30: =IF(D30<>"",IF(ISNA(VLOOKUP(DATE($P$30,$S$30,D30),Setup!$L$5:$M$24,2,FALSE)),IF(ISNA(VLOOKUP(DATE($P$30,$S$30,D30),Setup!$H$5:$I$24,2,FALSE)),"",VLOOKUP(DATE($P$30,$S$30,D30),Setup!$H$5:$I$24,2,FALSE)),VLOOKUP(DATE($P$30,$S$30,D30),Setup!$L$5:$M$24,2,FALSE)),"") | G30: Notes : | P30: =IF(S32+S31>24,P32+2,IF(S32+S31>12,P32+1,P32)) -> 2021 | S30: =IF(S32+S31>24,S32+S31-24,IF(S32+S31>12,S32+S31-12,S32+S31)) -> 1
S31: 0
G32: H | H32: High Priority | P32: =Setup!E6 -> 2021 | S32: =INDEX(MonthRef,MATCH(StartMonth,Months,0),0) -> 1
G33: M | H33: Medium Priority
G34: L | H34: Low Priority
A36: © 2021 - ExcelTemplate.net

Sheet Copyright
A40: Need help? Please see this page for information:
A41: https://exceltemplate.net/support/

Sheet Copyright-2
A40: Need help? Please see this page for information:
A41: https://exceltemplate.net/support/
