Workbook
Name monthNames: {"January";"February";"March";"April";"May";"June";"July";"August";"September";"October";"November";"December"}
Name valuevx: 42.314159
Name vertex42_copyright: "© 2020 by Vertex42.com"
Name vertex42_id: "employee-leave-tracker.xlsx"
Name vertex42_title: "Employee Leave Tracker"
Name list_totals: YearToDate!$A$8:$H$39

Sheet YearToDate
A1: Employee Leave Tracker | I1: MeledathStudio
A3: Year: | B3: 2025 | K3: ◄ STEP 1: Update the Year
A5: V = Vacation, S = Sick, P = Personal, D = Disability, O = Other Paid, U = Unpaid | K5: ◄ STEP 2a: Define the Types of Leave
A7: Employee | C7: Year Totals
A8: ID | B8: Name | C8: V | D8: S | E8: P | F8: D | G8: O | H8: U | I8: Total | K8: ◄ STEP 2b: Update the Labels for the Types of Leave
A9: 1 | B9: Name 1 | C9: {=IFERROR(INDEX(Aug!AH$6:AH$38,MATCH($A9,Aug!$A$6:$A$38,0)),0)+IFERROR(INDEX(Sep!AH$6:AH$38,MATCH($A9,Sep!$A$6:$A$38,0)),0)+IFERROR(INDEX(Oct!AH$6:AH$38,MATCH($A9,Oct!$A$6:$A$38,0)),0)+IFERROR(INDEX(Nov!AH$6:AH$38,MATCH($A9,Nov!$A$6:$A$38,0)),0)+IFERROR(INDEX(Dec!AH$6:AH$38,MATCH($A9,Dec!$A$6:$A$38,0)),0)+IFERROR(INDEX(Jan!AH$6:AH$38,MATCH($A9,Jan!$A$6:$A$38,0)),0)+IFERROR(INDEX(Feb!AH$6:AH$38,MATCH($A9,Feb!$A$6:$A$38,0)),0)+IFERROR(INDEX(Mar!AH$6:AH$38,MATCH($A9,Mar!$A$6:$A$38,0)),0)+IFERROR(INDEX(Apr!AH$6:AH$38,MATCH($A9,Apr!$A$6:$A$38,0)),0)+IFERROR(INDEX(May!AH$6:AH$38,MATCH($A9,May!$A$6:$A$38,0)),0)+IFERROR(INDEX(Jun!AH$6:AH$38,MATCH($A9,Jun!$A$6:$A$38,0)),0)+IFERROR(INDEX(Jul!AH$6:AH$38,MATCH($A9,Jul!$A$6:$A$38,0)),0)} -> 1.5 | D9: {=IFERROR(INDEX(Aug!AI$6:AI$38,MATCH($A9,Aug!$A$6:$A$38,0)),0)+IFERROR(INDEX(Sep!AI$6:AI$38,MATCH($A9,Sep!$A$6:$A$38,0)),0)+IFERROR(INDEX(Oct!AI$6:AI$38,MATCH($A9,Oct!$A$6:$A$38,0)),0)+IFERROR(INDEX(Nov!AI$6:AI$38,MATCH($A9,Nov!$A$6:$A$38,0)),0)+IFERROR(INDEX(Dec!AI$6:AI$38,MATCH($A9,Dec!$A$6:$A$38,0)),0)+IFERROR(INDEX(Jan!AI$6:AI$38,MATCH($A9,Jan!$A$6:$A$38,0)),0)+IFERROR(INDEX(Feb!AI$6:AI$38,MATCH($A9,Feb!$A$6:$A$38,0)),0)+IFERROR(INDEX(Mar!AI$6:AI$38,MATCH($A9,Mar!$A$6:$A$38,0)),0)+IFERROR(INDEX(Apr!AI$6:AI$38,MATCH($A9,Apr!$A$6:$A$38,0)),0)+IFERROR(INDEX(May!AI$6:AI$38,MATCH($A9,May!$A$6:$A$38,0)),0)+IFERROR(INDEX(Jun!AI$6:AI$38,MATCH($A9,Jun!$A$6:$A$38,0)),0)+IFERROR(INDEX(Jul!AI$6:AI$38,MATCH($A9,Jul!$A$6:$A$38,0)),0)} -> 3.5 | E9: {=IFERROR(INDEX(Aug!AJ$6:AJ$38,MATCH($A9,Aug!$A$6:$A$38,0)),0)+IFERROR(INDEX(Sep!AJ$6:AJ$38,MATCH($A9,Sep!$A$6:$A$38,0)),0)+IFERROR(INDEX(Oct!AJ$6:AJ$38,MATCH($A9,Oct!$A$6:$A$38,0)),0)+IFERROR(INDEX(Nov!AJ$6:AJ$38,MATCH($A9,Nov!$A$6:$A$38,0)),0)+IFERROR(INDEX(Dec!AJ$6:AJ$38,MATCH($A9,Dec!$A$6:$A$38,0)),0)+IFERROR(INDEX(Jan!AJ$6:AJ$38,MATCH($A9,Jan!$A$6:$A$38,0)),0)+IFERROR(INDEX(Feb!AJ$6:AJ$38,MATCH($A9,Feb!$A$6:$A$38,0)),0)+IFERROR(INDEX(Mar!AJ$6:AJ$38,MATCH($A9,Mar!$A$6:$A$38,0)),0)+IFERROR(INDEX(Apr!AJ$6:AJ$38,MATCH($A9,Apr!$A$6:$A$38,0)),0)+IFERROR(INDEX(May!AJ$6:AJ$38,MATCH($A9,May!$A$6:$A$38,0)),0)+IFERROR(INDEX(Jun!AJ$6:AJ$38,MATCH($A9,Jun!$A$6:$A$38,0)),0)+IFERROR(INDEX(Jul!AJ$6:AJ$38,MATCH($A9,Jul!$A$6:$A$38,0)),0)} -> 0 | F9: {=IFERROR(INDEX(Aug!AK$6:AK$38,MATCH($A9,Aug!$A$6:$A$38,0)),0)+IFERROR(INDEX(Sep!AK$6:AK$38,MATCH($A9,Sep!$A$6:$A$38,0)),0)+IFERROR(INDEX(Oct!AK$6:AK$38,MATCH($A9,Oct!$A$6:$A$38,0)),0)+IFERROR(INDEX(Nov!AK$6:AK$38,MATCH($A9,Nov!$A$6:$A$38,0)),0)+IFERROR(INDEX(Dec!AK$6:AK$38,MATCH($A9,Dec!$A$6:$A$38,0)),0)+IFERROR(INDEX(Jan!AK$6:AK$38,MATCH($A9,Jan!$A$6:$A$38,0)),0)+IFERROR(INDEX(Feb!AK$6:AK$38,MATCH($A9,Feb!$A$6:$A$38,0)),0)+IFERROR(INDEX(Mar!AK$6:AK$38,MATCH($A9,Mar!$A$6:$A$38,0)),0)+IFERROR(INDEX(Apr!AK$6:AK$38,MATCH($A9,Apr!$A$6:$A$38,0)),0)+IFERROR(INDEX(May!AK$6:AK$38,MATCH($A9,May!$A$6:$A$38,0)),0)+IFERROR(INDEX(Jun!AK$6:AK$38,MATCH($A9,Jun!$A$6:$A$38,0)),0)+IFERROR(INDEX(Jul!AK$6:AK$38,MATCH($A9,Jul!$A$6:$A$38,0)),0)} -> 0 | G9: {=IFERROR(INDEX(Aug!AL$6:AL$38,MATCH($A9,Aug!$A$6:$A$38,0)),0)+IFERROR(INDEX(Sep!AL$6:AL$38,MATCH($A9,Sep!$A$6:$A$38,0)),0)+IFERROR(INDEX(Oct!AL$6:AL$38,MATCH($A9,Oct!$A$6:$A$38,0)),0)+IFERROR(INDEX(Nov!AL$6:AL$38,MATCH($A9,Nov!$A$6:$A$38,0)),0)+IFERROR(INDEX(Dec!AL$6:AL$38,MATCH($A9,Dec!$A$6:$A$38,0)),0)+IFERROR(INDEX(Jan!AL$6:AL$38,MATCH($A9,Jan!$A$6:$A$38,0)),0)+IFERROR(INDEX(Feb!AL$6:AL$38,MATCH($A9,Feb!$A$6:$A$38,0)),0)+IFERROR(INDEX(Mar!AL$6:AL$38,MATCH($A9,Mar!$A$6:$A$38,0)),0)+IFERROR(INDEX(Apr!AL$6:AL$38,MATCH($A9,Apr!$A$6:$A$38,0)),0)+IFERROR(INDEX(May!AL$6:AL$38,MATCH($A9,May!$A$6:$A$38,0)),0)+IFERROR(INDEX(Jun!AL$6:AL$38,MATCH($A9,Jun!$A$6:$A$38,0)),0)+IFERROR(INDEX(Jul!AL$6:AL$38,MATCH($A9,Jul!$A$6:$A$38,0)),0)} -> 0 | H9: {=IFERROR(INDEX(Aug!AM$6:AM$38,MATCH($A9,Aug!$A$6:$A$38,0)),0)+IFERROR(INDEX(Sep!AM$6:AM$38,MATCH($A9,Sep!$A$6:$A$38,0)),0)+IFERROR(INDEX(Oct!AM$6:AM$38,MATCH($A9,Oct!$A$6:$A$38,0)),0)+IFERROR(INDEX(Nov!AM$6:AM$38,MATCH($A9,Nov!$A$6:$A$38,0)),0)+IFERROR(INDEX(Dec!AM$6:AM$38,MATCH($A9,Dec!$A$6:$A$38,0)),0)+IFERROR(INDEX(Jan!AM$6:AM$38,MATCH($A9,Jan!$A$6:$A$38,0)),0)+IFERROR(INDEX(Feb!AM$6:AM$38,MATCH($A9,Feb!$A$6:$A$38,0)),0)+IFERROR(INDEX(Mar!AM$6:AM$38,MATCH($A9,Mar!$A$6:$A$38,0)),0)+IFERROR(INDEX(Apr!AM$6:AM$38,MATCH($A9,Apr!$A$6:$A$38,0)),0)+IFERROR(INDEX(May!AM$6:AM$38,MATCH($A9,May!$A$6:$A$38,0)),0)+IFERROR(INDEX(Jun!AM$6:AM$38,MATCH($A9,Jun!$A$6:$A$38,0)),0)+IFERROR(INDEX(Jul!AM$6:AM$38,MATCH($A9,Jul!$A$6:$A$38,0)),0)} -> 0 | I9: =SUM(C9:H9) -> 5
A10: 2 | B10: Name 2 | C10: {=IFERROR(INDEX(Aug!AH$6:AH$38,MATCH($A10,Aug!$A$6:$A$38,0)),0)+IFERROR(INDEX(Sep!AH$6:AH$38,MATCH($A10,Sep!$A$6:$A$38,0)),0)+IFERROR(INDEX(Oct!AH$6:AH$38,MATCH($A10,Oct!$A$6:$A$38,0)),0)+IFERROR(INDEX(Nov!AH$6:AH$38,MATCH($A10,Nov!$A$6:$A$38,0)),0)+IFERROR(INDEX(Dec!AH$6:AH$38,MATCH($A10,Dec!$A$6:$A$38,0)),0)+IFERROR(INDEX(Jan!AH$6:AH$38,MATCH($A10,Jan!$A$6:$A$38,0)),0)+IFERROR(INDEX(Feb!AH$6:AH$38,MATCH($A10,Feb!$A$6:$A$38,0)),0)+IFERROR(INDEX(Mar!AH$6:AH$38,MATCH($A10,Mar!$A$6:$A$38,0)),0)+IFERROR(INDEX(Apr!AH$6:AH$38,MATCH($A10,Apr!$A$6:$A$38,0)),0)+IFERROR(INDEX(May!AH$6:AH$38,MATCH($A10,May!$A$6:$A$38,0)),0)+IFERROR(INDEX(Jun!AH$6:AH$38,MATCH($A10,Jun!$A$6:$A$38,0)),0)+IFERROR(INDEX(Jul!AH$6:AH$38,MATCH($A10,Jul!$A$6:$A$38,0)),0)} -> 0 | D10: {=IFERROR(INDEX(Aug!AI$6:AI$38,MATCH($A10,Aug!$A$6:$A$38,0)),0)+IFERROR(INDEX(Sep!AI$6:AI$38,MATCH($A10,Sep!$A$6:$A$38,0)),0)+IFERROR(INDEX(Oct!AI$6:AI$38,MATCH($A10,Oct!$A$6:$A$38,0)),0)+IFERROR(INDEX(Nov!AI$6:AI$38,MATCH($A10,Nov!$A$6:$A$38,0)),0)+IFERROR(INDEX(Dec!AI$6:AI$38,MATCH($A10,Dec!$A$6:$A$38,0)),0)+IFERROR(INDEX(Jan!AI$6:AI$38,MATCH($A10,Jan!$A$6:$A$38,0)),0)+IFERROR(INDEX(Feb!AI$6:AI$38,MATCH($A10,Feb!$A$6:$A$38,0)),0)+IFERROR(INDEX(Mar!AI$6:AI$38,MATCH($A10,Mar!$A$6:$A$38,0)),0)+IFERROR(INDEX(Apr!AI$6:AI$38,MATCH($A10,Apr!$A$6:$A$38,0)),0)+IFERROR(INDEX(May!AI$6:AI$38,MATCH($A10,May!$A$6:$A$38,0)),0)+IFERROR(INDEX(Jun!AI$6:AI$38,MATCH($A10,Jun!$A$6:$A$38,0)),0)+IFERROR(INDEX(Jul!AI$6:AI$38,MATCH($A10,Jul!$A$6:$A$38,0)),0)} -> 0 | E10: {=IFERROR(INDEX(Aug!AJ$6:AJ$38,MATCH($A10,Aug!$A$6:$A$38,0)),0)+IFERROR(INDEX(Sep!AJ$6:AJ$38,MATCH($A10,Sep!$A$6:$A$38,0)),0)+IFERROR(INDEX(Oct!AJ$6:AJ$38,MATCH($A10,Oct!$A$6:$A$38,0)),0)+IFERROR(INDEX(Nov!AJ$6:AJ$38,MATCH($A10,Nov!$A$6:$A$38,0)),0)+IFERROR(INDEX(Dec!AJ$6:AJ$38,MATCH($A10,Dec!$A$6:$A$38,0)),0)+IFERROR(INDEX(Jan!AJ$6:AJ$38,MATCH($A10,Jan!$A$6:$A$38,0)),0)+IFERROR(INDEX(Feb!AJ$6:AJ$38,MATCH($A10,Feb!$A$6:$A$38,0)),0)+IFERROR(INDEX(Mar!AJ$6:AJ$38,MATCH($A10,Mar!$A$6:$A$38,0)),0)+IFERROR(INDEX(Apr!AJ$6:AJ$38,MATCH($A10,Apr!$A$6:$A$38,0)),0)+IFERROR(INDEX(May!AJ$6:AJ$38,MATCH($A10,May!$A$6:$A$38,0)),0)+IFERROR(INDEX(Jun!AJ$6:AJ$38,MATCH($A10,Jun!$A$6:$A$38,0)),0)+IFERROR(INDEX(Jul!AJ$6:AJ$38,MATCH($A10,Jul!$A$6:$A$38,0)),0)} -> 3 | F10: {=IFERROR(INDEX(Aug!AK$6:AK$38,MATCH($A10,Aug!$A$6:$A$38,0)),0)+IFERROR(INDEX(Sep!AK$6:AK$38,MATCH($A10,Sep!$A$6:$A$38,0)),0)+IFERROR(INDEX(Oct!AK$6:AK$38,MATCH($A10,Oct!$A$6:$A$38,0)),0)+IFERROR(INDEX(Nov!AK$6:AK$38,MATCH($A10,Nov!$A$6:$A$38,0)),0)+IFERROR(INDEX(Dec!AK$6:AK$38,MATCH($A10,Dec!$A$6:$A$38,0)),0)+IFERROR(INDEX(Jan!AK$6:AK$38,MATCH($A10,Jan!$A$6:$A$38,0)),0)+IFERROR(INDEX(Feb!AK$6:AK$38,MATCH($A10,Feb!$A$6:$A$38,0)),0)+IFERROR(INDEX(Mar!AK$6:AK$38,MATCH($A10,Mar!$A$6:$A$38,0)),0)+IFERROR(INDEX(Apr!AK$6:AK$38,MATCH($A10,Apr!$A$6:$A$38,0)),0)+IFERROR(INDEX(May!AK$6:AK$38,MATCH($A10,May!$A$6:$A$38,0)),0)+IFERROR(INDEX(Jun!AK$6:AK$38,MATCH($A10,Jun!$A$6:$A$38,0)),0)+IFERROR(INDEX(Jul!AK$6:AK$38,MATCH($A10,Jul!$A$6:$A$38,0)),0)} -> 0 | G10: {=IFERROR(INDEX(Aug!AL$6:AL$38,MATCH($A10,Aug!$A$6:$A$38,0)),0)+IFERROR(INDEX(Sep!AL$6:AL$38,MATCH($A10,Sep!$A$6:$A$38,0)),0)+IFERROR(INDEX(Oct!AL$6:AL$38,MATCH($A10,Oct!$A$6:$A$38,0)),0)+IFERROR(INDEX(Nov!AL$6:AL$38,MATCH($A10,Nov!$A$6:$A$38,0)),0)+IFERROR(INDEX(Dec!AL$6:AL$38,MATCH($A10,Dec!$A$6:$A$38,0)),0)+IFERROR(INDEX(Jan!AL$6:AL$38,MATCH($A10,Jan!$A$6:$A$38,0)),0)+IFERROR(INDEX(Feb!AL$6:AL$38,MATCH($A10,Feb!$A$6:$A$38,0)),0)+IFERROR(INDEX(Mar!AL$6:AL$38,MATCH($A10,Mar!$A$6:$A$38,0)),0)+IFERROR(INDEX(Apr!AL$6:AL$38,MATCH($A10,Apr!$A$6:$A$38,0)),0)+IFERROR(INDEX(May!AL$6:AL$38,MATCH($A10,May!$A$6:$A$38,0)),0)+IFERROR(INDEX(Jun!AL$6:AL$38,MATCH($A10,Jun!$A$6:$A$38,0)),0)+IFERROR(INDEX(Jul!AL$6:AL$38,MATCH($A10,Jul!$A$6:$A$38,0)),0)} -> 0 | H10: {=IFERROR(INDEX(Aug!AM$6:AM$38,MATCH($A10,Aug!$A$6:$A$38,0)),0)+IFERROR(INDEX(Sep!AM$6:AM$38,MATCH($A10,Sep!$A$6:$A$38,0)),0)+IFERROR(INDEX(Oct!AM$6:AM$38,MATCH($A10,Oct!$A$6:$A$38,0)),0)+IFERROR(INDEX(Nov!AM$6:AM$38,MATCH($A10,Nov!$A$6:$A$38,0)),0)+IFERROR(INDEX(Dec!AM$6:AM$38,MATCH($A10,Dec!$A$6:$A$38,0)),0)+IFERROR(INDEX(Jan!AM$6:AM$38,MATCH($A10,Jan!$A$6:$A$38,0)),0)+IFERROR(INDEX(Feb!AM$6:AM$38,MATCH($A10,Feb!$A$6:$A$38,0)),0)+IFERROR(INDEX(Mar!AM$6:AM$38,MATCH($A10,Mar!$A$6:$A$38,0)),0)+IFERROR(INDEX(Apr!AM$6:AM$38,MATCH($A10,Apr!$A$6:$A$38,0)),0)+IFERROR(INDEX(May!AM$6:AM$38,MATCH($A10,May!$A$6:$A$38,0)),0)+IFERROR(INDEX(Jun!AM$6:AM$38,MATCH($A10,Jun!$A$6:$A$38,0)),0)+IFERROR(INDEX(Jul!AM$6:AM$38,MATCH($A10,Jul!$A$6:$A$38,0)),0)} -> 0 | I10: =SUM(C10:H10) -> 3 | K10: ◄ STEP 3: Edit the list of Employees
A11: 3 | B11: Name 3 | C11: {=IFERROR(INDEX(Aug!AH$6:AH$38,MATCH($A11,Aug!$A$6:$A$38,0)),0)+IFERROR(INDEX(Sep!AH$6:AH$38,MATCH($A11,Sep!$A$6:$A$38,0)),0)+IFERROR(INDEX(Oct!AH$6:AH$38,MATCH($A11,Oct!$A$6:$A$38,0)),0)+IFERROR(INDEX(Nov!AH$6:AH$38,MATCH($A11,Nov!$A$6:$A$38,0)),0)+IFERROR(INDEX(Dec!AH$6:AH$38,MATCH($A11,Dec!$A$6:$A$38,0)),0)+IFERROR(INDEX(Jan!AH$6:AH$38,MATCH($A11,Jan!$A$6:$A$38,0)),0)+IFERROR(INDEX(Feb!AH$6:AH$38,MATCH($A11,Feb!$A$6:$A$38,0)),0)+IFERROR(INDEX(Mar!AH$6:AH$38,MATCH($A11,Mar!$A$6:$A$38,0)),0)+IFERROR(INDEX(Apr!AH$6:AH$38,MATCH($A11,Apr!$A$6:$A$38,0)),0)+IFERROR(INDEX(May!AH$6:AH$38,MATCH($A11,May!$A$6:$A$38,0)),0)+IFERROR(INDEX(Jun!AH$6:AH$38,MATCH($A11,Jun!$A$6:$A$38,0)),0)+IFERROR(INDEX(Jul!AH$6:AH$38,MATCH($A11,Jul!$A$6:$A$38,0)),0)} -> 0 | D11: {=IFERROR(INDEX(Aug!AI$6:AI$38,MATCH($A11,Aug!$A$6:$A$38,0)),0)+IFERROR(INDEX(Sep!AI$6:AI$38,MATCH($A11,Sep!$A$6:$A$38,0)),0)+IFERROR(INDEX(Oct!AI$6:AI$38,MATCH($A11,Oct!$A$6:$A$38,0)),0)+IFERROR(INDEX(Nov!AI$6:AI$38,MATCH($A11,Nov!$A$6:$A$38,0)),0)+IFERROR(INDEX(Dec!AI$6:AI$38,MATCH($A11,Dec!$A$6:$A$38,0)),0)+IFERROR(INDEX(Jan!AI$6:AI$38,MATCH($A11,Jan!$A$6:$A$38,0)),0)+IFERROR(INDEX(Feb!AI$6:AI$38,MATCH($A11,Feb!$A$6:$A$38,0)),0)+IFERROR(INDEX(Mar!AI$6:AI$38,MATCH($A11,Mar!$A$6:$A$38,0)),0)+IFERROR(INDEX(Apr!AI$6:AI$38,MATCH($A11,Apr!$A$6:$A$38,0)),0)+IFERROR(INDEX(May!AI$6:AI$38,MATCH($A11,May!$A$6:$A$38,0)),0)+IFERROR(INDEX(Jun!AI$6:AI$38,MATCH($A11,Jun!$A$6:$A$38,0)),0)+IFERROR(INDEX(Jul!AI$6:AI$38,MATCH($A11,Jul!$A$6:$A$38,0)),0)} -> 2 | E11: {=IFERROR(INDEX(Aug!AJ$6:AJ$38,MATCH($A11,Aug!$A$6:$A$38,0)),0)+IFERROR(INDEX(Sep!AJ$6:AJ$38,MATCH($A11,Sep!$A$6:$A$38,0)),0)+IFERROR(INDEX(Oct!AJ$6:AJ$38,MATCH($A11,Oct!$A$6:$A$38,0)),0)+IFERROR(INDEX(Nov!AJ$6:AJ$38,MATCH($A11,Nov!$A$6:$A$38,0)),0)+IFERROR(INDEX(Dec!AJ$6:AJ$38,MATCH($A11,Dec!$A$6:$A$38,0)),0)+IFERROR(INDEX(Jan!AJ$6:AJ$38,MATCH($A11,Jan!$A$6:$A$38,0)),0)+IFERROR(INDEX(Feb!AJ$6:AJ$38,MATCH($A11,Feb!$A$6:$A$38,0)),0)+IFERROR(INDEX(Mar!AJ$6:AJ$38,MATCH($A11,Mar!$A$6:$A$38,0)),0)+IFERROR(INDEX(Apr!AJ$6:AJ$38,MATCH($A11,Apr!$A$6:$A$38,0)),0)+IFERROR(INDEX(May!AJ$6:AJ$38,MATCH($A11,May!$A$6:$A$38,0)),0)+IFERROR(INDEX(Jun!AJ$6:AJ$38,MATCH($A11,Jun!$A$6:$A$38,0)),0)+IFERROR(INDEX(Jul!AJ$6:AJ$38,MATCH($A11,Jul!$A$6:$A$38,0)),0)} -> 0 | F11: {=IFERROR(INDEX(Aug!AK$6:AK$38,MATCH($A11,Aug!$A$6:$A$38,0)),0)+IFERROR(INDEX(Sep!AK$6:AK$38,MATCH($A11,Sep!$A$6:$A$38,0)),0)+IFERROR(INDEX(Oct!AK$6:AK$38,MATCH($A11,Oct!$A$6:$A$38,0)),0)+IFERROR(INDEX(Nov!AK$6:AK$38,MATCH($A11,Nov!$A$6:$A$38,0)),0)+IFERROR(INDEX(Dec!AK$6:AK$38,MATCH($A11,Dec!$A$6:$A$38,0)),0)+IFERROR(INDEX(Jan!AK$6:AK$38,MATCH($A11,Jan!$A$6:$A$38,0)),0)+IFERROR(INDEX(Feb!AK$6:AK$38,MATCH($A11,Feb!$A$6:$A$38,0)),0)+IFERROR(INDEX(Mar!AK$6:AK$38,MATCH($A11,Mar!$A$6:$A$38,0)),0)+IFERROR(INDEX(Apr!AK$6:AK$38,MATCH($A11,Apr!$A$6:$A$38,0)),0)+IFERROR(INDEX(May!AK$6:AK$38,MATCH($A11,May!$A$6:$A$38,0)),0)+IFERROR(INDEX(Jun!AK$6:AK$38,MATCH($A11,Jun!$A$6:$A$38,0)),0)+IFERROR(INDEX(Jul!AK$6:AK$38,MATCH($A11,Jul!$A$6:$A$38,0)),0)} -> 0 | G11: {=IFERROR(INDEX(Aug!AL$6:AL$38,MATCH($A11,Aug!$A$6:$A$38,0)),0)+IFERROR(INDEX(Sep!AL$6:AL$38,MATCH($A11,Sep!$A$6:$A$38,0)),0)+IFERROR(INDEX(Oct!AL$6:AL$38,MATCH($A11,Oct!$A$6:$A$38,0)),0)+IFERROR(INDEX(Nov!AL$6:AL$38,MATCH($A11,Nov!$A$6:$A$38,0)),0)+IFERROR(INDEX(Dec!AL$6:AL$38,MATCH($A11,Dec!$A$6:$A$38,0)),0)+IFERROR(INDEX(Jan!AL$6:AL$38,MATCH($A11,Jan!$A$6:$A$38,0)),0)+IFERROR(INDEX(Feb!AL$6:AL$38,MATCH($A11,Feb!$A$6:$A$38,0)),0)+IFERROR(INDEX(Mar!AL$6:AL$38,MATCH($A11,Mar!$A$6:$A$38,0)),0)+IFERROR(INDEX(Apr!AL$6:AL$38,MATCH($A11,Apr!$A$6:$A$38,0)),0)+IFERROR(INDEX(May!AL$6:AL$38,MATCH($A11,May!$A$6:$A$38,0)),0)+IFERROR(INDEX(Jun!AL$6:AL$38,MATCH($A11,Jun!$A$6:$A$38,0)),0)+IFERROR(INDEX(Jul!AL$6:AL$38,MATCH($A11,Jul!$A$6:$A$38,0)),0)} -> 0 | H11: {=IFERROR(INDEX(Aug!AM$6:AM$38,MATCH($A11,Aug!$A$6:$A$38,0)),0)+IFERROR(INDEX(Sep!AM$6:AM$38,MATCH($A11,Sep!$A$6:$A$38,0)),0)+IFERROR(INDEX(Oct!AM$6:AM$38,MATCH($A11,Oct!$A$6:$A$38,0)),0)+IFERROR(INDEX(Nov!AM$6:AM$38,MATCH($A11,Nov!$A$6:$A$38,0)),0)+IFERROR(INDEX(Dec!AM$6:AM$38,MATCH($A11,Dec!$A$6:$A$38,0)),0)+IFERROR(INDEX(Jan!AM$6:AM$38,MATCH($A11,Jan!$A$6:$A$38,0)),0)+IFERROR(INDEX(Feb!AM$6:AM$38,MATCH($A11,Feb!$A$6:$A$38,0)),0)+IFERROR(INDEX(Mar!AM$6:AM$38,MATCH($A11,Mar!$A$6:$A$38,0)),0)+IFERROR(INDEX(Apr!AM$6:AM$38,MATCH($A11,Apr!$A$6:$A$38,0)),0)+IFERROR(INDEX(May!AM$6:AM$38,MATCH($A11,May!$A$6:$A$38,0)),0)+IFERROR(INDEX(Jun!AM$6:AM$38,MATCH($A11,Jun!$A$6:$A$38,0)),0)+IFERROR(INDEX(Jul!AM$6:AM$38,MATCH($A11,Jul!$A$6:$A$38,0)),0)} -> 0 | I11: =SUM(C11:H11) -> 2
A12: 4 | B12: Name 4 | C12: {=IFERROR(INDEX(Aug!AH$6:AH$38,MATCH($A12,Aug!$A$6:$A$38,0)),0)+IFERROR(INDEX(Sep!AH$6:AH$38,MATCH($A12,Sep!$A$6:$A$38,0)),0)+IFERROR(INDEX(Oct!AH$6:AH$38,MATCH($A12,Oct!$A$6:$A$38,0)),0)+IFERROR(INDEX(Nov!AH$6:AH$38,MATCH($A12,Nov!$A$6:$A$38,0)),0)+IFERROR(INDEX(Dec!AH$6:AH$38,MATCH($A12,Dec!$A$6:$A$38,0)),0)+IFERROR(INDEX(Jan!AH$6:AH$38,MATCH($A12,Jan!$A$6:$A$38,0)),0)+IFERROR(INDEX(Feb!AH$6:AH$38,MATCH($A12,Feb!$A$6:$A$38,0)),0)+IFERROR(INDEX(Mar!AH$6:AH$38,MATCH($A12,Mar!$A$6:$A$38,0)),0)+IFERROR(INDEX(Apr!AH$6:AH$38,MATCH($A12,Apr!$A$6:$A$38,0)),0)+IFERROR(INDEX(May!AH$6:AH$38,MATCH($A12,May!$A$6:$A$38,0)),0)+IFERROR(INDEX(Jun!AH$6:AH$38,MATCH($A12,Jun!$A$6:$A$38,0)),0)+IFERROR(INDEX(Jul!AH$6:AH$38,MATCH($A12,Jul!$A$6:$A$38,0)),0)} -> 0 | D12: {=IFERROR(INDEX(Aug!AI$6:AI$38,MATCH($A12,Aug!$A$6:$A$38,0)),0)+IFERROR(INDEX(Sep!AI$6:AI$38,MATCH($A12,Sep!$A$6:$A$38,0)),0)+IFERROR(INDEX(Oct!AI$6:AI$38,MATCH($A12,Oct!$A$6:$A$38,0)),0)+IFERROR(INDEX(Nov!AI$6:AI$38,MATCH($A12,Nov!$A$6:$A$38,0)),0)+IFERROR(INDEX(Dec!AI$6:AI$38,MATCH($A12,Dec!$A$6:$A$38,0)),0)+IFERROR(INDEX(Jan!AI$6:AI$38,MATCH($A12,Jan!$A$6:$A$38,0)),0)+IFERROR(INDEX(Feb!AI$6:AI$38,MATCH($A12,Feb!$A$6:$A$38,0)),0)+IFERROR(INDEX(Mar!AI$6:AI$38,MATCH($A12,Mar!$A$6:$A$38,0)),0)+IFERROR(INDEX(Apr!AI$6:AI$38,MATCH($A12,Apr!$A$6:$A$38,0)),0)+IFERROR(INDEX(May!AI$6:AI$38,MATCH($A12,May!$A$6:$A$38,0)),0)+IFERROR(INDEX(Jun!AI$6:AI$38,MATCH($A12,Jun!$A$6:$A$38,0)),0)+IFERROR(INDEX(Jul!AI$6:AI$38,MATCH($A12,Jul!$A$6:$A$38,0)),0)} -> 0 | E12: {=IFERROR(INDEX(Aug!AJ$6:AJ$38,MATCH($A12,Aug!$A$6:$A$38,0)),0)+IFERROR(INDEX(Sep!AJ$6:AJ$38,MATCH($A12,Sep!$A$6:$A$38,0)),0)+IFERROR(INDEX(Oct!AJ$6:AJ$38,MATCH($A12,Oct!$A$6:$A$38,0)),0)+IFERROR(INDEX(Nov!AJ$6:AJ$38,MATCH($A12,Nov!$A$6:$A$38,0)),0)+IFERROR(INDEX(Dec!AJ$6:AJ$38,MATCH($A12,Dec!$A$6:$A$38,0)),0)+IFERROR(INDEX(Jan!AJ$6:AJ$38,MATCH($A12,Jan!$A$6:$A$38,0)),0)+IFERROR(INDEX(Feb!AJ$6:AJ$38,MATCH($A12,Feb!$A$6:$A$38,0)),0)+IFERROR(INDEX(Mar!AJ$6:AJ$38,MATCH($A12,Mar!$A$6:$A$38,0)),0)+IFERROR(INDEX(Apr!AJ$6:AJ$38,MATCH($A12,Apr!$A$6:$A$38,0)),0)+IFERROR(INDEX(May!AJ$6:AJ$38,MATCH($A12,May!$A$6:$A$38,0)),0)+IFERROR(INDEX(Jun!AJ$6:AJ$38,MATCH($A12,Jun!$A$6:$A$38,0)),0)+IFERROR(INDEX(Jul!AJ$6:AJ$38,MATCH($A12,Jul!$A$6:$A$38,0)),0)} -> 0 | F12: {=IFERROR(INDEX(Aug!AK$6:AK$38,MATCH($A12,Aug!$A$6:$A$38,0)),0)+IFERROR(INDEX(Sep!AK$6:AK$38,MATCH($A12,Sep!$A$6:$A$38,0)),0)+IFERROR(INDEX(Oct!AK$6:AK$38,MATCH($A12,Oct!$A$6:$A$38,0)),0)+IFERROR(INDEX(Nov!AK$6:AK$38,MATCH($A12,Nov!$A$6:$A$38,0)),0)+IFERROR(INDEX(Dec!AK$6:AK$38,MATCH($A12,Dec!$A$6:$A$38,0)),0)+IFERROR(INDEX(Jan!AK$6:AK$38,MATCH($A12,Jan!$A$6:$A$38,0)),0)+IFERROR(INDEX(Feb!AK$6:AK$38,MATCH($A12,Feb!$A$6:$A$38,0)),0)+IFERROR(INDEX(Mar!AK$6:AK$38,MATCH($A12,Mar!$A$6:$A$38,0)),0)+IFERROR(INDEX(Apr!AK$6:AK$38,MATCH($A12,Apr!$A$6:$A$38,0)),0)+IFERROR(INDEX(May!AK$6:AK$38,MATCH($A12,May!$A$6:$A$38,0)),0)+IFERROR(INDEX(Jun!AK$6:AK$38,MATCH($A12,Jun!$A$6:$A$38,0)),0)+IFERROR(INDEX(Jul!AK$6:AK$38,MATCH($A12,Jul!$A$6:$A$38,0)),0)} -> 0 | G12: {=IFERROR(INDEX(Aug!AL$6:AL$38,MATCH($A12,Aug!$A$6:$A$38,0)),0)+IFERROR(INDEX(Sep!AL$6:AL$38,MATCH($A12,Sep!$A$6:$A$38,0)),0)+IFERROR(INDEX(Oct!AL$6:AL$38,MATCH($A12,Oct!$A$6:$A$38,0)),0)+IFERROR(INDEX(Nov!AL$6:AL$38,MATCH($A12,Nov!$A$6:$A$38,0)),0)+IFERROR(INDEX(Dec!AL$6:AL$38,MATCH($A12,Dec!$A$6:$A$38,0)),0)+IFERROR(INDEX(Jan!AL$6:AL$38,MATCH($A12,Jan!$A$6:$A$38,0)),0)+IFERROR(INDEX(Feb!AL$6:AL$38,MATCH($A12,Feb!$A$6:$A$38,0)),0)+IFERROR(INDEX(Mar!AL$6:AL$38,MATCH($A12,Mar!$A$6:$A$38,0)),0)+IFERROR(INDEX(Apr!AL$6:AL$38,MATCH($A12,Apr!$A$6:$A$38,0)),0)+IFERROR(INDEX(May!AL$6:AL$38,MATCH($A12,May!$A$6:$A$38,0)),0)+IFERROR(INDEX(Jun!AL$6:AL$38,MATCH($A12,Jun!$A$6:$A$38,0)),0)+IFERROR(INDEX(Jul!AL$6:AL$38,MATCH($A12,Jul!$A$6:$A$38,0)),0)} -> 0 | H12: {=IFERROR(INDEX(Aug!AM$6:AM$38,MATCH($A12,Aug!$A$6:$A$38,0)),0)+IFERROR(INDEX(Sep!AM$6:AM$38,MATCH($A12,Sep!$A$6:$A$38,0)),0)+IFERROR(INDEX(Oct!AM$6:AM$38,MATCH($A12,Oct!$A$6:$A$38,0)),0)+IFERROR(INDEX(Nov!AM$6:AM$38,MATCH($A12,Nov!$A$6:$A$38,0)),0)+IFERROR(INDEX(Dec!AM$6:AM$38,MATCH($A12,Dec!$A$6:$A$38,0)),0)+IFERROR(INDEX(Jan!AM$6:AM$38,MATCH($A12,Jan!$A$6:$A$38,0)),0)+IFERROR(INDEX(Feb!AM$6:AM$38,MATCH($A12,Feb!$A$6:$A$38,0)),0)+IFERROR(INDEX(Mar!AM$6:AM$38,MATCH($A12,Mar!$A$6:$A$38,0)),0)+IFERROR(INDEX(Apr!AM$6:AM$38,MATCH($A12,Apr!$A$6:$A$38,0)),0)+IFERROR(INDEX(May!AM$6:AM$38,MATCH($A12,May!$A$6:$A$38,0)),0)+IFERROR(INDEX(Jun!AM$6:AM$38,MATCH($A12,Jun!$A$6:$A$38,0)),0)+IFERROR(INDEX(Jul!AM$6:AM$38,MATCH($A12,Jul!$A$6:$A$38,0)),0)} -> 0 | I12: =SUM(C12:H12) -> 0 | K12: STEP 4: Use Monthly worksheets to Enter Leave
A13: 5 | B13: Name 5 | C13: {=IFERROR(INDEX(Aug!AH$6:AH$38,MATCH($A13,Aug!$A$6:$A$38,0)),0)+IFERROR(INDEX(Sep!AH$6:AH$38,MATCH($A13,Sep!$A$6:$A$38,0)),0)+IFERROR(INDEX(Oct!AH$6:AH$38,MATCH($A13,Oct!$A$6:$A$38,0)),0)+IFERROR(INDEX(Nov!AH$6:AH$38,MATCH($A13,Nov!$A$6:$A$38,0)),0)+IFERROR(INDEX(Dec!AH$6:AH$38,MATCH($A13,Dec!$A$6:$A$38,0)),0)+IFERROR(INDEX(Jan!AH$6:AH$38,MATCH($A13,Jan!$A$6:$A$38,0)),0)+IFERROR(INDEX(Feb!AH$6:AH$38,MATCH($A13,Feb!$A$6:$A$38,0)),0)+IFERROR(INDEX(Mar!AH$6:AH$38,MATCH($A13,Mar!$A$6:$A$38,0)),0)+IFERROR(INDEX(Apr!AH$6:AH$38,MATCH($A13,Apr!$A$6:$A$38,0)),0)+IFERROR(INDEX(May!AH$6:AH$38,MATCH($A13,May!$A$6:$A$38,0)),0)+IFERROR(INDEX(Jun!AH$6:AH$38,MATCH($A13,Jun!$A$6:$A$38,0)),0)+IFERROR(INDEX(Jul!AH$6:AH$38,MATCH($A13,Jul!$A$6:$A$38,0)),0)} -> 0 | D13: {=IFERROR(INDEX(Aug!AI$6:AI$38,MATCH($A13,Aug!$A$6:$A$38,0)),0)+IFERROR(INDEX(Sep!AI$6:AI$38,MATCH($A13,Sep!$A$6:$A$38,0)),0)+IFERROR(INDEX(Oct!AI$6:AI$38,MATCH($A13,Oct!$A$6:$A$38,0)),0)+IFERROR(INDEX(Nov!AI$6:AI$38,MATCH($A13,Nov!$A$6:$A$38,0)),0)+IFERROR(INDEX(Dec!AI$6:AI$38,MATCH($A13,Dec!$A$6:$A$38,0)),0)+IFERROR(INDEX(Jan!AI$6:AI$38,MATCH($A13,Jan!$A$6:$A$38,0)),0)+IFERROR(INDEX(Feb!AI$6:AI$38,MATCH($A13,Feb!$A$6:$A$38,0)),0)+IFERROR(INDEX(Mar!AI$6:AI$38,MATCH($A13,Mar!$A$6:$A$38,0)),0)+IFERROR(INDEX(Apr!AI$6:AI$38,MATCH($A13,Apr!$A$6:$A$38,0)),0)+IFERROR(INDEX(May!AI$6:AI$38,MATCH($A13,May!$A$6:$A$38,0)),0)+IFERROR(INDEX(Jun!AI$6:AI$38,MATCH($A13,Jun!$A$6:$A$38,0)),0)+IFERROR(INDEX(Jul!AI$6:AI$38,MATCH($A13,Jul!$A$6:$A$38,0)),0)} -> 0 | E13: {=IFERROR(INDEX(Aug!AJ$6:AJ$38,MATCH($A13,Aug!$A$6:$A$38,0)),0)+IFERROR(INDEX(Sep!AJ$6:AJ$38,MATCH($A13,Sep!$A$6:$A$38,0)),0)+IFERROR(INDEX(Oct!AJ$6:AJ$38,MATCH($A13,Oct!$A$6:$A$38,0)),0)+IFERROR(INDEX(Nov!AJ$6:AJ$38,MATCH($A13,Nov!$A$6:$A$38,0)),0)+IFERROR(INDEX(Dec!AJ$6:AJ$38,MATCH($A13,Dec!$A$6:$A$38,0)),0)+IFERROR(INDEX(Jan!AJ$6:AJ$38,MATCH($A13,Jan!$A$6:$A$38,0)),0)+IFERROR(INDEX(Feb!AJ$6:AJ$38,MATCH($A13,Feb!$A$6:$A$38,0)),0)+IFERROR(INDEX(Mar!AJ$6:AJ$38,MATCH($A13,Mar!$A$6:$A$38,0)),0)+IFERROR(INDEX(Apr!AJ$6:AJ$38,MATCH($A13,Apr!$A$6:$A$38,0)),0)+IFERROR(INDEX(May!AJ$6:AJ$38,MATCH($A13,May!$A$6:$A$38,0)),0)+IFERROR(INDEX(Jun!AJ$6:AJ$38,MATCH($A13,Jun!$A$6:$A$38,0)),0)+IFERROR(INDEX(Jul!AJ$6:AJ$38,MATCH($A13,Jul!$A$6:$A$38,0)),0)} -> 0 | F13: {=IFERROR(INDEX(Aug!AK$6:AK$38,MATCH($A13,Aug!$A$6:$A$38,0)),0)+IFERROR(INDEX(Sep!AK$6:AK$38,MATCH($A13,Sep!$A$6:$A$38,0)),0)+IFERROR(INDEX(Oct!AK$6:AK$38,MATCH($A13,Oct!$A$6:$A$38,0)),0)+IFERROR(INDEX(Nov!AK$6:AK$38,MATCH($A13,Nov!$A$6:$A$38,0)),0)+IFERROR(INDEX(Dec!AK$6:AK$38,MATCH($A13,Dec!$A$6:$A$38,0)),0)+IFERROR(INDEX(Jan!AK$6:AK$38,MATCH($A13,Jan!$A$6:$A$38,0)),0)+IFERROR(INDEX(Feb!AK$6:AK$38,MATCH($A13,Feb!$A$6:$A$38,0)),0)+IFERROR(INDEX(Mar!AK$6:AK$38,MATCH($A13,Mar!$A$6:$A$38,0)),0)+IFERROR(INDEX(Apr!AK$6:AK$38,MATCH($A13,Apr!$A$6:$A$38,0)),0)+IFERROR(INDEX(May!AK$6:AK$38,MATCH($A13,May!$A$6:$A$38,0)),0)+IFERROR(INDEX(Jun!AK$6:AK$38,MATCH($A13,Jun!$A$6:$A$38,0)),0)+IFERROR(INDEX(Jul!AK$6:AK$38,MATCH($A13,Jul!$A$6:$A$38,0)),0)} -> 0 | G13: {=IFERROR(INDEX(Aug!AL$6:AL$38,MATCH($A13,Aug!$A$6:$A$38,0)),0)+IFERROR(INDEX(Sep!AL$6:AL$38,MATCH($A13,Sep!$A$6:$A$38,0)),0)+IFERROR(INDEX(Oct!AL$6:AL$38,MATCH($A13,Oct!$A$6:$A$38,0)),0)+IFERROR(INDEX(Nov!AL$6:AL$38,MATCH($A13,Nov!$A$6:$A$38,0)),0)+IFERROR(INDEX(Dec!AL$6:AL$38,MATCH($A13,Dec!$A$6:$A$38,0)),0)+IFERROR(INDEX(Jan!AL$6:AL$38,MATCH($A13,Jan!$A$6:$A$38,0)),0)+IFERROR(INDEX(Feb!AL$6:AL$38,MATCH($A13,Feb!$A$6:$A$38,0)),0)+IFERROR(INDEX(Mar!AL$6:AL$38,MATCH($A13,Mar!$A$6:$A$38,0)),0)+IFERROR(INDEX(Apr!AL$6:AL$38,MATCH($A13,Apr!$A$6:$A$38,0)),0)+IFERROR(INDEX(May!AL$6:AL$38,MATCH($A13,May!$A$6:$A$38,0)),0)+IFERROR(INDEX(Jun!AL$6:AL$38,MATCH($A13,Jun!$A$6:$A$38,0)),0)+IFERROR(INDEX(Jul!AL$6:AL$38,MATCH($A13,Jul!$A$6:$A$38,0)),0)} -> 0 | H13: {=IFERROR(INDEX(Aug!AM$6:AM$38,MATCH($A13,Aug!$A$6:$A$38,0)),0)+IFERROR(INDEX(Sep!AM$6:AM$38,MATCH($A13,Sep!$A$6:$A$38,0)),0)+IFERROR(INDEX(Oct!AM$6:AM$38,MATCH($A13,Oct!$A$6:$A$38,0)),0)+IFERROR(INDEX(Nov!AM$6:AM$38,MATCH($A13,Nov!$A$6:$A$38,0)),0)+IFERROR(INDEX(Dec!AM$6:AM$38,MATCH($A13,Dec!$A$6:$A$38,0)),0)+IFERROR(INDEX(Jan!AM$6:AM$38,MATCH($A13,Jan!$A$6:$A$38,0)),0)+IFERROR(INDEX(Feb!AM$6:AM$38,MATCH($A13,Feb!$A$6:$A$38,0)),0)+IFERROR(INDEX(Mar!AM$6:AM$38,MATCH($A13,Mar!$A$6:$A$38,0)),0)+IFERROR(INDEX(Apr!AM$6:AM$38,MATCH($A13,Apr!$A$6:$A$38,0)),0)+IFERROR(INDEX(May!AM$6:AM$38,MATCH($A13,May!$A$6:$A$38,0)),0)+IFERROR(INDEX(Jun!AM$6:AM$38,MATCH($A13,Jun!$A$6:$A$38,0)),0)+IFERROR(INDEX(Jul!AM$6:AM$38,MATCH($A13,Jul!$A$6:$A$38,0)),0)} -> 18 | I13: =SUM(C13:H13) -> 18
A14: 6 | C14: {=IFERROR(INDEX(Aug!AH$6:AH$38,MATCH($A14,Aug!$A$6:$A$38,0)),0)+IFERROR(INDEX(Sep!AH$6:AH$38,MATCH($A14,Sep!$A$6:$A$38,0)),0)+IFERROR(INDEX(Oct!AH$6:AH$38,MATCH($A14,Oct!$A$6:$A$38,0)),0)+IFERROR(INDEX(Nov!AH$6:AH$38,MATCH($A14,Nov!$A$6:$A$38,0)),0)+IFERROR(INDEX(Dec!AH$6:AH$38,MATCH($A14,Dec!$A$6:$A$38,0)),0)+IFERROR(INDEX(Jan!AH$6:AH$38,MATCH($A14,Jan!$A$6:$A$38,0)),0)+IFERROR(INDEX(Feb!AH$6:AH$38,MATCH($A14,Feb!$A$6:$A$38,0)),0)+IFERROR(INDEX(Mar!AH$6:AH$38,MATCH($A14,Mar!$A$6:$A$38,0)),0)+IFERROR(INDEX(Apr!AH$6:AH$38,MATCH($A14,Apr!$A$6:$A$38,0)),0)+IFERROR(INDEX(May!AH$6:AH$38,MATCH($A14,May!$A$6:$A$38,0)),0)+IFERROR(INDEX(Jun!AH$6:AH$38,MATCH($A14,Jun!$A$6:$A$38,0)),0)+IFERROR(INDEX(Jul!AH$6:AH$38,MATCH($A14,Jul!$A$6:$A$38,0)),0)} -> 0 | D14: {=IFERROR(INDEX(Aug!AI$6:AI$38,MATCH($A14,Aug!$A$6:$A$38,0)),0)+IFERROR(INDEX(Sep!AI$6:AI$38,MATCH($A14,Sep!$A$6:$A$38,0)),0)+IFERROR(INDEX(Oct!AI$6:AI$38,MATCH($A14,Oct!$A$6:$A$38,0)),0)+IFERROR(INDEX(Nov!AI$6:AI$38,MATCH($A14,Nov!$A$6:$A$38,0)),0)+IFERROR(INDEX(Dec!AI$6:AI$38,MATCH($A14,Dec!$A$6:$A$38,0)),0)+IFERROR(INDEX(Jan!AI$6:AI$38,MATCH($A14,Jan!$A$6:$A$38,0)),0)+IFERROR(INDEX(Feb!AI$6:AI$38,MATCH($A14,Feb!$A$6:$A$38,0)),0)+IFERROR(INDEX(Mar!AI$6:AI$38,MATCH($A14,Mar!$A$6:$A$38,0)),0)+IFERROR(INDEX(Apr!AI$6:AI$38,MATCH($A14,Apr!$A$6:$A$38,0)),0)+IFERROR(INDEX(May!AI$6:AI$38,MATCH($A14,May!$A$6:$A$38,0)),0)+IFERROR(INDEX(Jun!AI$6:AI$38,MATCH($A14,Jun!$A$6:$A$38,0)),0)+IFERROR(INDEX(Jul!AI$6:AI$38,MATCH($A14,Jul!$A$6:$A$38,0)),0)} -> 0 | E14: {=IFERROR(INDEX(Aug!AJ$6:AJ$38,MATCH($A14,Aug!$A$6:$A$38,0)),0)+IFERROR(INDEX(Sep!AJ$6:AJ$38,MATCH($A14,Sep!$A$6:$A$38,0)),0)+IFERROR(INDEX(Oct!AJ$6:AJ$38,MATCH($A14,Oct!$A$6:$A$38,0)),0)+IFERROR(INDEX(Nov!AJ$6:AJ$38,MATCH($A14,Nov!$A$6:$A$38,0)),0)+IFERROR(INDEX(Dec!AJ$6:AJ$38,MATCH($A14,Dec!$A$6:$A$38,0)),0)+IFERROR(INDEX(Jan!AJ$6:AJ$38,MATCH($A14,Jan!$A$6:$A$38,0)),0)+IFERROR(INDEX(Feb!AJ$6:AJ$38,MATCH($A14,Feb!$A$6:$A$38,0)),0)+IFERROR(INDEX(Mar!AJ$6:AJ$38,MATCH($A14,Mar!$A$6:$A$38,0)),0)+IFERROR(INDEX(Apr!AJ$6:AJ$38,MATCH($A14,Apr!$A$6:$A$38,0)),0)+IFERROR(INDEX(May!AJ$6:AJ$38,MATCH($A14,May!$A$6:$A$38,0)),0)+IFERROR(INDEX(Jun!AJ$6:AJ$38,MATCH($A14,Jun!$A$6:$A$38,0)),0)+IFERROR(INDEX(Jul!AJ$6:AJ$38,MATCH($A14,Jul!$A$6:$A$38,0)),0)} -> 0 | F14: {=IFERROR(INDEX(Aug!AK$6:AK$38,MATCH($A14,Aug!$A$6:$A$38,0)),0)+IFERROR(INDEX(Sep!AK$6:AK$38,MATCH($A14,Sep!$A$6:$A$38,0)),0)+IFERROR(INDEX(Oct!AK$6:AK$38,MATCH($A14,Oct!$A$6:$A$38,0)),0)+IFERROR(INDEX(Nov!AK$6:AK$38,MATCH($A14,Nov!$A$6:$A$38,0)),0)+IFERROR(INDEX(Dec!AK$6:AK$38,MATCH($A14,Dec!$A$6:$A$38,0)),0)+IFERROR(INDEX(Jan!AK$6:AK$38,MATCH($A14,Jan!$A$6:$A$38,0)),0)+IFERROR(INDEX(Feb!AK$6:AK$38,MATCH($A14,Feb!$A$6:$A$38,0)),0)+IFERROR(INDEX(Mar!AK$6:AK$38,MATCH($A14,Mar!$A$6:$A$38,0)),0)+IFERROR(INDEX(Apr!AK$6:AK$38,MATCH($A14,Apr!$A$6:$A$38,0)),0)+IFERROR(INDEX(May!AK$6:AK$38,MATCH($A14,May!$A$6:$A$38,0)),0)+IFERROR(INDEX(Jun!AK$6:AK$38,MATCH($A14,Jun!$A$6:$A$38,0)),0)+IFERROR(INDEX(Jul!AK$6:AK$38,MATCH($A14,Jul!$A$6:$A$38,0)),0)} -> 0 | G14: {=IFERROR(INDEX(Aug!AL$6:AL$38,MATCH($A14,Aug!$A$6:$A$38,0)),0)+IFERROR(INDEX(Sep!AL$6:AL$38,MATCH($A14,Sep!$A$6:$A$38,0)),0)+IFERROR(INDEX(Oct!AL$6:AL$38,MATCH($A14,Oct!$A$6:$A$38,0)),0)+IFERROR(INDEX(Nov!AL$6:AL$38,MATCH($A14,Nov!$A$6:$A$38,0)),0)+IFERROR(INDEX(Dec!AL$6:AL$38,MATCH($A14,Dec!$A$6:$A$38,0)),0)+IFERROR(INDEX(Jan!AL$6:AL$38,MATCH($A14,Jan!$A$6:$A$38,0)),0)+IFERROR(INDEX(Feb!AL$6:AL$38,MATCH($A14,Feb!$A$6:$A$38,0)),0)+IFERROR(INDEX(Mar!AL$6:AL$38,MATCH($A14,Mar!$A$6:$A$38,0)),0)+IFERROR(INDEX(Apr!AL$6:AL$38,MATCH($A14,Apr!$A$6:$A$38,0)),0)+IFERROR(INDEX(May!AL$6:AL$38,MATCH($A14,May!$A$6:$A$38,0)),0)+IFERROR(INDEX(Jun!AL$6:AL$38,MATCH($A14,Jun!$A$6:$A$38,0)),0)+IFERROR(INDEX(Jul!AL$6:AL$38,MATCH($A14,Jul!$A$6:$A$38,0)),0)} -> 0 | H14: {=IFERROR(INDEX(Aug!AM$6:AM$38,MATCH($A14,Aug!$A$6:$A$38,0)),0)+IFERROR(INDEX(Sep!AM$6:AM$38,MATCH($A14,Sep!$A$6:$A$38,0)),0)+IFERROR(INDEX(Oct!AM$6:AM$38,MATCH($A14,Oct!$A$6:$A$38,0)),0)+IFERROR(INDEX(Nov!AM$6:AM$38,MATCH($A14,Nov!$A$6:$A$38,0)),0)+IFERROR(INDEX(Dec!AM$6:AM$38,MATCH($A14,Dec!$A$6:$A$38,0)),0)+IFERROR(INDEX(Jan!AM$6:AM$38,MATCH($A14,Jan!$A$6:$A$38,0)),0)+IFERROR(INDEX(Feb!AM$6:AM$38,MATCH($A14,Feb!$A$6:$A$38,0)),0)+IFERROR(INDEX(Mar!AM$6:AM$38,MATCH($A14,Mar!$A$6:$A$38,0)),0)+IFERROR(INDEX(Apr!AM$6:AM$38,MATCH($A14,Apr!$A$6:$A$38,0)),0)+IFERROR(INDEX(May!AM$6:AM$38,MATCH($A14,May!$A$6:$A$38,0)),0)+IFERROR(INDEX(Jun!AM$6:AM$38,MATCH($A14,Jun!$A$6:$A$38,0)),0)+IFERROR(INDEX(Jul!AM$6:AM$38,MATCH($A14,Jul!$A$6:$A$38,0)),0)} -> 0 | I14: =SUM(C14:H14) -> 0 | K14: The Year Totals use lookup functions based on the employee ID.
A15: 7 | C15: {=IFERROR(INDEX(Aug!AH$6:AH$38,MATCH($A15,Aug!$A$6:$A$38,0)),0)+IFERROR(INDEX(Sep!AH$6:AH$38,MATCH($A15,Sep!$A$6:$A$38,0)),0)+IFERROR(INDEX(Oct!AH$6:AH$38,MATCH($A15,Oct!$A$6:$A$38,0)),0)+IFERROR(INDEX(Nov!AH$6:AH$38,MATCH($A15,Nov!$A$6:$A$38,0)),0)+IFERROR(INDEX(Dec!AH$6:AH$38,MATCH($A15,Dec!$A$6:$A$38,0)),0)+IFERROR(INDEX(Jan!AH$6:AH$38,MATCH($A15,Jan!$A$6:$A$38,0)),0)+IFERROR(INDEX(Feb!AH$6:AH$38,MATCH($A15,Feb!$A$6:$A$38,0)),0)+IFERROR(INDEX(Mar!AH$6:AH$38,MATCH($A15,Mar!$A$6:$A$38,0)),0)+IFERROR(INDEX(Apr!AH$6:AH$38,MATCH($A15,Apr!$A$6:$A$38,0)),0)+IFERROR(INDEX(May!AH$6:AH$38,MATCH($A15,May!$A$6:$A$38,0)),0)+IFERROR(INDEX(Jun!AH$6:AH$38,MATCH($A15,Jun!$A$6:$A$38,0)),0)+IFERROR(INDEX(Jul!AH$6:AH$38,MATCH($A15,Jul!$A$6:$A$38,0)),0)} -> 0 | D15: {=IFERROR(INDEX(Aug!AI$6:AI$38,MATCH($A15,Aug!$A$6:$A$38,0)),0)+IFERROR(INDEX(Sep!AI$6:AI$38,MATCH($A15,Sep!$A$6:$A$38,0)),0)+IFERROR(INDEX(Oct!AI$6:AI$38,MATCH($A15,Oct!$A$6:$A$38,0)),0)+IFERROR(INDEX(Nov!AI$6:AI$38,MATCH($A15,Nov!$A$6:$A$38,0)),0)+IFERROR(INDEX(Dec!AI$6:AI$38,MATCH($A15,Dec!$A$6:$A$38,0)),0)+IFERROR(INDEX(Jan!AI$6:AI$38,MATCH($A15,Jan!$A$6:$A$38,0)),0)+IFERROR(INDEX(Feb!AI$6:AI$38,MATCH($A15,Feb!$A$6:$A$38,0)),0)+IFERROR(INDEX(Mar!AI$6:AI$38,MATCH($A15,Mar!$A$6:$A$38,0)),0)+IFERROR(INDEX(Apr!AI$6:AI$38,MATCH($A15,Apr!$A$6:$A$38,0)),0)+IFERROR(INDEX(May!AI$6:AI$38,MATCH($A15,May!$A$6:$A$38,0)),0)+IFERROR(INDEX(Jun!AI$6:AI$38,MATCH($A15,Jun!$A$6:$A$38,0)),0)+IFERROR(INDEX(Jul!AI$6:AI$38,MATCH($A15,Jul!$A$6:$A$38,0)),0)} -> 0 | E15: {=IFERROR(INDEX(Aug!AJ$6:AJ$38,MATCH($A15,Aug!$A$6:$A$38,0)),0)+IFERROR(INDEX(Sep!AJ$6:AJ$38,MATCH($A15,Sep!$A$6:$A$38,0)),0)+IFERROR(INDEX(Oct!AJ$6:AJ$38,MATCH($A15,Oct!$A$6:$A$38,0)),0)+IFERROR(INDEX(Nov!AJ$6:AJ$38,MATCH($A15,Nov!$A$6:$A$38,0)),0)+IFERROR(INDEX(Dec!AJ$6:AJ$38,MATCH($A15,Dec!$A$6:$A$38,0)),0)+IFERROR(INDEX(Jan!AJ$6:AJ$38,MATCH($A15,Jan!$A$6:$A$38,0)),0)+IFERROR(INDEX(Feb!AJ$6:AJ$38,MATCH($A15,Feb!$A$6:$A$38,0)),0)+IFERROR(INDEX(Mar!AJ$6:AJ$38,MATCH($A15,Mar!$A$6:$A$38,0)),0)+IFERROR(INDEX(Apr!AJ$6:AJ$38,MATCH($A15,Apr!$A$6:$A$38,0)),0)+IFERROR(INDEX(May!AJ$6:AJ$38,MATCH($A15,May!$A$6:$A$38,0)),0)+IFERROR(INDEX(Jun!AJ$6:AJ$38,MATCH($A15,Jun!$A$6:$A$38,0)),0)+IFERROR(INDEX(Jul!AJ$6:AJ$38,MATCH($A15,Jul!$A$6:$A$38,0)),0)} -> 0 | F15: {=IFERROR(INDEX(Aug!AK$6:AK$38,MATCH($A15,Aug!$A$6:$A$38,0)),0)+IFERROR(INDEX(Sep!AK$6:AK$38,MATCH($A15,Sep!$A$6:$A$38,0)),0)+IFERROR(INDEX(Oct!AK$6:AK$38,MATCH($A15,Oct!$A$6:$A$38,0)),0)+IFERROR(INDEX(Nov!AK$6:AK$38,MATCH($A15,Nov!$A$6:$A$38,0)),0)+IFERROR(INDEX(Dec!AK$6:AK$38,MATCH($A15,Dec!$A$6:$A$38,0)),0)+IFERROR(INDEX(Jan!AK$6:AK$38,MATCH($A15,Jan!$A$6:$A$38,0)),0)+IFERROR(INDEX(Feb!AK$6:AK$38,MATCH($A15,Feb!$A$6:$A$38,0)),0)+IFERROR(INDEX(Mar!AK$6:AK$38,MATCH($A15,Mar!$A$6:$A$38,0)),0)+IFERROR(INDEX(Apr!AK$6:AK$38,MATCH($A15,Apr!$A$6:$A$38,0)),0)+IFERROR(INDEX(May!AK$6:AK$38,MATCH($A15,May!$A$6:$A$38,0)),0)+IFERROR(INDEX(Jun!AK$6:AK$38,MATCH($A15,Jun!$A$6:$A$38,0)),0)+IFERROR(INDEX(Jul!AK$6:AK$38,MATCH($A15,Jul!$A$6:$A$38,0)),0)} -> 0 | G15: {=IFERROR(INDEX(Aug!AL$6:AL$38,MATCH($A15,Aug!$A$6:$A$38,0)),0)+IFERROR(INDEX(Sep!AL$6:AL$38,MATCH($A15,Sep!$A$6:$A$38,0)),0)+IFERROR(INDEX(Oct!AL$6:AL$38,MATCH($A15,Oct!$A$6:$A$38,0)),0)+IFERROR(INDEX(Nov!AL$6:AL$38,MATCH($A15,Nov!$A$6:$A$38,0)),0)+IFERROR(INDEX(Dec!AL$6:AL$38,MATCH($A15,Dec!$A$6:$A$38,0)),0)+IFERROR(INDEX(Jan!AL$6:AL$38,MATCH($A15,Jan!$A$6:$A$38,0)),0)+IFERROR(INDEX(Feb!AL$6:AL$38,MATCH($A15,Feb!$A$6:$A$38,0)),0)+IFERROR(INDEX(Mar!AL$6:AL$38,MATCH($A15,Mar!$A$6:$A$38,0)),0)+IFERROR(INDEX(Apr!AL$6:AL$38,MATCH($A15,Apr!$A$6:$A$38,0)),0)+IFERROR(INDEX(May!AL$6:AL$38,MATCH($A15,May!$A$6:$A$38,0)),0)+IFERROR(INDEX(Jun!AL$6:AL$38,MATCH($A15,Jun!$A$6:$A$38,0)),0)+IFERROR(INDEX(Jul!AL$6:AL$38,MATCH($A15,Jul!$A$6:$A$38,0)),0)} -> 0 | H15: {=IFERROR(INDEX(Aug!AM$6:AM$38,MATCH($A15,Aug!$A$6:$A$38,0)),0)+IFERROR(INDEX(Sep!AM$6:AM$38,MATCH($A15,Sep!$A$6:$A$38,0)),0)+IFERROR(INDEX(Oct!AM$6:AM$38,MATCH($A15,Oct!$A$6:$A$38,0)),0)+IFERROR(INDEX(Nov!AM$6:AM$38,MATCH($A15,Nov!$A$6:$A$38,0)),0)+IFERROR(INDEX(Dec!AM$6:AM$38,MATCH($A15,Dec!$A$6:$A$38,0)),0)+IFERROR(INDEX(Jan!AM$6:AM$38,MATCH($A15,Jan!$A$6:$A$38,0)),0)+IFERROR(INDEX(Feb!AM$6:AM$38,MATCH($A15,Feb!$A$6:$A$38,0)),0)+IFERROR(INDEX(Mar!AM$6:AM$38,MATCH($A15,Mar!$A$6:$A$38,0)),0)+IFERROR(INDEX(Apr!AM$6:AM$38,MATCH($A15,Apr!$A$6:$A$38,0)),0)+IFERROR(INDEX(May!AM$6:AM$38,MATCH($A15,May!$A$6:$A$38,0)),0)+IFERROR(INDEX(Jun!AM$6:AM$38,MATCH($A15,Jun!$A$6:$A$38,0)),0)+IFERROR(INDEX(Jul!AM$6:AM$38,MATCH($A15,Jul!$A$6:$A$38,0)),0)} -> 0 | I15: =SUM(C15:H15) -> 0 | K15: Make sure the employee IDs are unique.
A16: 8 | C16: {=IFERROR(INDEX(Aug!AH$6:AH$38,MATCH($A16,Aug!$A$6:$A$38,0)),0)+IFERROR(INDEX(Sep!AH$6:AH$38,MATCH($A16,Sep!$A$6:$A$38,0)),0)+IFERROR(INDEX(Oct!AH$6:AH$38,MATCH($A16,Oct!$A$6:$A$38,0)),0)+IFERROR(INDEX(Nov!AH$6:AH$38,MATCH($A16,Nov!$A$6:$A$38,0)),0)+IFERROR(INDEX(Dec!AH$6:AH$38,MATCH($A16,Dec!$A$6:$A$38,0)),0)+IFERROR(INDEX(Jan!AH$6:AH$38,MATCH($A16,Jan!$A$6:$A$38,0)),0)+IFERROR(INDEX(Feb!AH$6:AH$38,MATCH($A16,Feb!$A$6:$A$38,0)),0)+IFERROR(INDEX(Mar!AH$6:AH$38,MATCH($A16,Mar!$A$6:$A$38,0)),0)+IFERROR(INDEX(Apr!AH$6:AH$38,MATCH($A16,Apr!$A$6:$A$38,0)),0)+IFERROR(INDEX(May!AH$6:AH$38,MATCH($A16,May!$A$6:$A$38,0)),0)+IFERROR(INDEX(Jun!AH$6:AH$38,MATCH($A16,Jun!$A$6:$A$38,0)),0)+IFERROR(INDEX(Jul!AH$6:AH$38,MATCH($A16,Jul!$A$6:$A$38,0)),0)} -> 0 | D16: {=IFERROR(INDEX(Aug!AI$6:AI$38,MATCH($A16,Aug!$A$6:$A$38,0)),0)+IFERROR(INDEX(Sep!AI$6:AI$38,MATCH($A16,Sep!$A$6:$A$38,0)),0)+IFERROR(INDEX(Oct!AI$6:AI$38,MATCH($A16,Oct!$A$6:$A$38,0)),0)+IFERROR(INDEX(Nov!AI$6:AI$38,MATCH($A16,Nov!$A$6:$A$38,0)),0)+IFERROR(INDEX(Dec!AI$6:AI$38,MATCH($A16,Dec!$A$6:$A$38,0)),0)+IFERROR(INDEX(Jan!AI$6:AI$38,MATCH($A16,Jan!$A$6:$A$38,0)),0)+IFERROR(INDEX(Feb!AI$6:AI$38,MATCH($A16,Feb!$A$6:$A$38,0)),0)+IFERROR(INDEX(Mar!AI$6:AI$38,MATCH($A16,Mar!$A$6:$A$38,0)),0)+IFERROR(INDEX(Apr!AI$6:AI$38,MATCH($A16,Apr!$A$6:$A$38,0)),0)+IFERROR(INDEX(May!AI$6:AI$38,MATCH($A16,May!$A$6:$A$38,0)),0)+IFERROR(INDEX(Jun!AI$6:AI$38,MATCH($A16,Jun!$A$6:$A$38,0)),0)+IFERROR(INDEX(Jul!AI$6:AI$38,MATCH($A16,Jul!$A$6:$A$38,0)),0)} -> 0 | E16: {=IFERROR(INDEX(Aug!AJ$6:AJ$38,MATCH($A16,Aug!$A$6:$A$38,0)),0)+IFERROR(INDEX(Sep!AJ$6:AJ$38,MATCH($A16,Sep!$A$6:$A$38,0)),0)+IFERROR(INDEX(Oct!AJ$6:AJ$38,MATCH($A16,Oct!$A$6:$A$38,0)),0)+IFERROR(INDEX(Nov!AJ$6:AJ$38,MATCH($A16,Nov!$A$6:$A$38,0)),0)+IFERROR(INDEX(Dec!AJ$6:AJ$38,MATCH($A16,Dec!$A$6:$A$38,0)),0)+IFERROR(INDEX(Jan!AJ$6:AJ$38,MATCH($A16,Jan!$A$6:$A$38,0)),0)+IFERROR(INDEX(Feb!AJ$6:AJ$38,MATCH($A16,Feb!$A$6:$A$38,0)),0)+IFERROR(INDEX(Mar!AJ$6:AJ$38,MATCH($A16,Mar!$A$6:$A$38,0)),0)+IFERROR(INDEX(Apr!AJ$6:AJ$38,MATCH($A16,Apr!$A$6:$A$38,0)),0)+IFERROR(INDEX(May!AJ$6:AJ$38,MATCH($A16,May!$A$6:$A$38,0)),0)+IFERROR(INDEX(Jun!AJ$6:AJ$38,MATCH($A16,Jun!$A$6:$A$38,0)),0)+IFERROR(INDEX(Jul!AJ$6:AJ$38,MATCH($A16,Jul!$A$6:$A$38,0)),0)} -> 0 | F16: {=IFERROR(INDEX(Aug!AK$6:AK$38,MATCH($A16,Aug!$A$6:$A$38,0)),0)+IFERROR(INDEX(Sep!AK$6:AK$38,MATCH($A16,Sep!$A$6:$A$38,0)),0)+IFERROR(INDEX(Oct!AK$6:AK$38,MATCH($A16,Oct!$A$6:$A$38,0)),0)+IFERROR(INDEX(Nov!AK$6:AK$38,MATCH($A16,Nov!$A$6:$A$38,0)),0)+IFERROR(INDEX(Dec!AK$6:AK$38,MATCH($A16,Dec!$A$6:$A$38,0)),0)+IFERROR(INDEX(Jan!AK$6:AK$38,MATCH($A16,Jan!$A$6:$A$38,0)),0)+IFERROR(INDEX(Feb!AK$6:AK$38,MATCH($A16,Feb!$A$6:$A$38,0)),0)+IFERROR(INDEX(Mar!AK$6:AK$38,MATCH($A16,Mar!$A$6:$A$38,0)),0)+IFERROR(INDEX(Apr!AK$6:AK$38,MATCH($A16,Apr!$A$6:$A$38,0)),0)+IFERROR(INDEX(May!AK$6:AK$38,MATCH($A16,May!$A$6:$A$38,0)),0)+IFERROR(INDEX(Jun!AK$6:AK$38,MATCH($A16,Jun!$A$6:$A$38,0)),0)+IFERROR(INDEX(Jul!AK$6:AK$38,MATCH($A16,Jul!$A$6:$A$38,0)),0)} -> 0 | G16: {=IFERROR(INDEX(Aug!AL$6:AL$38,MATCH($A16,Aug!$A$6:$A$38,0)),0)+IFERROR(INDEX(Sep!AL$6:AL$38,MATCH($A16,Sep!$A$6:$A$38,0)),0)+IFERROR(INDEX(Oct!AL$6:AL$38,MATCH($A16,Oct!$A$6:$A$38,0)),0)+IFERROR(INDEX(Nov!AL$6:AL$38,MATCH($A16,Nov!$A$6:$A$38,0)),0)+IFERROR(INDEX(Dec!AL$6:AL$38,MATCH($A16,Dec!$A$6:$A$38,0)),0)+IFERROR(INDEX(Jan!AL$6:AL$38,MATCH($A16,Jan!$A$6:$A$38,0)),0)+IFERROR(INDEX(Feb!AL$6:AL$38,MATCH($A16,Feb!$A$6:$A$38,0)),0)+IFERROR(INDEX(Mar!AL$6:AL$38,MATCH($A16,Mar!$A$6:$A$38,0)),0)+IFERROR(INDEX(Apr!AL$6:AL$38,MATCH($A16,Apr!$A$6:$A$38,0)),0)+IFERROR(INDEX(May!AL$6:AL$38,MATCH($A16,May!$A$6:$A$38,0)),0)+IFERROR(INDEX(Jun!AL$6:AL$38,MATCH($A16,Jun!$A$6:$A$38,0)),0)+IFERROR(INDEX(Jul!AL$6:AL$38,MATCH($A16,Jul!$A$6:$A$38,0)),0)} -> 0 | H16: {=IFERROR(INDEX(Aug!AM$6:AM$38,MATCH($A16,Aug!$A$6:$A$38,0)),0)+IFERROR(INDEX(Sep!AM$6:AM$38,MATCH($A16,Sep!$A$6:$A$38,0)),0)+IFERROR(INDEX(Oct!AM$6:AM$38,MATCH($A16,Oct!$A$6:$A$38,0)),0)+IFERROR(INDEX(Nov!AM$6:AM$38,MATCH($A16,Nov!$A$6:$A$38,0)),0)+IFERROR(INDEX(Dec!AM$6:AM$38,MATCH($A16,Dec!$A$6:$A$38,0)),0)+IFERROR(INDEX(Jan!AM$6:AM$38,MATCH($A16,Jan!$A$6:$A$38,0)),0)+IFERROR(INDEX(Feb!AM$6:AM$38,MATCH($A16,Feb!$A$6:$A$38,0)),0)+IFERROR(INDEX(Mar!AM$6:AM$38,MATCH($A16,Mar!$A$6:$A$38,0)),0)+IFERROR(INDEX(Apr!AM$6:AM$38,MATCH($A16,Apr!$A$6:$A$38,0)),0)+IFERROR(INDEX(May!AM$6:AM$38,MATCH($A16,May!$A$6:$A$38,0)),0)+IFERROR(INDEX(Jun!AM$6:AM$38,MATCH($A16,Jun!$A$6:$A$38,0)),0)+IFERROR(INDEX(Jul!AM$6:AM$38,MATCH($A16,Jul!$A$6:$A$38,0)),0)} -> 0 | I16: =SUM(C16:H16) -> 0
A17: 9 | C17: {=IFERROR(INDEX(Aug!AH$6:AH$38,MATCH($A17,Aug!$A$6:$A$38,0)),0)+IFERROR(INDEX(Sep!AH$6:AH$38,MATCH($A17,Sep!$A$6:$A$38,0)),0)+IFERROR(INDEX(Oct!AH$6:AH$38,MATCH($A17,Oct!$A$6:$A$38,0)),0)+IFERROR(INDEX(Nov!AH$6:AH$38,MATCH($A17,Nov!$A$6:$A$38,0)),0)+IFERROR(INDEX(Dec!AH$6:AH$38,MATCH($A17,Dec!$A$6:$A$38,0)),0)+IFERROR(INDEX(Jan!AH$6:AH$38,MATCH($A17,Jan!$A$6:$A$38,0)),0)+IFERROR(INDEX(Feb!AH$6:AH$38,MATCH($A17,Feb!$A$6:$A$38,0)),0)+IFERROR(INDEX(Mar!AH$6:AH$38,MATCH($A17,Mar!$A$6:$A$38,0)),0)+IFERROR(INDEX(Apr!AH$6:AH$38,MATCH($A17,Apr!$A$6:$A$38,0)),0)+IFERROR(INDEX(May!AH$6:AH$38,MATCH($A17,May!$A$6:$A$38,0)),0)+IFERROR(INDEX(Jun!AH$6:AH$38,MATCH($A17,Jun!$A$6:$A$38,0)),0)+IFERROR(INDEX(Jul!AH$6:AH$38,MATCH($A17,Jul!$A$6:$A$38,0)),0)} -> 0 | D17: {=IFERROR(INDEX(Aug!AI$6:AI$38,MATCH($A17,Aug!$A$6:$A$38,0)),0)+IFERROR(INDEX(Sep!AI$6:AI$38,MATCH($A17,Sep!$A$6:$A$38,0)),0)+IFERROR(INDEX(Oct!AI$6:AI$38,MATCH($A17,Oct!$A$6:$A$38,0)),0)+IFERROR(INDEX(Nov!AI$6:AI$38,MATCH($A17,Nov!$A$6:$A$38,0)),0)+IFERROR(INDEX(Dec!AI$6:AI$38,MATCH($A17,Dec!$A$6:$A$38,0)),0)+IFERROR(INDEX(Jan!AI$6:AI$38,MATCH($A17,Jan!$A$6:$A$38,0)),0)+IFERROR(INDEX(Feb!AI$6:AI$38,MATCH($A17,Feb!$A$6:$A$38,0)),0)+IFERROR(INDEX(Mar!AI$6:AI$38,MATCH($A17,Mar!$A$6:$A$38,0)),0)+IFERROR(INDEX(Apr!AI$6:AI$38,MATCH($A17,Apr!$A$6:$A$38,0)),0)+IFERROR(INDEX(May!AI$6:AI$38,MATCH($A17,May!$A$6:$A$38,0)),0)+IFERROR(INDEX(Jun!AI$6:AI$38,MATCH($A17,Jun!$A$6:$A$38,0)),0)+IFERROR(INDEX(Jul!AI$6:AI$38,MATCH($A17,Jul!$A$6:$A$38,0)),0)} -> 0 | E17: {=IFERROR(INDEX(Aug!AJ$6:AJ$38,MATCH($A17,Aug!$A$6:$A$38,0)),0)+IFERROR(INDEX(Sep!AJ$6:AJ$38,MATCH($A17,Sep!$A$6:$A$38,0)),0)+IFERROR(INDEX(Oct!AJ$6:AJ$38,MATCH($A17,Oct!$A$6:$A$38,0)),0)+IFERROR(INDEX(Nov!AJ$6:AJ$38,MATCH($A17,Nov!$A$6:$A$38,0)),0)+IFERROR(INDEX(Dec!AJ$6:AJ$38,MATCH($A17,Dec!$A$6:$A$38,0)),0)+IFERROR(INDEX(Jan!AJ$6:AJ$38,MATCH($A17,Jan!$A$6:$A$38,0)),0)+IFERROR(INDEX(Feb!AJ$6:AJ$38,MATCH($A17,Feb!$A$6:$A$38,0)),0)+IFERROR(INDEX(Mar!AJ$6:AJ$38,MATCH($A17,Mar!$A$6:$A$38,0)),0)+IFERROR(INDEX(Apr!AJ$6:AJ$38,MATCH($A17,Apr!$A$6:$A$38,0)),0)+IFERROR(INDEX(May!AJ$6:AJ$38,MATCH($A17,May!$A$6:$A$38,0)),0)+IFERROR(INDEX(Jun!AJ$6:AJ$38,MATCH($A17,Jun!$A$6:$A$38,0)),0)+IFERROR(INDEX(Jul!AJ$6:AJ$38,MATCH($A17,Jul!$A$6:$A$38,0)),0)} -> 0 | F17: {=IFERROR(INDEX(Aug!AK$6:AK$38,MATCH($A17,Aug!$A$6:$A$38,0)),0)+IFERROR(INDEX(Sep!AK$6:AK$38,MATCH($A17,Sep!$A$6:$A$38,0)),0)+IFERROR(INDEX(Oct!AK$6:AK$38,MATCH($A17,Oct!$A$6:$A$38,0)),0)+IFERROR(INDEX(Nov!AK$6:AK$38,MATCH($A17,Nov!$A$6:$A$38,0)),0)+IFERROR(INDEX(Dec!AK$6:AK$38,MATCH($A17,Dec!$A$6:$A$38,0)),0)+IFERROR(INDEX(Jan!AK$6:AK$38,MATCH($A17,Jan!$A$6:$A$38,0)),0)+IFERROR(INDEX(Feb!AK$6:AK$38,MATCH($A17,Feb!$A$6:$A$38,0)),0)+IFERROR(INDEX(Mar!AK$6:AK$38,MATCH($A17,Mar!$A$6:$A$38,0)),0)+IFERROR(INDEX(Apr!AK$6:AK$38,MATCH($A17,Apr!$A$6:$A$38,0)),0)+IFERROR(INDEX(May!AK$6:AK$38,MATCH($A17,May!$A$6:$A$38,0)),0)+IFERROR(INDEX(Jun!AK$6:AK$38,MATCH($A17,Jun!$A$6:$A$38,0)),0)+IFERROR(INDEX(Jul!AK$6:AK$38,MATCH($A17,Jul!$A$6:$A$38,0)),0)} -> 0 | G17: {=IFERROR(INDEX(Aug!AL$6:AL$38,MATCH($A17,Aug!$A$6:$A$38,0)),0)+IFERROR(INDEX(Sep!AL$6:AL$38,MATCH($A17,Sep!$A$6:$A$38,0)),0)+IFERROR(INDEX(Oct!AL$6:AL$38,MATCH($A17,Oct!$A$6:$A$38,0)),0)+IFERROR(INDEX(Nov!AL$6:AL$38,MATCH($A17,Nov!$A$6:$A$38,0)),0)+IFERROR(INDEX(Dec!AL$6:AL$38,MATCH($A17,Dec!$A$6:$A$38,0)),0)+IFERROR(INDEX(Jan!AL$6:AL$38,MATCH($A17,Jan!$A$6:$A$38,0)),0)+IFERROR(INDEX(Feb!AL$6:AL$38,MATCH($A17,Feb!$A$6:$A$38,0)),0)+IFERROR(INDEX(Mar!AL$6:AL$38,MATCH($A17,Mar!$A$6:$A$38,0)),0)+IFERROR(INDEX(Apr!AL$6:AL$38,MATCH($A17,Apr!$A$6:$A$38,0)),0)+IFERROR(INDEX(May!AL$6:AL$38,MATCH($A17,May!$A$6:$A$38,0)),0)+IFERROR(INDEX(Jun!AL$6:AL$38,MATCH($A17,Jun!$A$6:$A$38,0)),0)+IFERROR(INDEX(Jul!AL$6:AL$38,MATCH($A17,Jul!$A$6:$A$38,0)),0)} -> 0 | H17: {=IFERROR(INDEX(Aug!AM$6:AM$38,MATCH($A17,Aug!$A$6:$A$38,0)),0)+IFERROR(INDEX(Sep!AM$6:AM$38,MATCH($A17,Sep!$A$6:$A$38,0)),0)+IFERROR(INDEX(Oct!AM$6:AM$38,MATCH($A17,Oct!$A$6:$A$38,0)),0)+IFERROR(INDEX(Nov!AM$6:AM$38,MATCH($A17,Nov!$A$6:$A$38,0)),0)+IFERROR(INDEX(Dec!AM$6:AM$38,MATCH($A17,Dec!$A$6:$A$38,0)),0)+IFERROR(INDEX(Jan!AM$6:AM$38,MATCH($A17,Jan!$A$6:$A$38,0)),0)+IFERROR(INDEX(Feb!AM$6:AM$38,MATCH($A17,Feb!$A$6:$A$38,0)),0)+IFERROR(INDEX(Mar!AM$6:AM$38,MATCH($A17,Mar!$A$6:$A$38,0)),0)+IFERROR(INDEX(Apr!AM$6:AM$38,MATCH($A17,Apr!$A$6:$A$38,0)),0)+IFERROR(INDEX(May!AM$6:AM$38,MATCH($A17,May!$A$6:$A$38,0)),0)+IFERROR(INDEX(Jun!AM$6:AM$38,MATCH($A17,Jun!$A$6:$A$38,0)),0)+IFERROR(INDEX(Jul!AM$6:AM$38,MATCH($A17,Jul!$A$6:$A$38,0)),0)} -> 0 | I17: =SUM(C17:H17) -> 0 | K17: If you need to add more names, you will need to insert
A18: 10 | C18: {=IFERROR(INDEX(Aug!AH$6:AH$38,MATCH($A18,Aug!$A$6:$A$38,0)),0)+IFERROR(INDEX(Sep!AH$6:AH$38,MATCH($A18,Sep!$A$6:$A$38,0)),0)+IFERROR(INDEX(Oct!AH$6:AH$38,MATCH($A18,Oct!$A$6:$A$38,0)),0)+IFERROR(INDEX(Nov!AH$6:AH$38,MATCH($A18,Nov!$A$6:$A$38,0)),0)+IFERROR(INDEX(Dec!AH$6:AH$38,MATCH($A18,Dec!$A$6:$A$38,0)),0)+IFERROR(INDEX(Jan!AH$6:AH$38,MATCH($A18,Jan!$A$6:$A$38,0)),0)+IFERROR(INDEX(Feb!AH$6:AH$38,MATCH($A18,Feb!$A$6:$A$38,0)),0)+IFERROR(INDEX(Mar!AH$6:AH$38,MATCH($A18,Mar!$A$6:$A$38,0)),0)+IFERROR(INDEX(Apr!AH$6:AH$38,MATCH($A18,Apr!$A$6:$A$38,0)),0)+IFERROR(INDEX(May!AH$6:AH$38,MATCH($A18,May!$A$6:$A$38,0)),0)+IFERROR(INDEX(Jun!AH$6:AH$38,MATCH($A18,Jun!$A$6:$A$38,0)),0)+IFERROR(INDEX(Jul!AH$6:AH$38,MATCH($A18,Jul!$A$6:$A$38,0)),0)} -> 0 | D18: {=IFERROR(INDEX(Aug!AI$6:AI$38,MATCH($A18,Aug!$A$6:$A$38,0)),0)+IFERROR(INDEX(Sep!AI$6:AI$38,MATCH($A18,Sep!$A$6:$A$38,0)),0)+IFERROR(INDEX(Oct!AI$6:AI$38,MATCH($A18,Oct!$A$6:$A$38,0)),0)+IFERROR(INDEX(Nov!AI$6:AI$38,MATCH($A18,Nov!$A$6:$A$38,0)),0)+IFERROR(INDEX(Dec!AI$6:AI$38,MATCH($A18,Dec!$A$6:$A$38,0)),0)+IFERROR(INDEX(Jan!AI$6:AI$38,MATCH($A18,Jan!$A$6:$A$38,0)),0)+IFERROR(INDEX(Feb!AI$6:AI$38,MATCH($A18,Feb!$A$6:$A$38,0)),0)+IFERROR(INDEX(Mar!AI$6:AI$38,MATCH($A18,Mar!$A$6:$A$38,0)),0)+IFERROR(INDEX(Apr!AI$6:AI$38,MATCH($A18,Apr!$A$6:$A$38,0)),0)+IFERROR(INDEX(May!AI$6:AI$38,MATCH($A18,May!$A$6:$A$38,0)),0)+IFERROR(INDEX(Jun!AI$6:AI$38,MATCH($A18,Jun!$A$6:$A$38,0)),0)+IFERROR(INDEX(Jul!AI$6:AI$38,MATCH($A18,Jul!$A$6:$A$38,0)),0)} -> 0 | E18: {=IFERROR(INDEX(Aug!AJ$6:AJ$38,MATCH($A18,Aug!$A$6:$A$38,0)),0)+IFERROR(INDEX(Sep!AJ$6:AJ$38,MATCH($A18,Sep!$A$6:$A$38,0)),0)+IFERROR(INDEX(Oct!AJ$6:AJ$38,MATCH($A18,Oct!$A$6:$A$38,0)),0)+IFERROR(INDEX(Nov!AJ$6:AJ$38,MATCH($A18,Nov!$A$6:$A$38,0)),0)+IFERROR(INDEX(Dec!AJ$6:AJ$38,MATCH($A18,Dec!$A$6:$A$38,0)),0)+IFERROR(INDEX(Jan!AJ$6:AJ$38,MATCH($A18,Jan!$A$6:$A$38,0)),0)+IFERROR(INDEX(Feb!AJ$6:AJ$38,MATCH($A18,Feb!$A$6:$A$38,0)),0)+IFERROR(INDEX(Mar!AJ$6:AJ$38,MATCH($A18,Mar!$A$6:$A$38,0)),0)+IFERROR(INDEX(Apr!AJ$6:AJ$38,MATCH($A18,Apr!$A$6:$A$38,0)),0)+IFERROR(INDEX(May!AJ$6:AJ$38,MATCH($A18,May!$A$6:$A$38,0)),0)+IFERROR(INDEX(Jun!AJ$6:AJ$38,MATCH($A18,Jun!$A$6:$A$38,0)),0)+IFERROR(INDEX(Jul!AJ$6:AJ$38,MATCH($A18,Jul!$A$6:$A$38,0)),0)} -> 0 | F18: {=IFERROR(INDEX(Aug!AK$6:AK$38,MATCH($A18,Aug!$A$6:$A$38,0)),0)+IFERROR(INDEX(Sep!AK$6:AK$38,MATCH($A18,Sep!$A$6:$A$38,0)),0)+IFERROR(INDEX(Oct!AK$6:AK$38,MATCH($A18,Oct!$A$6:$A$38,0)),0)+IFERROR(INDEX(Nov!AK$6:AK$38,MATCH($A18,Nov!$A$6:$A$38,0)),0)+IFERROR(INDEX(Dec!AK$6:AK$38,MATCH($A18,Dec!$A$6:$A$38,0)),0)+IFERROR(INDEX(Jan!AK$6:AK$38,MATCH($A18,Jan!$A$6:$A$38,0)),0)+IFERROR(INDEX(Feb!AK$6:AK$38,MATCH($A18,Feb!$A$6:$A$38,0)),0)+IFERROR(INDEX(Mar!AK$6:AK$38,MATCH($A18,Mar!$A$6:$A$38,0)),0)+IFERROR(INDEX(Apr!AK$6:AK$38,MATCH($A18,Apr!$A$6:$A$38,0)),0)+IFERROR(INDEX(May!AK$6:AK$38,MATCH($A18,May!$A$6:$A$38,0)),0)+IFERROR(INDEX(Jun!AK$6:AK$38,MATCH($A18,Jun!$A$6:$A$38,0)),0)+IFERROR(INDEX(Jul!AK$6:AK$38,MATCH($A18,Jul!$A$6:$A$38,0)),0)} -> 0 | G18: {=IFERROR(INDEX(Aug!AL$6:AL$38,MATCH($A18,Aug!$A$6:$A$38,0)),0)+IFERROR(INDEX(Sep!AL$6:AL$38,MATCH($A18,Sep!$A$6:$A$38,0)),0)+IFERROR(INDEX(Oct!AL$6:AL$38,MATCH($A18,Oct!$A$6:$A$38,0)),0)+IFERROR(INDEX(Nov!AL$6:AL$38,MATCH($A18,Nov!$A$6:$A$38,0)),0)+IFERROR(INDEX(Dec!AL$6:AL$38,MATCH($A18,Dec!$A$6:$A$38,0)),0)+IFERROR(INDEX(Jan!AL$6:AL$38,MATCH($A18,Jan!$A$6:$A$38,0)),0)+IFERROR(INDEX(Feb!AL$6:AL$38,MATCH($A18,Feb!$A$6:$A$38,0)),0)+IFERROR(INDEX(Mar!AL$6:AL$38,MATCH($A18,Mar!$A$6:$A$38,0)),0)+IFERROR(INDEX(Apr!AL$6:AL$38,MATCH($A18,Apr!$A$6:$A$38,0)),0)+IFERROR(INDEX(May!AL$6:AL$38,MATCH($A18,May!$A$6:$A$38,0)),0)+IFERROR(INDEX(Jun!AL$6:AL$38,MATCH($A18,Jun!$A$6:$A$38,0)),0)+IFERROR(INDEX(Jul!AL$6:AL$38,MATCH($A18,Jul!$A$6:$A$38,0)),0)} -> 0 | H18: {=IFERROR(INDEX(Aug!AM$6:AM$38,MATCH($A18,Aug!$A$6:$A$38,0)),0)+IFERROR(INDEX(Sep!AM$6:AM$38,MATCH($A18,Sep!$A$6:$A$38,0)),0)+IFERROR(INDEX(Oct!AM$6:AM$38,MATCH($A18,Oct!$A$6:$A$38,0)),0)+IFERROR(INDEX(Nov!AM$6:AM$38,MATCH($A18,Nov!$A$6:$A$38,0)),0)+IFERROR(INDEX(Dec!AM$6:AM$38,MATCH($A18,Dec!$A$6:$A$38,0)),0)+IFERROR(INDEX(Jan!AM$6:AM$38,MATCH($A18,Jan!$A$6:$A$38,0)),0)+IFERROR(INDEX(Feb!AM$6:AM$38,MATCH($A18,Feb!$A$6:$A$38,0)),0)+IFERROR(INDEX(Mar!AM$6:AM$38,MATCH($A18,Mar!$A$6:$A$38,0)),0)+IFERROR(INDEX(Apr!AM$6:AM$38,MATCH($A18,Apr!$A$6:$A$38,0)),0)+IFERROR(INDEX(May!AM$6:AM$38,MATCH($A18,May!$A$6:$A$38,0)),0)+IFERROR(INDEX(Jun!AM$6:AM$38,MATCH($A18,Jun!$A$6:$A$38,0)),0)+IFERROR(INDEX(Jul!AM$6:AM$38,MATCH($A18,Jul!$A$6:$A$38,0)),0)} -> 0 | I18: =SUM(C18:H18) -> 0 | K18: new rows ABOVE the last row in the tables (the gray row).
A19: 11 | C19: {=IFERROR(INDEX(Aug!AH$6:AH$38,MATCH($A19,Aug!$A$6:$A$38,0)),0)+IFERROR(INDEX(Sep!AH$6:AH$38,MATCH($A19,Sep!$A$6:$A$38,0)),0)+IFERROR(INDEX(Oct!AH$6:AH$38,MATCH($A19,Oct!$A$6:$A$38,0)),0)+IFERROR(INDEX(Nov!AH$6:AH$38,MATCH($A19,Nov!$A$6:$A$38,0)),0)+IFERROR(INDEX(Dec!AH$6:AH$38,MATCH($A19,Dec!$A$6:$A$38,0)),0)+IFERROR(INDEX(Jan!AH$6:AH$38,MATCH($A19,Jan!$A$6:$A$38,0)),0)+IFERROR(INDEX(Feb!AH$6:AH$38,MATCH($A19,Feb!$A$6:$A$38,0)),0)+IFERROR(INDEX(Mar!AH$6:AH$38,MATCH($A19,Mar!$A$6:$A$38,0)),0)+IFERROR(INDEX(Apr!AH$6:AH$38,MATCH($A19,Apr!$A$6:$A$38,0)),0)+IFERROR(INDEX(May!AH$6:AH$38,MATCH($A19,May!$A$6:$A$38,0)),0)+IFERROR(INDEX(Jun!AH$6:AH$38,MATCH($A19,Jun!$A$6:$A$38,0)),0)+IFERROR(INDEX(Jul!AH$6:AH$38,MATCH($A19,Jul!$A$6:$A$38,0)),0)} -> 0 | D19: {=IFERROR(INDEX(Aug!AI$6:AI$38,MATCH($A19,Aug!$A$6:$A$38,0)),0)+IFERROR(INDEX(Sep!AI$6:AI$38,MATCH($A19,Sep!$A$6:$A$38,0)),0)+IFERROR(INDEX(Oct!AI$6:AI$38,MATCH($A19,Oct!$A$6:$A$38,0)),0)+IFERROR(INDEX(Nov!AI$6:AI$38,MATCH($A19,Nov!$A$6:$A$38,0)),0)+IFERROR(INDEX(Dec!AI$6:AI$38,MATCH($A19,Dec!$A$6:$A$38,0)),0)+IFERROR(INDEX(Jan!AI$6:AI$38,MATCH($A19,Jan!$A$6:$A$38,0)),0)+IFERROR(INDEX(Feb!AI$6:AI$38,MATCH($A19,Feb!$A$6:$A$38,0)),0)+IFERROR(INDEX(Mar!AI$6:AI$38,MATCH($A19,Mar!$A$6:$A$38,0)),0)+IFERROR(INDEX(Apr!AI$6:AI$38,MATCH($A19,Apr!$A$6:$A$38,0)),0)+IFERROR(INDEX(May!AI$6:AI$38,MATCH($A19,May!$A$6:$A$38,0)),0)+IFERROR(INDEX(Jun!AI$6:AI$38,MATCH($A19,Jun!$A$6:$A$38,0)),0)+IFERROR(INDEX(Jul!AI$6:AI$38,MATCH($A19,Jul!$A$6:$A$38,0)),0)} -> 0 | E19: {=IFERROR(INDEX(Aug!AJ$6:AJ$38,MATCH($A19,Aug!$A$6:$A$38,0)),0)+IFERROR(INDEX(Sep!AJ$6:AJ$38,MATCH($A19,Sep!$A$6:$A$38,0)),0)+IFERROR(INDEX(Oct!AJ$6:AJ$38,MATCH($A19,Oct!$A$6:$A$38,0)),0)+IFERROR(INDEX(Nov!AJ$6:AJ$38,MATCH($A19,Nov!$A$6:$A$38,0)),0)+IFERROR(INDEX(Dec!AJ$6:AJ$38,MATCH($A19,Dec!$A$6:$A$38,0)),0)+IFERROR(INDEX(Jan!AJ$6:AJ$38,MATCH($A19,Jan!$A$6:$A$38,0)),0)+IFERROR(INDEX(Feb!AJ$6:AJ$38,MATCH($A19,Feb!$A$6:$A$38,0)),0)+IFERROR(INDEX(Mar!AJ$6:AJ$38,MATCH($A19,Mar!$A$6:$A$38,0)),0)+IFERROR(INDEX(Apr!AJ$6:AJ$38,MATCH($A19,Apr!$A$6:$A$38,0)),0)+IFERROR(INDEX(May!AJ$6:AJ$38,MATCH($A19,May!$A$6:$A$38,0)),0)+IFERROR(INDEX(Jun!AJ$6:AJ$38,MATCH($A19,Jun!$A$6:$A$38,0)),0)+IFERROR(INDEX(Jul!AJ$6:AJ$38,MATCH($A19,Jul!$A$6:$A$38,0)),0)} -> 0 | F19: {=IFERROR(INDEX(Aug!AK$6:AK$38,MATCH($A19,Aug!$A$6:$A$38,0)),0)+IFERROR(INDEX(Sep!AK$6:AK$38,MATCH($A19,Sep!$A$6:$A$38,0)),0)+IFERROR(INDEX(Oct!AK$6:AK$38,MATCH($A19,Oct!$A$6:$A$38,0)),0)+IFERROR(INDEX(Nov!AK$6:AK$38,MATCH($A19,Nov!$A$6:$A$38,0)),0)+IFERROR(INDEX(Dec!AK$6:AK$38,MATCH($A19,Dec!$A$6:$A$38,0)),0)+IFERROR(INDEX(Jan!AK$6:AK$38,MATCH($A19,Jan!$A$6:$A$38,0)),0)+IFERROR(INDEX(Feb!AK$6:AK$38,MATCH($A19,Feb!$A$6:$A$38,0)),0)+IFERROR(INDEX(Mar!AK$6:AK$38,MATCH($A19,Mar!$A$6:$A$38,0)),0)+IFERROR(INDEX(Apr!AK$6:AK$38,MATCH($A19,Apr!$A$6:$A$38,0)),0)+IFERROR(INDEX(May!AK$6:AK$38,MATCH($A19,May!$A$6:$A$38,0)),0)+IFERROR(INDEX(Jun!AK$6:AK$38,MATCH($A19,Jun!$A$6:$A$38,0)),0)+IFERROR(INDEX(Jul!AK$6:AK$38,MATCH($A19,Jul!$A$6:$A$38,0)),0)} -> 0 | G19: {=IFERROR(INDEX(Aug!AL$6:AL$38,MATCH($A19,Aug!$A$6:$A$38,0)),0)+IFERROR(INDEX(Sep!AL$6:AL$38,MATCH($A19,Sep!$A$6:$A$38,0)),0)+IFERROR(INDEX(Oct!AL$6:AL$38,MATCH($A19,Oct!$A$6:$A$38,0)),0)+IFERROR(INDEX(Nov!AL$6:AL$38,MATCH($A19,Nov!$A$6:$A$38,0)),0)+IFERROR(INDEX(Dec!AL$6:AL$38,MATCH($A19,Dec!$A$6:$A$38,0)),0)+IFERROR(INDEX(Jan!AL$6:AL$38,MATCH($A19,Jan!$A$6:$A$38,0)),0)+IFERROR(INDEX(Feb!AL$6:AL$38,MATCH($A19,Feb!$A$6:$A$38,0)),0)+IFERROR(INDEX(Mar!AL$6:AL$38,MATCH($A19,Mar!$A$6:$A$38,0)),0)+IFERROR(INDEX(Apr!AL$6:AL$38,MATCH($A19,Apr!$A$6:$A$38,0)),0)+IFERROR(INDEX(May!AL$6:AL$38,MATCH($A19,May!$A$6:$A$38,0)),0)+IFERROR(INDEX(Jun!AL$6:AL$38,MATCH($A19,Jun!$A$6:$A$38,0)),0)+IFERROR(INDEX(Jul!AL$6:AL$38,MATCH($A19,Jul!$A$6:$A$38,0)),0)} -> 0 | H19: {=IFERROR(INDEX(Aug!AM$6:AM$38,MATCH($A19,Aug!$A$6:$A$38,0)),0)+IFERROR(INDEX(Sep!AM$6:AM$38,MATCH($A19,Sep!$A$6:$A$38,0)),0)+IFERROR(INDEX(Oct!AM$6:AM$38,MATCH($A19,Oct!$A$6:$A$38,0)),0)+IFERROR(INDEX(Nov!AM$6:AM$38,MATCH($A19,Nov!$A$6:$A$38,0)),0)+IFERROR(INDEX(Dec!AM$6:AM$38,MATCH($A19,Dec!$A$6:$A$38,0)),0)+IFERROR(INDEX(Jan!AM$6:AM$38,MATCH($A19,Jan!$A$6:$A$38,0)),0)+IFERROR(INDEX(Feb!AM$6:AM$38,MATCH($A19,Feb!$A$6:$A$38,0)),0)+IFERROR(INDEX(Mar!AM$6:AM$38,MATCH($A19,Mar!$A$6:$A$38,0)),0)+IFERROR(INDEX(Apr!AM$6:AM$38,MATCH($A19,Apr!$A$6:$A$38,0)),0)+IFERROR(INDEX(May!AM$6:AM$38,MATCH($A19,May!$A$6:$A$38,0)),0)+IFERROR(INDEX(Jun!AM$6:AM$38,MATCH($A19,Jun!$A$6:$A$38,0)),0)+IFERROR(INDEX(Jul!AM$6:AM$38,MATCH($A19,Jul!$A$6:$A$38,0)),0)} -> 0 | I19: =SUM(C19:H19) -> 0 | K19: Then, copy formulas down from the previous row. You'll
A20: 12 | C20: {=IFERROR(INDEX(Aug!AH$6:AH$38,MATCH($A20,Aug!$A$6:$A$38,0)),0)+IFERROR(INDEX(Sep!AH$6:AH$38,MATCH($A20,Sep!$A$6:$A$38,0)),0)+IFERROR(INDEX(Oct!AH$6:AH$38,MATCH($A20,Oct!$A$6:$A$38,0)),0)+IFERROR(INDEX(Nov!AH$6:AH$38,MATCH($A20,Nov!$A$6:$A$38,0)),0)+IFERROR(INDEX(Dec!AH$6:AH$38,MATCH($A20,Dec!$A$6:$A$38,0)),0)+IFERROR(INDEX(Jan!AH$6:AH$38,MATCH($A20,Jan!$A$6:$A$38,0)),0)+IFERROR(INDEX(Feb!AH$6:AH$38,MATCH($A20,Feb!$A$6:$A$38,0)),0)+IFERROR(INDEX(Mar!AH$6:AH$38,MATCH($A20,Mar!$A$6:$A$38,0)),0)+IFERROR(INDEX(Apr!AH$6:AH$38,MATCH($A20,Apr!$A$6:$A$38,0)),0)+IFERROR(INDEX(May!AH$6:AH$38,MATCH($A20,May!$A$6:$A$38,0)),0)+IFERROR(INDEX(Jun!AH$6:AH$38,MATCH($A20,Jun!$A$6:$A$38,0)),0)+IFERROR(INDEX(Jul!AH$6:AH$38,MATCH($A20,Jul!$A$6:$A$38,0)),0)} -> 0 | D20: {=IFERROR(INDEX(Aug!AI$6:AI$38,MATCH($A20,Aug!$A$6:$A$38,0)),0)+IFERROR(INDEX(Sep!AI$6:AI$38,MATCH($A20,Sep!$A$6:$A$38,0)),0)+IFERROR(INDEX(Oct!AI$6:AI$38,MATCH($A20,Oct!$A$6:$A$38,0)),0)+IFERROR(INDEX(Nov!AI$6:AI$38,MATCH($A20,Nov!$A$6:$A$38,0)),0)+IFERROR(INDEX(Dec!AI$6:AI$38,MATCH($A20,Dec!$A$6:$A$38,0)),0)+IFERROR(INDEX(Jan!AI$6:AI$38,MATCH($A20,Jan!$A$6:$A$38,0)),0)+IFERROR(INDEX(Feb!AI$6:AI$38,MATCH($A20,Feb!$A$6:$A$38,0)),0)+IFERROR(INDEX(Mar!AI$6:AI$38,MATCH($A20,Mar!$A$6:$A$38,0)),0)+IFERROR(INDEX(Apr!AI$6:AI$38,MATCH($A20,Apr!$A$6:$A$38,0)),0)+IFERROR(INDEX(May!AI$6:AI$38,MATCH($A20,May!$A$6:$A$38,0)),0)+IFERROR(INDEX(Jun!AI$6:AI$38,MATCH($A20,Jun!$A$6:$A$38,0)),0)+IFERROR(INDEX(Jul!AI$6:AI$38,MATCH($A20,Jul!$A$6:$A$38,0)),0)} -> 0 | E20: {=IFERROR(INDEX(Aug!AJ$6:AJ$38,MATCH($A20,Aug!$A$6:$A$38,0)),0)+IFERROR(INDEX(Sep!AJ$6:AJ$38,MATCH($A20,Sep!$A$6:$A$38,0)),0)+IFERROR(INDEX(Oct!AJ$6:AJ$38,MATCH($A20,Oct!$A$6:$A$38,0)),0)+IFERROR(INDEX(Nov!AJ$6:AJ$38,MATCH($A20,Nov!$A$6:$A$38,0)),0)+IFERROR(INDEX(Dec!AJ$6:AJ$38,MATCH($A20,Dec!$A$6:$A$38,0)),0)+IFERROR(INDEX(Jan!AJ$6:AJ$38,MATCH($A20,Jan!$A$6:$A$38,0)),0)+IFERROR(INDEX(Feb!AJ$6:AJ$38,MATCH($A20,Feb!$A$6:$A$38,0)),0)+IFERROR(INDEX(Mar!AJ$6:AJ$38,MATCH($A20,Mar!$A$6:$A$38,0)),0)+IFERROR(INDEX(Apr!AJ$6:AJ$38,MATCH($A20,Apr!$A$6:$A$38,0)),0)+IFERROR(INDEX(May!AJ$6:AJ$38,MATCH($A20,May!$A$6:$A$38,0)),0)+IFERROR(INDEX(Jun!AJ$6:AJ$38,MATCH($A20,Jun!$A$6:$A$38,0)),0)+IFERROR(INDEX(Jul!AJ$6:AJ$38,MATCH($A20,Jul!$A$6:$A$38,0)),0)} -> 0 | F20: {=IFERROR(INDEX(Aug!AK$6:AK$38,MATCH($A20,Aug!$A$6:$A$38,0)),0)+IFERROR(INDEX(Sep!AK$6:AK$38,MATCH($A20,Sep!$A$6:$A$38,0)),0)+IFERROR(INDEX(Oct!AK$6:AK$38,MATCH($A20,Oct!$A$6:$A$38,0)),0)+IFERROR(INDEX(Nov!AK$6:AK$38,MATCH($A20,Nov!$A$6:$A$38,0)),0)+IFERROR(INDEX(Dec!AK$6:AK$38,MATCH($A20,Dec!$A$6:$A$38,0)),0)+IFERROR(INDEX(Jan!AK$6:AK$38,MATCH($A20,Jan!$A$6:$A$38,0)),0)+IFERROR(INDEX(Feb!AK$6:AK$38,MATCH($A20,Feb!$A$6:$A$38,0)),0)+IFERROR(INDEX(Mar!AK$6:AK$38,MATCH($A20,Mar!$A$6:$A$38,0)),0)+IFERROR(INDEX(Apr!AK$6:AK$38,MATCH($A20,Apr!$A$6:$A$38,0)),0)+IFERROR(INDEX(May!AK$6:AK$38,MATCH($A20,May!$A$6:$A$38,0)),0)+IFERROR(INDEX(Jun!AK$6:AK$38,MATCH($A20,Jun!$A$6:$A$38,0)),0)+IFERROR(INDEX(Jul!AK$6:AK$38,MATCH($A20,Jul!$A$6:$A$38,0)),0)} -> 0 | G20: {=IFERROR(INDEX(Aug!AL$6:AL$38,MATCH($A20,Aug!$A$6:$A$38,0)),0)+IFERROR(INDEX(Sep!AL$6:AL$38,MATCH($A20,Sep!$A$6:$A$38,0)),0)+IFERROR(INDEX(Oct!AL$6:AL$38,MATCH($A20,Oct!$A$6:$A$38,0)),0)+IFERROR(INDEX(Nov!AL$6:AL$38,MATCH($A20,Nov!$A$6:$A$38,0)),0)+IFERROR(INDEX(Dec!AL$6:AL$38,MATCH($A20,Dec!$A$6:$A$38,0)),0)+IFERROR(INDEX(Jan!AL$6:AL$38,MATCH($A20,Jan!$A$6:$A$38,0)),0)+IFERROR(INDEX(Feb!AL$6:AL$38,MATCH($A20,Feb!$A$6:$A$38,0)),0)+IFERROR(INDEX(Mar!AL$6:AL$38,MATCH($A20,Mar!$A$6:$A$38,0)),0)+IFERROR(INDEX(Apr!AL$6:AL$38,MATCH($A20,Apr!$A$6:$A$38,0)),0)+IFERROR(INDEX(May!AL$6:AL$38,MATCH($A20,May!$A$6:$A$38,0)),0)+IFERROR(INDEX(Jun!AL$6:AL$38,MATCH($A20,Jun!$A$6:$A$38,0)),0)+IFERROR(INDEX(Jul!AL$6:AL$38,MATCH($A20,Jul!$A$6:$A$38,0)),0)} -> 0 | H20: {=IFERROR(INDEX(Aug!AM$6:AM$38,MATCH($A20,Aug!$A$6:$A$38,0)),0)+IFERROR(INDEX(Sep!AM$6:AM$38,MATCH($A20,Sep!$A$6:$A$38,0)),0)+IFERROR(INDEX(Oct!AM$6:AM$38,MATCH($A20,Oct!$A$6:$A$38,0)),0)+IFERROR(INDEX(Nov!AM$6:AM$38,MATCH($A20,Nov!$A$6:$A$38,0)),0)+IFERROR(INDEX(Dec!AM$6:AM$38,MATCH($A20,Dec!$A$6:$A$38,0)),0)+IFERROR(INDEX(Jan!AM$6:AM$38,MATCH($A20,Jan!$A$6:$A$38,0)),0)+IFERROR(INDEX(Feb!AM$6:AM$38,MATCH($A20,Feb!$A$6:$A$38,0)),0)+IFERROR(INDEX(Mar!AM$6:AM$38,MATCH($A20,Mar!$A$6:$A$38,0)),0)+IFERROR(INDEX(Apr!AM$6:AM$38,MATCH($A20,Apr!$A$6:$A$38,0)),0)+IFERROR(INDEX(May!AM$6:AM$38,MATCH($A20,May!$A$6:$A$38,0)),0)+IFERROR(INDEX(Jun!AM$6:AM$38,MATCH($A20,Jun!$A$6:$A$38,0)),0)+IFERROR(INDEX(Jul!AM$6:AM$38,MATCH($A20,Jul!$A$6:$A$38,0)),0)} -> 0 | I20: =SUM(C20:H20) -> 0 | K20: need to do this in all other worksheets.
A21: 13 | C21: {=IFERROR(INDEX(Aug!AH$6:AH$38,MATCH($A21,Aug!$A$6:$A$38,0)),0)+IFERROR(INDEX(Sep!AH$6:AH$38,MATCH($A21,Sep!$A$6:$A$38,0)),0)+IFERROR(INDEX(Oct!AH$6:AH$38,MATCH($A21,Oct!$A$6:$A$38,0)),0)+IFERROR(INDEX(Nov!AH$6:AH$38,MATCH($A21,Nov!$A$6:$A$38,0)),0)+IFERROR(INDEX(Dec!AH$6:AH$38,MATCH($A21,Dec!$A$6:$A$38,0)),0)+IFERROR(INDEX(Jan!AH$6:AH$38,MATCH($A21,Jan!$A$6:$A$38,0)),0)+IFERROR(INDEX(Feb!AH$6:AH$38,MATCH($A21,Feb!$A$6:$A$38,0)),0)+IFERROR(INDEX(Mar!AH$6:AH$38,MATCH($A21,Mar!$A$6:$A$38,0)),0)+IFERROR(INDEX(Apr!AH$6:AH$38,MATCH($A21,Apr!$A$6:$A$38,0)),0)+IFERROR(INDEX(May!AH$6:AH$38,MATCH($A21,May!$A$6:$A$38,0)),0)+IFERROR(INDEX(Jun!AH$6:AH$38,MATCH($A21,Jun!$A$6:$A$38,0)),0)+IFERROR(INDEX(Jul!AH$6:AH$38,MATCH($A21,Jul!$A$6:$A$38,0)),0)} -> 0 | D21: {=IFERROR(INDEX(Aug!AI$6:AI$38,MATCH($A21,Aug!$A$6:$A$38,0)),0)+IFERROR(INDEX(Sep!AI$6:AI$38,MATCH($A21,Sep!$A$6:$A$38,0)),0)+IFERROR(INDEX(Oct!AI$6:AI$38,MATCH($A21,Oct!$A$6:$A$38,0)),0)+IFERROR(INDEX(Nov!AI$6:AI$38,MATCH($A21,Nov!$A$6:$A$38,0)),0)+IFERROR(INDEX(Dec!AI$6:AI$38,MATCH($A21,Dec!$A$6:$A$38,0)),0)+IFERROR(INDEX(Jan!AI$6:AI$38,MATCH($A21,Jan!$A$6:$A$38,0)),0)+IFERROR(INDEX(Feb!AI$6:AI$38,MATCH($A21,Feb!$A$6:$A$38,0)),0)+IFERROR(INDEX(Mar!AI$6:AI$38,MATCH($A21,Mar!$A$6:$A$38,0)),0)+IFERROR(INDEX(Apr!AI$6:AI$38,MATCH($A21,Apr!$A$6:$A$38,0)),0)+IFERROR(INDEX(May!AI$6:AI$38,MATCH($A21,May!$A$6:$A$38,0)),0)+IFERROR(INDEX(Jun!AI$6:AI$38,MATCH($A21,Jun!$A$6:$A$38,0)),0)+IFERROR(INDEX(Jul!AI$6:AI$38,MATCH($A21,Jul!$A$6:$A$38,0)),0)} -> 0 | E21: {=IFERROR(INDEX(Aug!AJ$6:AJ$38,MATCH($A21,Aug!$A$6:$A$38,0)),0)+IFERROR(INDEX(Sep!AJ$6:AJ$38,MATCH($A21,Sep!$A$6:$A$38,0)),0)+IFERROR(INDEX(Oct!AJ$6:AJ$38,MATCH($A21,Oct!$A$6:$A$38,0)),0)+IFERROR(INDEX(Nov!AJ$6:AJ$38,MATCH($A21,Nov!$A$6:$A$38,0)),0)+IFERROR(INDEX(Dec!AJ$6:AJ$38,MATCH($A21,Dec!$A$6:$A$38,0)),0)+IFERROR(INDEX(Jan!AJ$6:AJ$38,MATCH($A21,Jan!$A$6:$A$38,0)),0)+IFERROR(INDEX(Feb!AJ$6:AJ$38,MATCH($A21,Feb!$A$6:$A$38,0)),0)+IFERROR(INDEX(Mar!AJ$6:AJ$38,MATCH($A21,Mar!$A$6:$A$38,0)),0)+IFERROR(INDEX(Apr!AJ$6:AJ$38,MATCH($A21,Apr!$A$6:$A$38,0)),0)+IFERROR(INDEX(May!AJ$6:AJ$38,MATCH($A21,May!$A$6:$A$38,0)),0)+IFERROR(INDEX(Jun!AJ$6:AJ$38,MATCH($A21,Jun!$A$6:$A$38,0)),0)+IFERROR(INDEX(Jul!AJ$6:AJ$38,MATCH($A21,Jul!$A$6:$A$38,0)),0)} -> 0 | F21: {=IFERROR(INDEX(Aug!AK$6:AK$38,MATCH($A21,Aug!$A$6:$A$38,0)),0)+IFERROR(INDEX(Sep!AK$6:AK$38,MATCH($A21,Sep!$A$6:$A$38,0)),0)+IFERROR(INDEX(Oct!AK$6:AK$38,MATCH($A21,Oct!$A$6:$A$38,0)),0)+IFERROR(INDEX(Nov!AK$6:AK$38,MATCH($A21,Nov!$A$6:$A$38,0)),0)+IFERROR(INDEX(Dec!AK$6:AK$38,MATCH($A21,Dec!$A$6:$A$38,0)),0)+IFERROR(INDEX(Jan!AK$6:AK$38,MATCH($A21,Jan!$A$6:$A$38,0)),0)+IFERROR(INDEX(Feb!AK$6:AK$38,MATCH($A21,Feb!$A$6:$A$38,0)),0)+IFERROR(INDEX(Mar!AK$6:AK$38,MATCH($A21,Mar!$A$6:$A$38,0)),0)+IFERROR(INDEX(Apr!AK$6:AK$38,MATCH($A21,Apr!$A$6:$A$38,0)),0)+IFERROR(INDEX(May!AK$6:AK$38,MATCH($A21,May!$A$6:$A$38,0)),0)+IFERROR(INDEX(Jun!AK$6:AK$38,MATCH($A21,Jun!$A$6:$A$38,0)),0)+IFERROR(INDEX(Jul!AK$6:AK$38,MATCH($A21,Jul!$A$6:$A$38,0)),0)} -> 0 | G21: {=IFERROR(INDEX(Aug!AL$6:AL$38,MATCH($A21,Aug!$A$6:$A$38,0)),0)+IFERROR(INDEX(Sep!AL$6:AL$38,MATCH($A21,Sep!$A$6:$A$38,0)),0)+IFERROR(INDEX(Oct!AL$6:AL$38,MATCH($A21,Oct!$A$6:$A$38,0)),0)+IFERROR(INDEX(Nov!AL$6:AL$38,MATCH($A21,Nov!$A$6:$A$38,0)),0)+IFERROR(INDEX(Dec!AL$6:AL$38,MATCH($A21,Dec!$A$6:$A$38,0)),0)+IFERROR(INDEX(Jan!AL$6:AL$38,MATCH($A21,Jan!$A$6:$A$38,0)),0)+IFERROR(INDEX(Feb!AL$6:AL$38,MATCH($A21,Feb!$A$6:$A$38,0)),0)+IFERROR(INDEX(Mar!AL$6:AL$38,MATCH($A21,Mar!$A$6:$A$38,0)),0)+IFERROR(INDEX(Apr!AL$6:AL$38,MATCH($A21,Apr!$A$6:$A$38,0)),0)+IFERROR(INDEX(May!AL$6:AL$38,MATCH($A21,May!$A$6:$A$38,0)),0)+IFERROR(INDEX(Jun!AL$6:AL$38,MATCH($A21,Jun!$A$6:$A$38,0)),0)+IFERROR(INDEX(Jul!AL$6:AL$38,MATCH($A21,Jul!$A$6:$A$38,0)),0)} -> 0 | H21: {=IFERROR(INDEX(Aug!AM$6:AM$38,MATCH($A21,Aug!$A$6:$A$38,0)),0)+IFERROR(INDEX(Sep!AM$6:AM$38,MATCH($A21,Sep!$A$6:$A$38,0)),0)+IFERROR(INDEX(Oct!AM$6:AM$38,MATCH($A21,Oct!$A$6:$A$38,0)),0)+IFERROR(INDEX(Nov!AM$6:AM$38,MATCH($A21,Nov!$A$6:$A$38,0)),0)+IFERROR(INDEX(Dec!AM$6:AM$38,MATCH($A21,Dec!$A$6:$A$38,0)),0)+IFERROR(INDEX(Jan!AM$6:AM$38,MATCH($A21,Jan!$A$6:$A$38,0)),0)+IFERROR(INDEX(Feb!AM$6:AM$38,MATCH($A21,Feb!$A$6:$A$38,0)),0)+IFERROR(INDEX(Mar!AM$6:AM$38,MATCH($A21,Mar!$A$6:$A$38,0)),0)+IFERROR(INDEX(Apr!AM$6:AM$38,MATCH($A21,Apr!$A$6:$A$38,0)),0)+IFERROR(INDEX(May!AM$6:AM$38,MATCH($A21,May!$A$6:$A$38,0)),0)+IFERROR(INDEX(Jun!AM$6:AM$38,MATCH($A21,Jun!$A$6:$A$38,0)),0)+IFERROR(INDEX(Jul!AM$6:AM$38,MATCH($A21,Jul!$A$6:$A$38,0)),0)} -> 0 | I21: =SUM(C21:H21) -> 0
A22: 14 | C22: {=IFERROR(INDEX(Aug!AH$6:AH$38,MATCH($A22,Aug!$A$6:$A$38,0)),0)+IFERROR(INDEX(Sep!AH$6:AH$38,MATCH($A22,Sep!$A$6:$A$38,0)),0)+IFERROR(INDEX(Oct!AH$6:AH$38,MATCH($A22,Oct!$A$6:$A$38,0)),0)+IFERROR(INDEX(Nov!AH$6:AH$38,MATCH($A22,Nov!$A$6:$A$38,0)),0)+IFERROR(INDEX(Dec!AH$6:AH$38,MATCH($A22,Dec!$A$6:$A$38,0)),0)+IFERROR(INDEX(Jan!AH$6:AH$38,MATCH($A22,Jan!$A$6:$A$38,0)),0)+IFERROR(INDEX(Feb!AH$6:AH$38,MATCH($A22,Feb!$A$6:$A$38,0)),0)+IFERROR(INDEX(Mar!AH$6:AH$38,MATCH($A22,Mar!$A$6:$A$38,0)),0)+IFERROR(INDEX(Apr!AH$6:AH$38,MATCH($A22,Apr!$A$6:$A$38,0)),0)+IFERROR(INDEX(May!AH$6:AH$38,MATCH($A22,May!$A$6:$A$38,0)),0)+IFERROR(INDEX(Jun!AH$6:AH$38,MATCH($A22,Jun!$A$6:$A$38,0)),0)+IFERROR(INDEX(Jul!AH$6:AH$38,MATCH($A22,Jul!$A$6:$A$38,0)),0)} -> 0 | D22: {=IFERROR(INDEX(Aug!AI$6:AI$38,MATCH($A22,Aug!$A$6:$A$38,0)),0)+IFERROR(INDEX(Sep!AI$6:AI$38,MATCH($A22,Sep!$A$6:$A$38,0)),0)+IFERROR(INDEX(Oct!AI$6:AI$38,MATCH($A22,Oct!$A$6:$A$38,0)),0)+IFERROR(INDEX(Nov!AI$6:AI$38,MATCH($A22,Nov!$A$6:$A$38,0)),0)+IFERROR(INDEX(Dec!AI$6:AI$38,MATCH($A22,Dec!$A$6:$A$38,0)),0)+IFERROR(INDEX(Jan!AI$6:AI$38,MATCH($A22,Jan!$A$6:$A$38,0)),0)+IFERROR(INDEX(Feb!AI$6:AI$38,MATCH($A22,Feb!$A$6:$A$38,0)),0)+IFERROR(INDEX(Mar!AI$6:AI$38,MATCH($A22,Mar!$A$6:$A$38,0)),0)+IFERROR(INDEX(Apr!AI$6:AI$38,MATCH($A22,Apr!$A$6:$A$38,0)),0)+IFERROR(INDEX(May!AI$6:AI$38,MATCH($A22,May!$A$6:$A$38,0)),0)+IFERROR(INDEX(Jun!AI$6:AI$38,MATCH($A22,Jun!$A$6:$A$38,0)),0)+IFERROR(INDEX(Jul!AI$6:AI$38,MATCH($A22,Jul!$A$6:$A$38,0)),0)} -> 0 | E22: {=IFERROR(INDEX(Aug!AJ$6:AJ$38,MATCH($A22,Aug!$A$6:$A$38,0)),0)+IFERROR(INDEX(Sep!AJ$6:AJ$38,MATCH($A22,Sep!$A$6:$A$38,0)),0)+IFERROR(INDEX(Oct!AJ$6:AJ$38,MATCH($A22,Oct!$A$6:$A$38,0)),0)+IFERROR(INDEX(Nov!AJ$6:AJ$38,MATCH($A22,Nov!$A$6:$A$38,0)),0)+IFERROR(INDEX(Dec!AJ$6:AJ$38,MATCH($A22,Dec!$A$6:$A$38,0)),0)+IFERROR(INDEX(Jan!AJ$6:AJ$38,MATCH($A22,Jan!$A$6:$A$38,0)),0)+IFERROR(INDEX(Feb!AJ$6:AJ$38,MATCH($A22,Feb!$A$6:$A$38,0)),0)+IFERROR(INDEX(Mar!AJ$6:AJ$38,MATCH($A22,Mar!$A$6:$A$38,0)),0)+IFERROR(INDEX(Apr!AJ$6:AJ$38,MATCH($A22,Apr!$A$6:$A$38,0)),0)+IFERROR(INDEX(May!AJ$6:AJ$38,MATCH($A22,May!$A$6:$A$38,0)),0)+IFERROR(INDEX(Jun!AJ$6:AJ$38,MATCH($A22,Jun!$A$6:$A$38,0)),0)+IFERROR(INDEX(Jul!AJ$6:AJ$38,MATCH($A22,Jul!$A$6:$A$38,0)),0)} -> 0 | F22: {=IFERROR(INDEX(Aug!AK$6:AK$38,MATCH($A22,Aug!$A$6:$A$38,0)),0)+IFERROR(INDEX(Sep!AK$6:AK$38,MATCH($A22,Sep!$A$6:$A$38,0)),0)+IFERROR(INDEX(Oct!AK$6:AK$38,MATCH($A22,Oct!$A$6:$A$38,0)),0)+IFERROR(INDEX(Nov!AK$6:AK$38,MATCH($A22,Nov!$A$6:$A$38,0)),0)+IFERROR(INDEX(Dec!AK$6:AK$38,MATCH($A22,Dec!$A$6:$A$38,0)),0)+IFERROR(INDEX(Jan!AK$6:AK$38,MATCH($A22,Jan!$A$6:$A$38,0)),0)+IFERROR(INDEX(Feb!AK$6:AK$38,MATCH($A22,Feb!$A$6:$A$38,0)),0)+IFERROR(INDEX(Mar!AK$6:AK$38,MATCH($A22,Mar!$A$6:$A$38,0)),0)+IFERROR(INDEX(Apr!AK$6:AK$38,MATCH($A22,Apr!$A$6:$A$38,0)),0)+IFERROR(INDEX(May!AK$6:AK$38,MATCH($A22,May!$A$6:$A$38,0)),0)+IFERROR(INDEX(Jun!AK$6:AK$38,MATCH($A22,Jun!$A$6:$A$38,0)),0)+IFERROR(INDEX(Jul!AK$6:AK$38,MATCH($A22,Jul!$A$6:$A$38,0)),0)} -> 0 | G22: {=IFERROR(INDEX(Aug!AL$6:AL$38,MATCH($A22,Aug!$A$6:$A$38,0)),0)+IFERROR(INDEX(Sep!AL$6:AL$38,MATCH($A22,Sep!$A$6:$A$38,0)),0)+IFERROR(INDEX(Oct!AL$6:AL$38,MATCH($A22,Oct!$A$6:$A$38,0)),0)+IFERROR(INDEX(Nov!AL$6:AL$38,MATCH($A22,Nov!$A$6:$A$38,0)),0)+IFERROR(INDEX(Dec!AL$6:AL$38,MATCH($A22,Dec!$A$6:$A$38,0)),0)+IFERROR(INDEX(Jan!AL$6:AL$38,MATCH($A22,Jan!$A$6:$A$38,0)),0)+IFERROR(INDEX(Feb!AL$6:AL$38,MATCH($A22,Feb!$A$6:$A$38,0)),0)+IFERROR(INDEX(Mar!AL$6:AL$38,MATCH($A22,Mar!$A$6:$A$38,0)),0)+IFERROR(INDEX(Apr!AL$6:AL$38,MATCH($A22,Apr!$A$6:$A$38,0)),0)+IFERROR(INDEX(May!AL$6:AL$38,MATCH($A22,May!$A$6:$A$38,0)),0)+IFERROR(INDEX(Jun!AL$6:AL$38,MATCH($A22,Jun!$A$6:$A$38,0)),0)+IFERROR(INDEX(Jul!AL$6:AL$38,MATCH($A22,Jul!$A$6:$A$38,0)),0)} -> 0 | H22: {=IFERROR(INDEX(Aug!AM$6:AM$38,MATCH($A22,Aug!$A$6:$A$38,0)),0)+IFERROR(INDEX(Sep!AM$6:AM$38,MATCH($A22,Sep!$A$6:$A$38,0)),0)+IFERROR(INDEX(Oct!AM$6:AM$38,MATCH($A22,Oct!$A$6:$A$38,0)),0)+IFERROR(INDEX(Nov!AM$6:AM$38,MATCH($A22,Nov!$A$6:$A$38,0)),0)+IFERROR(INDEX(Dec!AM$6:AM$38,MATCH($A22,Dec!$A$6:$A$38,0)),0)+IFERROR(INDEX(Jan!AM$6:AM$38,MATCH($A22,Jan!$A$6:$A$38,0)),0)+IFERROR(INDEX(Feb!AM$6:AM$38,MATCH($A22,Feb!$A$6:$A$38,0)),0)+IFERROR(INDEX(Mar!AM$6:AM$38,MATCH($A22,Mar!$A$6:$A$38,0)),0)+IFERROR(INDEX(Apr!AM$6:AM$38,MATCH($A22,Apr!$A$6:$A$38,0)),0)+IFERROR(INDEX(May!AM$6:AM$38,MATCH($A22,May!$A$6:$A$38,0)),0)+IFERROR(INDEX(Jun!AM$6:AM$38,MATCH($A22,Jun!$A$6:$A$38,0)),0)+IFERROR(INDEX(Jul!AM$6:AM$38,MATCH($A22,Jul!$A$6:$A$38,0)),0)} -> 0 | I22: =SUM(C22:H22) -> 0
A23: 15 | C23: {=IFERROR(INDEX(Aug!AH$6:AH$38,MATCH($A23,Aug!$A$6:$A$38,0)),0)+IFERROR(INDEX(Sep!AH$6:AH$38,MATCH($A23,Sep!$A$6:$A$38,0)),0)+IFERROR(INDEX(Oct!AH$6:AH$38,MATCH($A23,Oct!$A$6:$A$38,0)),0)+IFERROR(INDEX(Nov!AH$6:AH$38,MATCH($A23,Nov!$A$6:$A$38,0)),0)+IFERROR(INDEX(Dec!AH$6:AH$38,MATCH($A23,Dec!$A$6:$A$38,0)),0)+IFERROR(INDEX(Jan!AH$6:AH$38,MATCH($A23,Jan!$A$6:$A$38,0)),0)+IFERROR(INDEX(Feb!AH$6:AH$38,MATCH($A23,Feb!$A$6:$A$38,0)),0)+IFERROR(INDEX(Mar!AH$6:AH$38,MATCH($A23,Mar!$A$6:$A$38,0)),0)+IFERROR(INDEX(Apr!AH$6:AH$38,MATCH($A23,Apr!$A$6:$A$38,0)),0)+IFERROR(INDEX(May!AH$6:AH$38,MATCH($A23,May!$A$6:$A$38,0)),0)+IFERROR(INDEX(Jun!AH$6:AH$38,MATCH($A23,Jun!$A$6:$A$38,0)),0)+IFERROR(INDEX(Jul!AH$6:AH$38,MATCH($A23,Jul!$A$6:$A$38,0)),0)} -> 0 | D23: {=IFERROR(INDEX(Aug!AI$6:AI$38,MATCH($A23,Aug!$A$6:$A$38,0)),0)+IFERROR(INDEX(Sep!AI$6:AI$38,MATCH($A23,Sep!$A$6:$A$38,0)),0)+IFERROR(INDEX(Oct!AI$6:AI$38,MATCH($A23,Oct!$A$6:$A$38,0)),0)+IFERROR(INDEX(Nov!AI$6:AI$38,MATCH($A23,Nov!$A$6:$A$38,0)),0)+IFERROR(INDEX(Dec!AI$6:AI$38,MATCH($A23,Dec!$A$6:$A$38,0)),0)+IFERROR(INDEX(Jan!AI$6:AI$38,MATCH($A23,Jan!$A$6:$A$38,0)),0)+IFERROR(INDEX(Feb!AI$6:AI$38,MATCH($A23,Feb!$A$6:$A$38,0)),0)+IFERROR(INDEX(Mar!AI$6:AI$38,MATCH($A23,Mar!$A$6:$A$38,0)),0)+IFERROR(INDEX(Apr!AI$6:AI$38,MATCH($A23,Apr!$A$6:$A$38,0)),0)+IFERROR(INDEX(May!AI$6:AI$38,MATCH($A23,May!$A$6:$A$38,0)),0)+IFERROR(INDEX(Jun!AI$6:AI$38,MATCH($A23,Jun!$A$6:$A$38,0)),0)+IFERROR(INDEX(Jul!AI$6:AI$38,MATCH($A23,Jul!$A$6:$A$38,0)),0)} -> 0 | E23: {=IFERROR(INDEX(Aug!AJ$6:AJ$38,MATCH($A23,Aug!$A$6:$A$38,0)),0)+IFERROR(INDEX(Sep!AJ$6:AJ$38,MATCH($A23,Sep!$A$6:$A$38,0)),0)+IFERROR(INDEX(Oct!AJ$6:AJ$38,MATCH($A23,Oct!$A$6:$A$38,0)),0)+IFERROR(INDEX(Nov!AJ$6:AJ$38,MATCH($A23,Nov!$A$6:$A$38,0)),0)+IFERROR(INDEX(Dec!AJ$6:AJ$38,MATCH($A23,Dec!$A$6:$A$38,0)),0)+IFERROR(INDEX(Jan!AJ$6:AJ$38,MATCH($A23,Jan!$A$6:$A$38,0)),0)+IFERROR(INDEX(Feb!AJ$6:AJ$38,MATCH($A23,Feb!$A$6:$A$38,0)),0)+IFERROR(INDEX(Mar!AJ$6:AJ$38,MATCH($A23,Mar!$A$6:$A$38,0)),0)+IFERROR(INDEX(Apr!AJ$6:AJ$38,MATCH($A23,Apr!$A$6:$A$38,0)),0)+IFERROR(INDEX(May!AJ$6:AJ$38,MATCH($A23,May!$A$6:$A$38,0)),0)+IFERROR(INDEX(Jun!AJ$6:AJ$38,MATCH($A23,Jun!$A$6:$A$38,0)),0)+IFERROR(INDEX(Jul!AJ$6:AJ$38,MATCH($A23,Jul!$A$6:$A$38,0)),0)} -> 0 | F23: {=IFERROR(INDEX(Aug!AK$6:AK$38,MATCH($A23,Aug!$A$6:$A$38,0)),0)+IFERROR(INDEX(Sep!AK$6:AK$38,MATCH($A23,Sep!$A$6:$A$38,0)),0)+IFERROR(INDEX(Oct!AK$6:AK$38,MATCH($A23,Oct!$A$6:$A$38,0)),0)+IFERROR(INDEX(Nov!AK$6:AK$38,MATCH($A23,Nov!$A$6:$A$38,0)),0)+IFERROR(INDEX(Dec!AK$6:AK$38,MATCH($A23,Dec!$A$6:$A$38,0)),0)+IFERROR(INDEX(Jan!AK$6:AK$38,MATCH($A23,Jan!$A$6:$A$38,0)),0)+IFERROR(INDEX(Feb!AK$6:AK$38,MATCH($A23,Feb!$A$6:$A$38,0)),0)+IFERROR(INDEX(Mar!AK$6:AK$38,MATCH($A23,Mar!$A$6:$A$38,0)),0)+IFERROR(INDEX(Apr!AK$6:AK$38,MATCH($A23,Apr!$A$6:$A$38,0)),0)+IFERROR(INDEX(May!AK$6:AK$38,MATCH($A23,May!$A$6:$A$38,0)),0)+IFERROR(INDEX(Jun!AK$6:AK$38,MATCH($A23,Jun!$A$6:$A$38,0)),0)+IFERROR(INDEX(Jul!AK$6:AK$38,MATCH($A23,Jul!$A$6:$A$38,0)),0)} -> 0 | G23: {=IFERROR(INDEX(Aug!AL$6:AL$38,MATCH($A23,Aug!$A$6:$A$38,0)),0)+IFERROR(INDEX(Sep!AL$6:AL$38,MATCH($A23,Sep!$A$6:$A$38,0)),0)+IFERROR(INDEX(Oct!AL$6:AL$38,MATCH($A23,Oct!$A$6:$A$38,0)),0)+IFERROR(INDEX(Nov!AL$6:AL$38,MATCH($A23,Nov!$A$6:$A$38,0)),0)+IFERROR(INDEX(Dec!AL$6:AL$38,MATCH($A23,Dec!$A$6:$A$38,0)),0)+IFERROR(INDEX(Jan!AL$6:AL$38,MATCH($A23,Jan!$A$6:$A$38,0)),0)+IFERROR(INDEX(Feb!AL$6:AL$38,MATCH($A23,Feb!$A$6:$A$38,0)),0)+IFERROR(INDEX(Mar!AL$6:AL$38,MATCH($A23,Mar!$A$6:$A$38,0)),0)+IFERROR(INDEX(Apr!AL$6:AL$38,MATCH($A23,Apr!$A$6:$A$38,0)),0)+IFERROR(INDEX(May!AL$6:AL$38,MATCH($A23,May!$A$6:$A$38,0)),0)+IFERROR(INDEX(Jun!AL$6:AL$38,MATCH($A23,Jun!$A$6:$A$38,0)),0)+IFERROR(INDEX(Jul!AL$6:AL$38,MATCH($A23,Jul!$A$6:$A$38,0)),0)} -> 0 | H23: {=IFERROR(INDEX(Aug!AM$6:AM$38,MATCH($A23,Aug!$A$6:$A$38,0)),0)+IFERROR(INDEX(Sep!AM$6:AM$38,MATCH($A23,Sep!$A$6:$A$38,0)),0)+IFERROR(INDEX(Oct!AM$6:AM$38,MATCH($A23,Oct!$A$6:$A$38,0)),0)+IFERROR(INDEX(Nov!AM$6:AM$38,MATCH($A23,Nov!$A$6:$A$38,0)),0)+IFERROR(INDEX(Dec!AM$6:AM$38,MATCH($A23,Dec!$A$6:$A$38,0)),0)+IFERROR(INDEX(Jan!AM$6:AM$38,MATCH($A23,Jan!$A$6:$A$38,0)),0)+IFERROR(INDEX(Feb!AM$6:AM$38,MATCH($A23,Feb!$A$6:$A$38,0)),0)+IFERROR(INDEX(Mar!AM$6:AM$38,MATCH($A23,Mar!$A$6:$A$38,0)),0)+IFERROR(INDEX(Apr!AM$6:AM$38,MATCH($A23,Apr!$A$6:$A$38,0)),0)+IFERROR(INDEX(May!AM$6:AM$38,MATCH($A23,May!$A$6:$A$38,0)),0)+IFERROR(INDEX(Jun!AM$6:AM$38,MATCH($A23,Jun!$A$6:$A$38,0)),0)+IFERROR(INDEX(Jul!AM$6:AM$38,MATCH($A23,Jul!$A$6:$A$38,0)),0)} -> 0 | I23: =SUM(C23:H23) -> 0
A24: 16 | C24: {=IFERROR(INDEX(Aug!AH$6:AH$38,MATCH($A24,Aug!$A$6:$A$38,0)),0)+IFERROR(INDEX(Sep!AH$6:AH$38,MATCH($A24,Sep!$A$6:$A$38,0)),0)+IFERROR(INDEX(Oct!AH$6:AH$38,MATCH($A24,Oct!$A$6:$A$38,0)),0)+IFERROR(INDEX(Nov!AH$6:AH$38,MATCH($A24,Nov!$A$6:$A$38,0)),0)+IFERROR(INDEX(Dec!AH$6:AH$38,MATCH($A24,Dec!$A$6:$A$38,0)),0)+IFERROR(INDEX(Jan!AH$6:AH$38,MATCH($A24,Jan!$A$6:$A$38,0)),0)+IFERROR(INDEX(Feb!AH$6:AH$38,MATCH($A24,Feb!$A$6:$A$38,0)),0)+IFERROR(INDEX(Mar!AH$6:AH$38,MATCH($A24,Mar!$A$6:$A$38,0)),0)+IFERROR(INDEX(Apr!AH$6:AH$38,MATCH($A24,Apr!$A$6:$A$38,0)),0)+IFERROR(INDEX(May!AH$6:AH$38,MATCH($A24,May!$A$6:$A$38,0)),0)+IFERROR(INDEX(Jun!AH$6:AH$38,MATCH($A24,Jun!$A$6:$A$38,0)),0)+IFERROR(INDEX(Jul!AH$6:AH$38,MATCH($A24,Jul!$A$6:$A$38,0)),0)} -> 0 | D24: {=IFERROR(INDEX(Aug!AI$6:AI$38,MATCH($A24,Aug!$A$6:$A$38,0)),0)+IFERROR(INDEX(Sep!AI$6:AI$38,MATCH($A24,Sep!$A$6:$A$38,0)),0)+IFERROR(INDEX(Oct!AI$6:AI$38,MATCH($A24,Oct!$A$6:$A$38,0)),0)+IFERROR(INDEX(Nov!AI$6:AI$38,MATCH($A24,Nov!$A$6:$A$38,0)),0)+IFERROR(INDEX(Dec!AI$6:AI$38,MATCH($A24,Dec!$A$6:$A$38,0)),0)+IFERROR(INDEX(Jan!AI$6:AI$38,MATCH($A24,Jan!$A$6:$A$38,0)),0)+IFERROR(INDEX(Feb!AI$6:AI$38,MATCH($A24,Feb!$A$6:$A$38,0)),0)+IFERROR(INDEX(Mar!AI$6:AI$38,MATCH($A24,Mar!$A$6:$A$38,0)),0)+IFERROR(INDEX(Apr!AI$6:AI$38,MATCH($A24,Apr!$A$6:$A$38,0)),0)+IFERROR(INDEX(May!AI$6:AI$38,MATCH($A24,May!$A$6:$A$38,0)),0)+IFERROR(INDEX(Jun!AI$6:AI$38,MATCH($A24,Jun!$A$6:$A$38,0)),0)+IFERROR(INDEX(Jul!AI$6:AI$38,MATCH($A24,Jul!$A$6:$A$38,0)),0)} -> 0 | E24: {=IFERROR(INDEX(Aug!AJ$6:AJ$38,MATCH($A24,Aug!$A$6:$A$38,0)),0)+IFERROR(INDEX(Sep!AJ$6:AJ$38,MATCH($A24,Sep!$A$6:$A$38,0)),0)+IFERROR(INDEX(Oct!AJ$6:AJ$38,MATCH($A24,Oct!$A$6:$A$38,0)),0)+IFERROR(INDEX(Nov!AJ$6:AJ$38,MATCH($A24,Nov!$A$6:$A$38,0)),0)+IFERROR(INDEX(Dec!AJ$6:AJ$38,MATCH($A24,Dec!$A$6:$A$38,0)),0)+IFERROR(INDEX(Jan!AJ$6:AJ$38,MATCH($A24,Jan!$A$6:$A$38,0)),0)+IFERROR(INDEX(Feb!AJ$6:AJ$38,MATCH($A24,Feb!$A$6:$A$38,0)),0)+IFERROR(INDEX(Mar!AJ$6:AJ$38,MATCH($A24,Mar!$A$6:$A$38,0)),0)+IFERROR(INDEX(Apr!AJ$6:AJ$38,MATCH($A24,Apr!$A$6:$A$38,0)),0)+IFERROR(INDEX(May!AJ$6:AJ$38,MATCH($A24,May!$A$6:$A$38,0)),0)+IFERROR(INDEX(Jun!AJ$6:AJ$38,MATCH($A24,Jun!$A$6:$A$38,0)),0)+IFERROR(INDEX(Jul!AJ$6:AJ$38,MATCH($A24,Jul!$A$6:$A$38,0)),0)} -> 0 | F24: {=IFERROR(INDEX(Aug!AK$6:AK$38,MATCH($A24,Aug!$A$6:$A$38,0)),0)+IFERROR(INDEX(Sep!AK$6:AK$38,MATCH($A24,Sep!$A$6:$A$38,0)),0)+IFERROR(INDEX(Oct!AK$6:AK$38,MATCH($A24,Oct!$A$6:$A$38,0)),0)+IFERROR(INDEX(Nov!AK$6:AK$38,MATCH($A24,Nov!$A$6:$A$38,0)),0)+IFERROR(INDEX(Dec!AK$6:AK$38,MATCH($A24,Dec!$A$6:$A$38,0)),0)+IFERROR(INDEX(Jan!AK$6:AK$38,MATCH($A24,Jan!$A$6:$A$38,0)),0)+IFERROR(INDEX(Feb!AK$6:AK$38,MATCH($A24,Feb!$A$6:$A$38,0)),0)+IFERROR(INDEX(Mar!AK$6:AK$38,MATCH($A24,Mar!$A$6:$A$38,0)),0)+IFERROR(INDEX(Apr!AK$6:AK$38,MATCH($A24,Apr!$A$6:$A$38,0)),0)+IFERROR(INDEX(May!AK$6:AK$38,MATCH($A24,May!$A$6:$A$38,0)),0)+IFERROR(INDEX(Jun!AK$6:AK$38,MATCH($A24,Jun!$A$6:$A$38,0)),0)+IFERROR(INDEX(Jul!AK$6:AK$38,MATCH($A24,Jul!$A$6:$A$38,0)),0)} -> 0 | G24: {=IFERROR(INDEX(Aug!AL$6:AL$38,MATCH($A24,Aug!$A$6:$A$38,0)),0)+IFERROR(INDEX(Sep!AL$6:AL$38,MATCH($A24,Sep!$A$6:$A$38,0)),0)+IFERROR(INDEX(Oct!AL$6:AL$38,MATCH($A24,Oct!$A$6:$A$38,0)),0)+IFERROR(INDEX(Nov!AL$6:AL$38,MATCH($A24,Nov!$A$6:$A$38,0)),0)+IFERROR(INDEX(Dec!AL$6:AL$38,MATCH($A24,Dec!$A$6:$A$38,0)),0)+IFERROR(INDEX(Jan!AL$6:AL$38,MATCH($A24,Jan!$A$6:$A$38,0)),0)+IFERROR(INDEX(Feb!AL$6:AL$38,MATCH($A24,Feb!$A$6:$A$38,0)),0)+IFERROR(INDEX(Mar!AL$6:AL$38,MATCH($A24,Mar!$A$6:$A$38,0)),0)+IFERROR(INDEX(Apr!AL$6:AL$38,MATCH($A24,Apr!$A$6:$A$38,0)),0)+IFERROR(INDEX(May!AL$6:AL$38,MATCH($A24,May!$A$6:$A$38,0)),0)+IFERROR(INDEX(Jun!AL$6:AL$38,MATCH($A24,Jun!$A$6:$A$38,0)),0)+IFERROR(INDEX(Jul!AL$6:AL$38,MATCH($A24,Jul!$A$6:$A$38,0)),0)} -> 0 | H24: {=IFERROR(INDEX(Aug!AM$6:AM$38,MATCH($A24,Aug!$A$6:$A$38,0)),0)+IFERROR(INDEX(Sep!AM$6:AM$38,MATCH($A24,Sep!$A$6:$A$38,0)),0)+IFERROR(INDEX(Oct!AM$6:AM$38,MATCH($A24,Oct!$A$6:$A$38,0)),0)+IFERROR(INDEX(Nov!AM$6:AM$38,MATCH($A24,Nov!$A$6:$A$38,0)),0)+IFERROR(INDEX(Dec!AM$6:AM$38,MATCH($A24,Dec!$A$6:$A$38,0)),0)+IFERROR(INDEX(Jan!AM$6:AM$38,MATCH($A24,Jan!$A$6:$A$38,0)),0)+IFERROR(INDEX(Feb!AM$6:AM$38,MATCH($A24,Feb!$A$6:$A$38,0)),0)+IFERROR(INDEX(Mar!AM$6:AM$38,MATCH($A24,Mar!$A$6:$A$38,0)),0)+IFERROR(INDEX(Apr!AM$6:AM$38,MATCH($A24,Apr!$A$6:$A$38,0)),0)+IFERROR(INDEX(May!AM$6:AM$38,MATCH($A24,May!$A$6:$A$38,0)),0)+IFERROR(INDEX(Jun!AM$6:AM$38,MATCH($A24,Jun!$A$6:$A$38,0)),0)+IFERROR(INDEX(Jul!AM$6:AM$38,MATCH($A24,Jul!$A$6:$A$38,0)),0)} -> 0 | I24: =SUM(C24:H24) -> 0
A25: 17 | C25: {=IFERROR(INDEX(Aug!AH$6:AH$38,MATCH($A25,Aug!$A$6:$A$38,0)),0)+IFERROR(INDEX(Sep!AH$6:AH$38,MATCH($A25,Sep!$A$6:$A$38,0)),0)+IFERROR(INDEX(Oct!AH$6:AH$38,MATCH($A25,Oct!$A$6:$A$38,0)),0)+IFERROR(INDEX(Nov!AH$6:AH$38,MATCH($A25,Nov!$A$6:$A$38,0)),0)+IFERROR(INDEX(Dec!AH$6:AH$38,MATCH($A25,Dec!$A$6:$A$38,0)),0)+IFERROR(INDEX(Jan!AH$6:AH$38,MATCH($A25,Jan!$A$6:$A$38,0)),0)+IFERROR(INDEX(Feb!AH$6:AH$38,MATCH($A25,Feb!$A$6:$A$38,0)),0)+IFERROR(INDEX(Mar!AH$6:AH$38,MATCH($A25,Mar!$A$6:$A$38,0)),0)+IFERROR(INDEX(Apr!AH$6:AH$38,MATCH($A25,Apr!$A$6:$A$38,0)),0)+IFERROR(INDEX(May!AH$6:AH$38,MATCH($A25,May!$A$6:$A$38,0)),0)+IFERROR(INDEX(Jun!AH$6:AH$38,MATCH($A25,Jun!$A$6:$A$38,0)),0)+IFERROR(INDEX(Jul!AH$6:AH$38,MATCH($A25,Jul!$A$6:$A$38,0)),0)} -> 0 | D25: {=IFERROR(INDEX(Aug!AI$6:AI$38,MATCH($A25,Aug!$A$6:$A$38,0)),0)+IFERROR(INDEX(Sep!AI$6:AI$38,MATCH($A25,Sep!$A$6:$A$38,0)),0)+IFERROR(INDEX(Oct!AI$6:AI$38,MATCH($A25,Oct!$A$6:$A$38,0)),0)+IFERROR(INDEX(Nov!AI$6:AI$38,MATCH($A25,Nov!$A$6:$A$38,0)),0)+IFERROR(INDEX(Dec!AI$6:AI$38,MATCH($A25,Dec!$A$6:$A$38,0)),0)+IFERROR(INDEX(Jan!AI$6:AI$38,MATCH($A25,Jan!$A$6:$A$38,0)),0)+IFERROR(INDEX(Feb!AI$6:AI$38,MATCH($A25,Feb!$A$6:$A$38,0)),0)+IFERROR(INDEX(Mar!AI$6:AI$38,MATCH($A25,Mar!$A$6:$A$38,0)),0)+IFERROR(INDEX(Apr!AI$6:AI$38,MATCH($A25,Apr!$A$6:$A$38,0)),0)+IFERROR(INDEX(May!AI$6:AI$38,MATCH($A25,May!$A$6:$A$38,0)),0)+IFERROR(INDEX(Jun!AI$6:AI$38,MATCH($A25,Jun!$A$6:$A$38,0)),0)+IFERROR(INDEX(Jul!AI$6:AI$38,MATCH($A25,Jul!$A$6:$A$38,0)),0)} -> 0 | E25: {=IFERROR(INDEX(Aug!AJ$6:AJ$38,MATCH($A25,Aug!$A$6:$A$38,0)),0)+IFERROR(INDEX(Sep!AJ$6:AJ$38,MATCH($A25,Sep!$A$6:$A$38,0)),0)+IFERROR(INDEX(Oct!AJ$6:AJ$38,MATCH($A25,Oct!$A$6:$A$38,0)),0)+IFERROR(INDEX(Nov!AJ$6:AJ$38,MATCH($A25,Nov!$A$6:$A$38,0)),0)+IFERROR(INDEX(Dec!AJ$6:AJ$38,MATCH($A25,Dec!$A$6:$A$38,0)),0)+IFERROR(INDEX(Jan!AJ$6:AJ$38,MATCH($A25,Jan!$A$6:$A$38,0)),0)+IFERROR(INDEX(Feb!AJ$6:AJ$38,MATCH($A25,Feb!$A$6:$A$38,0)),0)+IFERROR(INDEX(Mar!AJ$6:AJ$38,MATCH($A25,Mar!$A$6:$A$38,0)),0)+IFERROR(INDEX(Apr!AJ$6:AJ$38,MATCH($A25,Apr!$A$6:$A$38,0)),0)+IFERROR(INDEX(May!AJ$6:AJ$38,MATCH($A25,May!$A$6:$A$38,0)),0)+IFERROR(INDEX(Jun!AJ$6:AJ$38,MATCH($A25,Jun!$A$6:$A$38,0)),0)+IFERROR(INDEX(Jul!AJ$6:AJ$38,MATCH($A25,Jul!$A$6:$A$38,0)),0)} -> 0 | F25: {=IFERROR(INDEX(Aug!AK$6:AK$38,MATCH($A25,Aug!$A$6:$A$38,0)),0)+IFERROR(INDEX(Sep!AK$6:AK$38,MATCH($A25,Sep!$A$6:$A$38,0)),0)+IFERROR(INDEX(Oct!AK$6:AK$38,MATCH($A25,Oct!$A$6:$A$38,0)),0)+IFERROR(INDEX(Nov!AK$6:AK$38,MATCH($A25,Nov!$A$6:$A$38,0)),0)+IFERROR(INDEX(Dec!AK$6:AK$38,MATCH($A25,Dec!$A$6:$A$38,0)),0)+IFERROR(INDEX(Jan!AK$6:AK$38,MATCH($A25,Jan!$A$6:$A$38,0)),0)+IFERROR(INDEX(Feb!AK$6:AK$38,MATCH($A25,Feb!$A$6:$A$38,0)),0)+IFERROR(INDEX(Mar!AK$6:AK$38,MATCH($A25,Mar!$A$6:$A$38,0)),0)+IFERROR(INDEX(Apr!AK$6:AK$38,MATCH($A25,Apr!$A$6:$A$38,0)),0)+IFERROR(INDEX(May!AK$6:AK$38,MATCH($A25,May!$A$6:$A$38,0)),0)+IFERROR(INDEX(Jun!AK$6:AK$38,MATCH($A25,Jun!$A$6:$A$38,0)),0)+IFERROR(INDEX(Jul!AK$6:AK$38,MATCH($A25,Jul!$A$6:$A$38,0)),0)} -> 0 | G25: {=IFERROR(INDEX(Aug!AL$6:AL$38,MATCH($A25,Aug!$A$6:$A$38,0)),0)+IFERROR(INDEX(Sep!AL$6:AL$38,MATCH($A25,Sep!$A$6:$A$38,0)),0)+IFERROR(INDEX(Oct!AL$6:AL$38,MATCH($A25,Oct!$A$6:$A$38,0)),0)+IFERROR(INDEX(Nov!AL$6:AL$38,MATCH($A25,Nov!$A$6:$A$38,0)),0)+IFERROR(INDEX(Dec!AL$6:AL$38,MATCH($A25,Dec!$A$6:$A$38,0)),0)+IFERROR(INDEX(Jan!AL$6:AL$38,MATCH($A25,Jan!$A$6:$A$38,0)),0)+IFERROR(INDEX(Feb!AL$6:AL$38,MATCH($A25,Feb!$A$6:$A$38,0)),0)+IFERROR(INDEX(Mar!AL$6:AL$38,MATCH($A25,Mar!$A$6:$A$38,0)),0)+IFERROR(INDEX(Apr!AL$6:AL$38,MATCH($A25,Apr!$A$6:$A$38,0)),0)+IFERROR(INDEX(May!AL$6:AL$38,MATCH($A25,May!$A$6:$A$38,0)),0)+IFERROR(INDEX(Jun!AL$6:AL$38,MATCH($A25,Jun!$A$6:$A$38,0)),0)+IFERROR(INDEX(Jul!AL$6:AL$38,MATCH($A25,Jul!$A$6:$A$38,0)),0)} -> 0 | H25: {=IFERROR(INDEX(Aug!AM$6:AM$38,MATCH($A25,Aug!$A$6:$A$38,0)),0)+IFERROR(INDEX(Sep!AM$6:AM$38,MATCH($A25,Sep!$A$6:$A$38,0)),0)+IFERROR(INDEX(Oct!AM$6:AM$38,MATCH($A25,Oct!$A$6:$A$38,0)),0)+IFERROR(INDEX(Nov!AM$6:AM$38,MATCH($A25,Nov!$A$6:$A$38,0)),0)+IFERROR(INDEX(Dec!AM$6:AM$38,MATCH($A25,Dec!$A$6:$A$38,0)),0)+IFERROR(INDEX(Jan!AM$6:AM$38,MATCH($A25,Jan!$A$6:$A$38,0)),0)+IFERROR(INDEX(Feb!AM$6:AM$38,MATCH($A25,Feb!$A$6:$A$38,0)),0)+IFERROR(INDEX(Mar!AM$6:AM$38,MATCH($A25,Mar!$A$6:$A$38,0)),0)+IFERROR(INDEX(Apr!AM$6:AM$38,MATCH($A25,Apr!$A$6:$A$38,0)),0)+IFERROR(INDEX(May!AM$6:AM$38,MATCH($A25,May!$A$6:$A$38,0)),0)+IFERROR(INDEX(Jun!AM$6:AM$38,MATCH($A25,Jun!$A$6:$A$38,0)),0)+IFERROR(INDEX(Jul!AM$6:AM$38,MATCH($A25,Jul!$A$6:$A$38,0)),0)} -> 0 | I25: =SUM(C25:H25) -> 0
A26: 18 | C26: {=IFERROR(INDEX(Aug!AH$6:AH$38,MATCH($A26,Aug!$A$6:$A$38,0)),0)+IFERROR(INDEX(Sep!AH$6:AH$38,MATCH($A26,Sep!$A$6:$A$38,0)),0)+IFERROR(INDEX(Oct!AH$6:AH$38,MATCH($A26,Oct!$A$6:$A$38,0)),0)+IFERROR(INDEX(Nov!AH$6:AH$38,MATCH($A26,Nov!$A$6:$A$38,0)),0)+IFERROR(INDEX(Dec!AH$6:AH$38,MATCH($A26,Dec!$A$6:$A$38,0)),0)+IFERROR(INDEX(Jan!AH$6:AH$38,MATCH($A26,Jan!$A$6:$A$38,0)),0)+IFERROR(INDEX(Feb!AH$6:AH$38,MATCH($A26,Feb!$A$6:$A$38,0)),0)+IFERROR(INDEX(Mar!AH$6:AH$38,MATCH($A26,Mar!$A$6:$A$38,0)),0)+IFERROR(INDEX(Apr!AH$6:AH$38,MATCH($A26,Apr!$A$6:$A$38,0)),0)+IFERROR(INDEX(May!AH$6:AH$38,MATCH($A26,May!$A$6:$A$38,0)),0)+IFERROR(INDEX(Jun!AH$6:AH$38,MATCH($A26,Jun!$A$6:$A$38,0)),0)+IFERROR(INDEX(Jul!AH$6:AH$38,MATCH($A26,Jul!$A$6:$A$38,0)),0)} -> 0 | D26: {=IFERROR(INDEX(Aug!AI$6:AI$38,MATCH($A26,Aug!$A$6:$A$38,0)),0)+IFERROR(INDEX(Sep!AI$6:AI$38,MATCH($A26,Sep!$A$6:$A$38,0)),0)+IFERROR(INDEX(Oct!AI$6:AI$38,MATCH($A26,Oct!$A$6:$A$38,0)),0)+IFERROR(INDEX(Nov!AI$6:AI$38,MATCH($A26,Nov!$A$6:$A$38,0)),0)+IFERROR(INDEX(Dec!AI$6:AI$38,MATCH($A26,Dec!$A$6:$A$38,0)),0)+IFERROR(INDEX(Jan!AI$6:AI$38,MATCH($A26,Jan!$A$6:$A$38,0)),0)+IFERROR(INDEX(Feb!AI$6:AI$38,MATCH($A26,Feb!$A$6:$A$38,0)),0)+IFERROR(INDEX(Mar!AI$6:AI$38,MATCH($A26,Mar!$A$6:$A$38,0)),0)+IFERROR(INDEX(Apr!AI$6:AI$38,MATCH($A26,Apr!$A$6:$A$38,0)),0)+IFERROR(INDEX(May!AI$6:AI$38,MATCH($A26,May!$A$6:$A$38,0)),0)+IFERROR(INDEX(Jun!AI$6:AI$38,MATCH($A26,Jun!$A$6:$A$38,0)),0)+IFERROR(INDEX(Jul!AI$6:AI$38,MATCH($A26,Jul!$A$6:$A$38,0)),0)} -> 0 | E26: {=IFERROR(INDEX(Aug!AJ$6:AJ$38,MATCH($A26,Aug!$A$6:$A$38,0)),0)+IFERROR(INDEX(Sep!AJ$6:AJ$38,MATCH($A26,Sep!$A$6:$A$38,0)),0)+IFERROR(INDEX(Oct!AJ$6:AJ$38,MATCH($A26,Oct!$A$6:$A$38,0)),0)+IFERROR(INDEX(Nov!AJ$6:AJ$38,MATCH($A26,Nov!$A$6:$A$38,0)),0)+IFERROR(INDEX(Dec!AJ$6:AJ$38,MATCH($A26,Dec!$A$6:$A$38,0)),0)+IFERROR(INDEX(Jan!AJ$6:AJ$38,MATCH($A26,Jan!$A$6:$A$38,0)),0)+IFERROR(INDEX(Feb!AJ$6:AJ$38,MATCH($A26,Feb!$A$6:$A$38,0)),0)+IFERROR(INDEX(Mar!AJ$6:AJ$38,MATCH($A26,Mar!$A$6:$A$38,0)),0)+IFERROR(INDEX(Apr!AJ$6:AJ$38,MATCH($A26,Apr!$A$6:$A$38,0)),0)+IFERROR(INDEX(May!AJ$6:AJ$38,MATCH($A26,May!$A$6:$A$38,0)),0)+IFERROR(INDEX(Jun!AJ$6:AJ$38,MATCH($A26,Jun!$A$6:$A$38,0)),0)+IFERROR(INDEX(Jul!AJ$6:AJ$38,MATCH($A26,Jul!$A$6:$A$38,0)),0)} -> 0 | F26: {=IFERROR(INDEX(Aug!AK$6:AK$38,MATCH($A26,Aug!$A$6:$A$38,0)),0)+IFERROR(INDEX(Sep!AK$6:AK$38,MATCH($A26,Sep!$A$6:$A$38,0)),0)+IFERROR(INDEX(Oct!AK$6:AK$38,MATCH($A26,Oct!$A$6:$A$38,0)),0)+IFERROR(INDEX(Nov!AK$6:AK$38,MATCH($A26,Nov!$A$6:$A$38,0)),0)+IFERROR(INDEX(Dec!AK$6:AK$38,MATCH($A26,Dec!$A$6:$A$38,0)),0)+IFERROR(INDEX(Jan!AK$6:AK$38,MATCH($A26,Jan!$A$6:$A$38,0)),0)+IFERROR(INDEX(Feb!AK$6:AK$38,MATCH($A26,Feb!$A$6:$A$38,0)),0)+IFERROR(INDEX(Mar!AK$6:AK$38,MATCH($A26,Mar!$A$6:$A$38,0)),0)+IFERROR(INDEX(Apr!AK$6:AK$38,MATCH($A26,Apr!$A$6:$A$38,0)),0)+IFERROR(INDEX(May!AK$6:AK$38,MATCH($A26,May!$A$6:$A$38,0)),0)+IFERROR(INDEX(Jun!AK$6:AK$38,MATCH($A26,Jun!$A$6:$A$38,0)),0)+IFERROR(INDEX(Jul!AK$6:AK$38,MATCH($A26,Jul!$A$6:$A$38,0)),0)} -> 0 | G26: {=IFERROR(INDEX(Aug!AL$6:AL$38,MATCH($A26,Aug!$A$6:$A$38,0)),0)+IFERROR(INDEX(Sep!AL$6:AL$38,MATCH($A26,Sep!$A$6:$A$38,0)),0)+IFERROR(INDEX(Oct!AL$6:AL$38,MATCH($A26,Oct!$A$6:$A$38,0)),0)+IFERROR(INDEX(Nov!AL$6:AL$38,MATCH($A26,Nov!$A$6:$A$38,0)),0)+IFERROR(INDEX(Dec!AL$6:AL$38,MATCH($A26,Dec!$A$6:$A$38,0)),0)+IFERROR(INDEX(Jan!AL$6:AL$38,MATCH($A26,Jan!$A$6:$A$38,0)),0)+IFERROR(INDEX(Feb!AL$6:AL$38,MATCH($A26,Feb!$A$6:$A$38,0)),0)+IFERROR(INDEX(Mar!AL$6:AL$38,MATCH($A26,Mar!$A$6:$A$38,0)),0)+IFERROR(INDEX(Apr!AL$6:AL$38,MATCH($A26,Apr!$A$6:$A$38,0)),0)+IFERROR(INDEX(May!AL$6:AL$38,MATCH($A26,May!$A$6:$A$38,0)),0)+IFERROR(INDEX(Jun!AL$6:AL$38,MATCH($A26,Jun!$A$6:$A$38,0)),0)+IFERROR(INDEX(Jul!AL$6:AL$38,MATCH($A26,Jul!$A$6:$A$38,0)),0)} -> 0 | H26: {=IFERROR(INDEX(Aug!AM$6:AM$38,MATCH($A26,Aug!$A$6:$A$38,0)),0)+IFERROR(INDEX(Sep!AM$6:AM$38,MATCH($A26,Sep!$A$6:$A$38,0)),0)+IFERROR(INDEX(Oct!AM$6:AM$38,MATCH($A26,Oct!$A$6:$A$38,0)),0)+IFERROR(INDEX(Nov!AM$6:AM$38,MATCH($A26,Nov!$A$6:$A$38,0)),0)+IFERROR(INDEX(Dec!AM$6:AM$38,MATCH($A26,Dec!$A$6:$A$38,0)),0)+IFERROR(INDEX(Jan!AM$6:AM$38,MATCH($A26,Jan!$A$6:$A$38,0)),0)+IFERROR(INDEX(Feb!AM$6:AM$38,MATCH($A26,Feb!$A$6:$A$38,0)),0)+IFERROR(INDEX(Mar!AM$6:AM$38,MATCH($A26,Mar!$A$6:$A$38,0)),0)+IFERROR(INDEX(Apr!AM$6:AM$38,MATCH($A26,Apr!$A$6:$A$38,0)),0)+IFERROR(INDEX(May!AM$6:AM$38,MATCH($A26,May!$A$6:$A$38,0)),0)+IFERROR(INDEX(Jun!AM$6:AM$38,MATCH($A26,Jun!$A$6:$A$38,0)),0)+IFERROR(INDEX(Jul!AM$6:AM$38,MATCH($A26,Jul!$A$6:$A$38,0)),0)} -> 0 | I26: =SUM(C26:H26) -> 0
A27: 19 | C27: {=IFERROR(INDEX(Aug!AH$6:AH$38,MATCH($A27,Aug!$A$6:$A$38,0)),0)+IFERROR(INDEX(Sep!AH$6:AH$38,MATCH($A27,Sep!$A$6:$A$38,0)),0)+IFERROR(INDEX(Oct!AH$6:AH$38,MATCH($A27,Oct!$A$6:$A$38,0)),0)+IFERROR(INDEX(Nov!AH$6:AH$38,MATCH($A27,Nov!$A$6:$A$38,0)),0)+IFERROR(INDEX(Dec!AH$6:AH$38,MATCH($A27,Dec!$A$6:$A$38,0)),0)+IFERROR(INDEX(Jan!AH$6:AH$38,MATCH($A27,Jan!$A$6:$A$38,0)),0)+IFERROR(INDEX(Feb!AH$6:AH$38,MATCH($A27,Feb!$A$6:$A$38,0)),0)+IFERROR(INDEX(Mar!AH$6:AH$38,MATCH($A27,Mar!$A$6:$A$38,0)),0)+IFERROR(INDEX(Apr!AH$6:AH$38,MATCH($A27,Apr!$A$6:$A$38,0)),0)+IFERROR(INDEX(May!AH$6:AH$38,MATCH($A27,May!$A$6:$A$38,0)),0)+IFERROR(INDEX(Jun!AH$6:AH$38,MATCH($A27,Jun!$A$6:$A$38,0)),0)+IFERROR(INDEX(Jul!AH$6:AH$38,MATCH($A27,Jul!$A$6:$A$38,0)),0)} -> 0 | D27: {=IFERROR(INDEX(Aug!AI$6:AI$38,MATCH($A27,Aug!$A$6:$A$38,0)),0)+IFERROR(INDEX(Sep!AI$6:AI$38,MATCH($A27,Sep!$A$6:$A$38,0)),0)+IFERROR(INDEX(Oct!AI$6:AI$38,MATCH($A27,Oct!$A$6:$A$38,0)),0)+IFERROR(INDEX(Nov!AI$6:AI$38,MATCH($A27,Nov!$A$6:$A$38,0)),0)+IFERROR(INDEX(Dec!AI$6:AI$38,MATCH($A27,Dec!$A$6:$A$38,0)),0)+IFERROR(INDEX(Jan!AI$6:AI$38,MATCH($A27,Jan!$A$6:$A$38,0)),0)+IFERROR(INDEX(Feb!AI$6:AI$38,MATCH($A27,Feb!$A$6:$A$38,0)),0)+IFERROR(INDEX(Mar!AI$6:AI$38,MATCH($A27,Mar!$A$6:$A$38,0)),0)+IFERROR(INDEX(Apr!AI$6:AI$38,MATCH($A27,Apr!$A$6:$A$38,0)),0)+IFERROR(INDEX(May!AI$6:AI$38,MATCH($A27,May!$A$6:$A$38,0)),0)+IFERROR(INDEX(Jun!AI$6:AI$38,MATCH($A27,Jun!$A$6:$A$38,0)),0)+IFERROR(INDEX(Jul!AI$6:AI$38,MATCH($A27,Jul!$A$6:$A$38,0)),0)} -> 0 | E27: {=IFERROR(INDEX(Aug!AJ$6:AJ$38,MATCH($A27,Aug!$A$6:$A$38,0)),0)+IFERROR(INDEX(Sep!AJ$6:AJ$38,MATCH($A27,Sep!$A$6:$A$38,0)),0)+IFERROR(INDEX(Oct!AJ$6:AJ$38,MATCH($A27,Oct!$A$6:$A$38,0)),0)+IFERROR(INDEX(Nov!AJ$6:AJ$38,MATCH($A27,Nov!$A$6:$A$38,0)),0)+IFERROR(INDEX(Dec!AJ$6:AJ$38,MATCH($A27,Dec!$A$6:$A$38,0)),0)+IFERROR(INDEX(Jan!AJ$6:AJ$38,MATCH($A27,Jan!$A$6:$A$38,0)),0)+IFERROR(INDEX(Feb!AJ$6:AJ$38,MATCH($A27,Feb!$A$6:$A$38,0)),0)+IFERROR(INDEX(Mar!AJ$6:AJ$38,MATCH($A27,Mar!$A$6:$A$38,0)),0)+IFERROR(INDEX(Apr!AJ$6:AJ$38,MATCH($A27,Apr!$A$6:$A$38,0)),0)+IFERROR(INDEX(May!AJ$6:AJ$38,MATCH($A27,May!$A$6:$A$38,0)),0)+IFERROR(INDEX(Jun!AJ$6:AJ$38,MATCH($A27,Jun!$A$6:$A$38,0)),0)+IFERROR(INDEX(Jul!AJ$6:AJ$38,MATCH($A27,Jul!$A$6:$A$38,0)),0)} -> 0 | F27: {=IFERROR(INDEX(Aug!AK$6:AK$38,MATCH($A27,Aug!$A$6:$A$38,0)),0)+IFERROR(INDEX(Sep!AK$6:AK$38,MATCH($A27,Sep!$A$6:$A$38,0)),0)+IFERROR(INDEX(Oct!AK$6:AK$38,MATCH($A27,Oct!$A$6:$A$38,0)),0)+IFERROR(INDEX(Nov!AK$6:AK$38,MATCH($A27,Nov!$A$6:$A$38,0)),0)+IFERROR(INDEX(Dec!AK$6:AK$38,MATCH($A27,Dec!$A$6:$A$38,0)),0)+IFERROR(INDEX(Jan!AK$6:AK$38,MATCH($A27,Jan!$A$6:$A$38,0)),0)+IFERROR(INDEX(Feb!AK$6:AK$38,MATCH($A27,Feb!$A$6:$A$38,0)),0)+IFERROR(INDEX(Mar!AK$6:AK$38,MATCH($A27,Mar!$A$6:$A$38,0)),0)+IFERROR(INDEX(Apr!AK$6:AK$38,MATCH($A27,Apr!$A$6:$A$38,0)),0)+IFERROR(INDEX(May!AK$6:AK$38,MATCH($A27,May!$A$6:$A$38,0)),0)+IFERROR(INDEX(Jun!AK$6:AK$38,MATCH($A27,Jun!$A$6:$A$38,0)),0)+IFERROR(INDEX(Jul!AK$6:AK$38,MATCH($A27,Jul!$A$6:$A$38,0)),0)} -> 0 | G27: {=IFERROR(INDEX(Aug!AL$6:AL$38,MATCH($A27,Aug!$A$6:$A$38,0)),0)+IFERROR(INDEX(Sep!AL$6:AL$38,MATCH($A27,Sep!$A$6:$A$38,0)),0)+IFERROR(INDEX(Oct!AL$6:AL$38,MATCH($A27,Oct!$A$6:$A$38,0)),0)+IFERROR(INDEX(Nov!AL$6:AL$38,MATCH($A27,Nov!$A$6:$A$38,0)),0)+IFERROR(INDEX(Dec!AL$6:AL$38,MATCH($A27,Dec!$A$6:$A$38,0)),0)+IFERROR(INDEX(Jan!AL$6:AL$38,MATCH($A27,Jan!$A$6:$A$38,0)),0)+IFERROR(INDEX(Feb!AL$6:AL$38,MATCH($A27,Feb!$A$6:$A$38,0)),0)+IFERROR(INDEX(Mar!AL$6:AL$38,MATCH($A27,Mar!$A$6:$A$38,0)),0)+IFERROR(INDEX(Apr!AL$6:AL$38,MATCH($A27,Apr!$A$6:$A$38,0)),0)+IFERROR(INDEX(May!AL$6:AL$38,MATCH($A27,May!$A$6:$A$38,0)),0)+IFERROR(INDEX(Jun!AL$6:AL$38,MATCH($A27,Jun!$A$6:$A$38,0)),0)+IFERROR(INDEX(Jul!AL$6:AL$38,MATCH($A27,Jul!$A$6:$A$38,0)),0)} -> 0 | H27: {=IFERROR(INDEX(Aug!AM$6:AM$38,MATCH($A27,Aug!$A$6:$A$38,0)),0)+IFERROR(INDEX(Sep!AM$6:AM$38,MATCH($A27,Sep!$A$6:$A$38,0)),0)+IFERROR(INDEX(Oct!AM$6:AM$38,MATCH($A27,Oct!$A$6:$A$38,0)),0)+IFERROR(INDEX(Nov!AM$6:AM$38,MATCH($A27,Nov!$A$6:$A$38,0)),0)+IFERROR(INDEX(Dec!AM$6:AM$38,MATCH($A27,Dec!$A$6:$A$38,0)),0)+IFERROR(INDEX(Jan!AM$6:AM$38,MATCH($A27,Jan!$A$6:$A$38,0)),0)+IFERROR(INDEX(Feb!AM$6:AM$38,MATCH($A27,Feb!$A$6:$A$38,0)),0)+IFERROR(INDEX(Mar!AM$6:AM$38,MATCH($A27,Mar!$A$6:$A$38,0)),0)+IFERROR(INDEX(Apr!AM$6:AM$38,MATCH($A27,Apr!$A$6:$A$38,0)),0)+IFERROR(INDEX(May!AM$6:AM$38,MATCH($A27,May!$A$6:$A$38,0)),0)+IFERROR(INDEX(Jun!AM$6:AM$38,MATCH($A27,Jun!$A$6:$A$38,0)),0)+IFERROR(INDEX(Jul!AM$6:AM$38,MATCH($A27,Jul!$A$6:$A$38,0)),0)} -> 0 | I27: =SUM(C27:H27) -> 0
A28: 20 | C28: {=IFERROR(INDEX(Aug!AH$6:AH$38,MATCH($A28,Aug!$A$6:$A$38,0)),0)+IFERROR(INDEX(Sep!AH$6:AH$38,MATCH($A28,Sep!$A$6:$A$38,0)),0)+IFERROR(INDEX(Oct!AH$6:AH$38,MATCH($A28,Oct!$A$6:$A$38,0)),0)+IFERROR(INDEX(Nov!AH$6:AH$38,MATCH($A28,Nov!$A$6:$A$38,0)),0)+IFERROR(INDEX(Dec!AH$6:AH$38,MATCH($A28,Dec!$A$6:$A$38,0)),0)+IFERROR(INDEX(Jan!AH$6:AH$38,MATCH($A28,Jan!$A$6:$A$38,0)),0)+IFERROR(INDEX(Feb!AH$6:AH$38,MATCH($A28,Feb!$A$6:$A$38,0)),0)+IFERROR(INDEX(Mar!AH$6:AH$38,MATCH($A28,Mar!$A$6:$A$38,0)),0)+IFERROR(INDEX(Apr!AH$6:AH$38,MATCH($A28,Apr!$A$6:$A$38,0)),0)+IFERROR(INDEX(May!AH$6:AH$38,MATCH($A28,May!$A$6:$A$38,0)),0)+IFERROR(INDEX(Jun!AH$6:AH$38,MATCH($A28,Jun!$A$6:$A$38,0)),0)+IFERROR(INDEX(Jul!AH$6:AH$38,MATCH($A28,Jul!$A$6:$A$38,0)),0)} -> 0 | D28: {=IFERROR(INDEX(Aug!AI$6:AI$38,MATCH($A28,Aug!$A$6:$A$38,0)),0)+IFERROR(INDEX(Sep!AI$6:AI$38,MATCH($A28,Sep!$A$6:$A$38,0)),0)+IFERROR(INDEX(Oct!AI$6:AI$38,MATCH($A28,Oct!$A$6:$A$38,0)),0)+IFERROR(INDEX(Nov!AI$6:AI$38,MATCH($A28,Nov!$A$6:$A$38,0)),0)+IFERROR(INDEX(Dec!AI$6:AI$38,MATCH($A28,Dec!$A$6:$A$38,0)),0)+IFERROR(INDEX(Jan!AI$6:AI$38,MATCH($A28,Jan!$A$6:$A$38,0)),0)+IFERROR(INDEX(Feb!AI$6:AI$38,MATCH($A28,Feb!$A$6:$A$38,0)),0)+IFERROR(INDEX(Mar!AI$6:AI$38,MATCH($A28,Mar!$A$6:$A$38,0)),0)+IFERROR(INDEX(Apr!AI$6:AI$38,MATCH($A28,Apr!$A$6:$A$38,0)),0)+IFERROR(INDEX(May!AI$6:AI$38,MATCH($A28,May!$A$6:$A$38,0)),0)+IFERROR(INDEX(Jun!AI$6:AI$38,MATCH($A28,Jun!$A$6:$A$38,0)),0)+IFERROR(INDEX(Jul!AI$6:AI$38,MATCH($A28,Jul!$A$6:$A$38,0)),0)} -> 0 | E28: {=IFERROR(INDEX(Aug!AJ$6:AJ$38,MATCH($A28,Aug!$A$6:$A$38,0)),0)+IFERROR(INDEX(Sep!AJ$6:AJ$38,MATCH($A28,Sep!$A$6:$A$38,0)),0)+IFERROR(INDEX(Oct!AJ$6:AJ$38,MATCH($A28,Oct!$A$6:$A$38,0)),0)+IFERROR(INDEX(Nov!AJ$6:AJ$38,MATCH($A28,Nov!$A$6:$A$38,0)),0)+IFERROR(INDEX(Dec!AJ$6:AJ$38,MATCH($A28,Dec!$A$6:$A$38,0)),0)+IFERROR(INDEX(Jan!AJ$6:AJ$38,MATCH($A28,Jan!$A$6:$A$38,0)),0)+IFERROR(INDEX(Feb!AJ$6:AJ$38,MATCH($A28,Feb!$A$6:$A$38,0)),0)+IFERROR(INDEX(Mar!AJ$6:AJ$38,MATCH($A28,Mar!$A$6:$A$38,0)),0)+IFERROR(INDEX(Apr!AJ$6:AJ$38,MATCH($A28,Apr!$A$6:$A$38,0)),0)+IFERROR(INDEX(May!AJ$6:AJ$38,MATCH($A28,May!$A$6:$A$38,0)),0)+IFERROR(INDEX(Jun!AJ$6:AJ$38,MATCH($A28,Jun!$A$6:$A$38,0)),0)+IFERROR(INDEX(Jul!AJ$6:AJ$38,MATCH($A28,Jul!$A$6:$A$38,0)),0)} -> 0 | F28: {=IFERROR(INDEX(Aug!AK$6:AK$38,MATCH($A28,Aug!$A$6:$A$38,0)),0)+IFERROR(INDEX(Sep!AK$6:AK$38,MATCH($A28,Sep!$A$6:$A$38,0)),0)+IFERROR(INDEX(Oct!AK$6:AK$38,MATCH($A28,Oct!$A$6:$A$38,0)),0)+IFERROR(INDEX(Nov!AK$6:AK$38,MATCH($A28,Nov!$A$6:$A$38,0)),0)+IFERROR(INDEX(Dec!AK$6:AK$38,MATCH($A28,Dec!$A$6:$A$38,0)),0)+IFERROR(INDEX(Jan!AK$6:AK$38,MATCH($A28,Jan!$A$6:$A$38,0)),0)+IFERROR(INDEX(Feb!AK$6:AK$38,MATCH($A28,Feb!$A$6:$A$38,0)),0)+IFERROR(INDEX(Mar!AK$6:AK$38,MATCH($A28,Mar!$A$6:$A$38,0)),0)+IFERROR(INDEX(Apr!AK$6:AK$38,MATCH($A28,Apr!$A$6:$A$38,0)),0)+IFERROR(INDEX(May!AK$6:AK$38,MATCH($A28,May!$A$6:$A$38,0)),0)+IFERROR(INDEX(Jun!AK$6:AK$38,MATCH($A28,Jun!$A$6:$A$38,0)),0)+IFERROR(INDEX(Jul!AK$6:AK$38,MATCH($A28,Jul!$A$6:$A$38,0)),0)} -> 0 | G28: {=IFERROR(INDEX(Aug!AL$6:AL$38,MATCH($A28,Aug!$A$6:$A$38,0)),0)+IFERROR(INDEX(Sep!AL$6:AL$38,MATCH($A28,Sep!$A$6:$A$38,0)),0)+IFERROR(INDEX(Oct!AL$6:AL$38,MATCH($A28,Oct!$A$6:$A$38,0)),0)+IFERROR(INDEX(Nov!AL$6:AL$38,MATCH($A28,Nov!$A$6:$A$38,0)),0)+IFERROR(INDEX(Dec!AL$6:AL$38,MATCH($A28,Dec!$A$6:$A$38,0)),0)+IFERROR(INDEX(Jan!AL$6:AL$38,MATCH($A28,Jan!$A$6:$A$38,0)),0)+IFERROR(INDEX(Feb!AL$6:AL$38,MATCH($A28,Feb!$A$6:$A$38,0)),0)+IFERROR(INDEX(Mar!AL$6:AL$38,MATCH($A28,Mar!$A$6:$A$38,0)),0)+IFERROR(INDEX(Apr!AL$6:AL$38,MATCH($A28,Apr!$A$6:$A$38,0)),0)+IFERROR(INDEX(May!AL$6:AL$38,MATCH($A28,May!$A$6:$A$38,0)),0)+IFERROR(INDEX(Jun!AL$6:AL$38,MATCH($A28,Jun!$A$6:$A$38,0)),0)+IFERROR(INDEX(Jul!AL$6:AL$38,MATCH($A28,Jul!$A$6:$A$38,0)),0)} -> 0 | H28: {=IFERROR(INDEX(Aug!AM$6:AM$38,MATCH($A28,Aug!$A$6:$A$38,0)),0)+IFERROR(INDEX(Sep!AM$6:AM$38,MATCH($A28,Sep!$A$6:$A$38,0)),0)+IFERROR(INDEX(Oct!AM$6:AM$38,MATCH($A28,Oct!$A$6:$A$38,0)),0)+IFERROR(INDEX(Nov!AM$6:AM$38,MATCH($A28,Nov!$A$6:$A$38,0)),0)+IFERROR(INDEX(Dec!AM$6:AM$38,MATCH($A28,Dec!$A$6:$A$38,0)),0)+IFERROR(INDEX(Jan!AM$6:AM$38,MATCH($A28,Jan!$A$6:$A$38,0)),0)+IFERROR(INDEX(Feb!AM$6:AM$38,MATCH($A28,Feb!$A$6:$A$38,0)),0)+IFERROR(INDEX(Mar!AM$6:AM$38,MATCH($A28,Mar!$A$6:$A$38,0)),0)+IFERROR(INDEX(Apr!AM$6:AM$38,MATCH($A28,Apr!$A$6:$A$38,0)),0)+IFERROR(INDEX(May!AM$6:AM$38,MATCH($A28,May!$A$6:$A$38,0)),0)+IFERROR(INDEX(Jun!AM$6:AM$38,MATCH($A28,Jun!$A$6:$A$38,0)),0)+IFERROR(INDEX(Jul!AM$6:AM$38,MATCH($A28,Jul!$A$6:$A$38,0)),0)} -> 0 | I28: =SUM(C28:H28) -> 0
A29: 21 | C29: {=IFERROR(INDEX(Aug!AH$6:AH$38,MATCH($A29,Aug!$A$6:$A$38,0)),0)+IFERROR(INDEX(Sep!AH$6:AH$38,MATCH($A29,Sep!$A$6:$A$38,0)),0)+IFERROR(INDEX(Oct!AH$6:AH$38,MATCH($A29,Oct!$A$6:$A$38,0)),0)+IFERROR(INDEX(Nov!AH$6:AH$38,MATCH($A29,Nov!$A$6:$A$38,0)),0)+IFERROR(INDEX(Dec!AH$6:AH$38,MATCH($A29,Dec!$A$6:$A$38,0)),0)+IFERROR(INDEX(Jan!AH$6:AH$38,MATCH($A29,Jan!$A$6:$A$38,0)),0)+IFERROR(INDEX(Feb!AH$6:AH$38,MATCH($A29,Feb!$A$6:$A$38,0)),0)+IFERROR(INDEX(Mar!AH$6:AH$38,MATCH($A29,Mar!$A$6:$A$38,0)),0)+IFERROR(INDEX(Apr!AH$6:AH$38,MATCH($A29,Apr!$A$6:$A$38,0)),0)+IFERROR(INDEX(May!AH$6:AH$38,MATCH($A29,May!$A$6:$A$38,0)),0)+IFERROR(INDEX(Jun!AH$6:AH$38,MATCH($A29,Jun!$A$6:$A$38,0)),0)+IFERROR(INDEX(Jul!AH$6:AH$38,MATCH($A29,Jul!$A$6:$A$38,0)),0)} -> 0 | D29: {=IFERROR(INDEX(Aug!AI$6:AI$38,MATCH($A29,Aug!$A$6:$A$38,0)),0)+IFERROR(INDEX(Sep!AI$6:AI$38,MATCH($A29,Sep!$A$6:$A$38,0)),0)+IFERROR(INDEX(Oct!AI$6:AI$38,MATCH($A29,Oct!$A$6:$A$38,0)),0)+IFERROR(INDEX(Nov!AI$6:AI$38,MATCH($A29,Nov!$A$6:$A$38,0)),0)+IFERROR(INDEX(Dec!AI$6:AI$38,MATCH($A29,Dec!$A$6:$A$38,0)),0)+IFERROR(INDEX(Jan!AI$6:AI$38,MATCH($A29,Jan!$A$6:$A$38,0)),0)+IFERROR(INDEX(Feb!AI$6:AI$38,MATCH($A29,Feb!$A$6:$A$38,0)),0)+IFERROR(INDEX(Mar!AI$6:AI$38,MATCH($A29,Mar!$A$6:$A$38,0)),0)+IFERROR(INDEX(Apr!AI$6:AI$38,MATCH($A29,Apr!$A$6:$A$38,0)),0)+IFERROR(INDEX(May!AI$6:AI$38,MATCH($A29,May!$A$6:$A$38,0)),0)+IFERROR(INDEX(Jun!AI$6:AI$38,MATCH($A29,Jun!$A$6:$A$38,0)),0)+IFERROR(INDEX(Jul!AI$6:AI$38,MATCH($A29,Jul!$A$6:$A$38,0)),0)} -> 0 | E29: {=IFERROR(INDEX(Aug!AJ$6:AJ$38,MATCH($A29,Aug!$A$6:$A$38,0)),0)+IFERROR(INDEX(Sep!AJ$6:AJ$38,MATCH($A29,Sep!$A$6:$A$38,0)),0)+IFERROR(INDEX(Oct!AJ$6:AJ$38,MATCH($A29,Oct!$A$6:$A$38,0)),0)+IFERROR(INDEX(Nov!AJ$6:AJ$38,MATCH($A29,Nov!$A$6:$A$38,0)),0)+IFERROR(INDEX(Dec!AJ$6:AJ$38,MATCH($A29,Dec!$A$6:$A$38,0)),0)+IFERROR(INDEX(Jan!AJ$6:AJ$38,MATCH($A29,Jan!$A$6:$A$38,0)),0)+IFERROR(INDEX(Feb!AJ$6:AJ$38,MATCH($A29,Feb!$A$6:$A$38,0)),0)+IFERROR(INDEX(Mar!AJ$6:AJ$38,MATCH($A29,Mar!$A$6:$A$38,0)),0)+IFERROR(INDEX(Apr!AJ$6:AJ$38,MATCH($A29,Apr!$A$6:$A$38,0)),0)+IFERROR(INDEX(May!AJ$6:AJ$38,MATCH($A29,May!$A$6:$A$38,0)),0)+IFERROR(INDEX(Jun!AJ$6:AJ$38,MATCH($A29,Jun!$A$6:$A$38,0)),0)+IFERROR(INDEX(Jul!AJ$6:AJ$38,MATCH($A29,Jul!$A$6:$A$38,0)),0)} -> 0 | F29: {=IFERROR(INDEX(Aug!AK$6:AK$38,MATCH($A29,Aug!$A$6:$A$38,0)),0)+IFERROR(INDEX(Sep!AK$6:AK$38,MATCH($A29,Sep!$A$6:$A$38,0)),0)+IFERROR(INDEX(Oct!AK$6:AK$38,MATCH($A29,Oct!$A$6:$A$38,0)),0)+IFERROR(INDEX(Nov!AK$6:AK$38,MATCH($A29,Nov!$A$6:$A$38,0)),0)+IFERROR(INDEX(Dec!AK$6:AK$38,MATCH($A29,Dec!$A$6:$A$38,0)),0)+IFERROR(INDEX(Jan!AK$6:AK$38,MATCH($A29,Jan!$A$6:$A$38,0)),0)+IFERROR(INDEX(Feb!AK$6:AK$38,MATCH($A29,Feb!$A$6:$A$38,0)),0)+IFERROR(INDEX(Mar!AK$6:AK$38,MATCH($A29,Mar!$A$6:$A$38,0)),0)+IFERROR(INDEX(Apr!AK$6:AK$38,MATCH($A29,Apr!$A$6:$A$38,0)),0)+IFERROR(INDEX(May!AK$6:AK$38,MATCH($A29,May!$A$6:$A$38,0)),0)+IFERROR(INDEX(Jun!AK$6:AK$38,MATCH($A29,Jun!$A$6:$A$38,0)),0)+IFERROR(INDEX(Jul!AK$6:AK$38,MATCH($A29,Jul!$A$6:$A$38,0)),0)} -> 0 | G29: {=IFERROR(INDEX(Aug!AL$6:AL$38,MATCH($A29,Aug!$A$6:$A$38,0)),0)+IFERROR(INDEX(Sep!AL$6:AL$38,MATCH($A29,Sep!$A$6:$A$38,0)),0)+IFERROR(INDEX(Oct!AL$6:AL$38,MATCH($A29,Oct!$A$6:$A$38,0)),0)+IFERROR(INDEX(Nov!AL$6:AL$38,MATCH($A29,Nov!$A$6:$A$38,0)),0)+IFERROR(INDEX(Dec!AL$6:AL$38,MATCH($A29,Dec!$A$6:$A$38,0)),0)+IFERROR(INDEX(Jan!AL$6:AL$38,MATCH($A29,Jan!$A$6:$A$38,0)),0)+IFERROR(INDEX(Feb!AL$6:AL$38,MATCH($A29,Feb!$A$6:$A$38,0)),0)+IFERROR(INDEX(Mar!AL$6:AL$38,MATCH($A29,Mar!$A$6:$A$38,0)),0)+IFERROR(INDEX(Apr!AL$6:AL$38,MATCH($A29,Apr!$A$6:$A$38,0)),0)+IFERROR(INDEX(May!AL$6:AL$38,MATCH($A29,May!$A$6:$A$38,0)),0)+IFERROR(INDEX(Jun!AL$6:AL$38,MATCH($A29,Jun!$A$6:$A$38,0)),0)+IFERROR(INDEX(Jul!AL$6:AL$38,MATCH($A29,Jul!$A$6:$A$38,0)),0)} -> 0 | H29: {=IFERROR(INDEX(Aug!AM$6:AM$38,MATCH($A29,Aug!$A$6:$A$38,0)),0)+IFERROR(INDEX(Sep!AM$6:AM$38,MATCH($A29,Sep!$A$6:$A$38,0)),0)+IFERROR(INDEX(Oct!AM$6:AM$38,MATCH($A29,Oct!$A$6:$A$38,0)),0)+IFERROR(INDEX(Nov!AM$6:AM$38,MATCH($A29,Nov!$A$6:$A$38,0)),0)+IFERROR(INDEX(Dec!AM$6:AM$38,MATCH($A29,Dec!$A$6:$A$38,0)),0)+IFERROR(INDEX(Jan!AM$6:AM$38,MATCH($A29,Jan!$A$6:$A$38,0)),0)+IFERROR(INDEX(Feb!AM$6:AM$38,MATCH($A29,Feb!$A$6:$A$38,0)),0)+IFERROR(INDEX(Mar!AM$6:AM$38,MATCH($A29,Mar!$A$6:$A$38,0)),0)+IFERROR(INDEX(Apr!AM$6:AM$38,MATCH($A29,Apr!$A$6:$A$38,0)),0)+IFERROR(INDEX(May!AM$6:AM$38,MATCH($A29,May!$A$6:$A$38,0)),0)+IFERROR(INDEX(Jun!AM$6:AM$38,MATCH($A29,Jun!$A$6:$A$38,0)),0)+IFERROR(INDEX(Jul!AM$6:AM$38,MATCH($A29,Jul!$A$6:$A$38,0)),0)} -> 0 | I29: =SUM(C29:H29) -> 0
A30: 22 | C30: {=IFERROR(INDEX(Aug!AH$6:AH$38,MATCH($A30,Aug!$A$6:$A$38,0)),0)+IFERROR(INDEX(Sep!AH$6:AH$38,MATCH($A30,Sep!$A$6:$A$38,0)),0)+IFERROR(INDEX(Oct!AH$6:AH$38,MATCH($A30,Oct!$A$6:$A$38,0)),0)+IFERROR(INDEX(Nov!AH$6:AH$38,MATCH($A30,Nov!$A$6:$A$38,0)),0)+IFERROR(INDEX(Dec!AH$6:AH$38,MATCH($A30,Dec!$A$6:$A$38,0)),0)+IFERROR(INDEX(Jan!AH$6:AH$38,MATCH($A30,Jan!$A$6:$A$38,0)),0)+IFERROR(INDEX(Feb!AH$6:AH$38,MATCH($A30,Feb!$A$6:$A$38,0)),0)+IFERROR(INDEX(Mar!AH$6:AH$38,MATCH($A30,Mar!$A$6:$A$38,0)),0)+IFERROR(INDEX(Apr!AH$6:AH$38,MATCH($A30,Apr!$A$6:$A$38,0)),0)+IFERROR(INDEX(May!AH$6:AH$38,MATCH($A30,May!$A$6:$A$38,0)),0)+IFERROR(INDEX(Jun!AH$6:AH$38,MATCH($A30,Jun!$A$6:$A$38,0)),0)+IFERROR(INDEX(Jul!AH$6:AH$38,MATCH($A30,Jul!$A$6:$A$38,0)),0)} -> 0 | D30: {=IFERROR(INDEX(Aug!AI$6:AI$38,MATCH($A30,Aug!$A$6:$A$38,0)),0)+IFERROR(INDEX(Sep!AI$6:AI$38,MATCH($A30,Sep!$A$6:$A$38,0)),0)+IFERROR(INDEX(Oct!AI$6:AI$38,MATCH($A30,Oct!$A$6:$A$38,0)),0)+IFERROR(INDEX(Nov!AI$6:AI$38,MATCH($A30,Nov!$A$6:$A$38,0)),0)+IFERROR(INDEX(Dec!AI$6:AI$38,MATCH($A30,Dec!$A$6:$A$38,0)),0)+IFERROR(INDEX(Jan!AI$6:AI$38,MATCH($A30,Jan!$A$6:$A$38,0)),0)+IFERROR(INDEX(Feb!AI$6:AI$38,MATCH($A30,Feb!$A$6:$A$38,0)),0)+IFERROR(INDEX(Mar!AI$6:AI$38,MATCH($A30,Mar!$A$6:$A$38,0)),0)+IFERROR(INDEX(Apr!AI$6:AI$38,MATCH($A30,Apr!$A$6:$A$38,0)),0)+IFERROR(INDEX(May!AI$6:AI$38,MATCH($A30,May!$A$6:$A$38,0)),0)+IFERROR(INDEX(Jun!AI$6:AI$38,MATCH($A30,Jun!$A$6:$A$38,0)),0)+IFERROR(INDEX(Jul!AI$6:AI$38,MATCH($A30,Jul!$A$6:$A$38,0)),0)} -> 0 | E30: {=IFERROR(INDEX(Aug!AJ$6:AJ$38,MATCH($A30,Aug!$A$6:$A$38,0)),0)+IFERROR(INDEX(Sep!AJ$6:AJ$38,MATCH($A30,Sep!$A$6:$A$38,0)),0)+IFERROR(INDEX(Oct!AJ$6:AJ$38,MATCH($A30,Oct!$A$6:$A$38,0)),0)+IFERROR(INDEX(Nov!AJ$6:AJ$38,MATCH($A30,Nov!$A$6:$A$38,0)),0)+IFERROR(INDEX(Dec!AJ$6:AJ$38,MATCH($A30,Dec!$A$6:$A$38,0)),0)+IFERROR(INDEX(Jan!AJ$6:AJ$38,MATCH($A30,Jan!$A$6:$A$38,0)),0)+IFERROR(INDEX(Feb!AJ$6:AJ$38,MATCH($A30,Feb!$A$6:$A$38,0)),0)+IFERROR(INDEX(Mar!AJ$6:AJ$38,MATCH($A30,Mar!$A$6:$A$38,0)),0)+IFERROR(INDEX(Apr!AJ$6:AJ$38,MATCH($A30,Apr!$A$6:$A$38,0)),0)+IFERROR(INDEX(May!AJ$6:AJ$38,MATCH($A30,May!$A$6:$A$38,0)),0)+IFERROR(INDEX(Jun!AJ$6:AJ$38,MATCH($A30,Jun!$A$6:$A$38,0)),0)+IFERROR(INDEX(Jul!AJ$6:AJ$38,MATCH($A30,Jul!$A$6:$A$38,0)),0)} -> 0 | F30: {=IFERROR(INDEX(Aug!AK$6:AK$38,MATCH($A30,Aug!$A$6:$A$38,0)),0)+IFERROR(INDEX(Sep!AK$6:AK$38,MATCH($A30,Sep!$A$6:$A$38,0)),0)+IFERROR(INDEX(Oct!AK$6:AK$38,MATCH($A30,Oct!$A$6:$A$38,0)),0)+IFERROR(INDEX(Nov!AK$6:AK$38,MATCH($A30,Nov!$A$6:$A$38,0)),0)+IFERROR(INDEX(Dec!AK$6:AK$38,MATCH($A30,Dec!$A$6:$A$38,0)),0)+IFERROR(INDEX(Jan!AK$6:AK$38,MATCH($A30,Jan!$A$6:$A$38,0)),0)+IFERROR(INDEX(Feb!AK$6:AK$38,MATCH($A30,Feb!$A$6:$A$38,0)),0)+IFERROR(INDEX(Mar!AK$6:AK$38,MATCH($A30,Mar!$A$6:$A$38,0)),0)+IFERROR(INDEX(Apr!AK$6:AK$38,MATCH($A30,Apr!$A$6:$A$38,0)),0)+IFERROR(INDEX(May!AK$6:AK$38,MATCH($A30,May!$A$6:$A$38,0)),0)+IFERROR(INDEX(Jun!AK$6:AK$38,MATCH($A30,Jun!$A$6:$A$38,0)),0)+IFERROR(INDEX(Jul!AK$6:AK$38,MATCH($A30,Jul!$A$6:$A$38,0)),0)} -> 0 | G30: {=IFERROR(INDEX(Aug!AL$6:AL$38,MATCH($A30,Aug!$A$6:$A$38,0)),0)+IFERROR(INDEX(Sep!AL$6:AL$38,MATCH($A30,Sep!$A$6:$A$38,0)),0)+IFERROR(INDEX(Oct!AL$6:AL$38,MATCH($A30,Oct!$A$6:$A$38,0)),0)+IFERROR(INDEX(Nov!AL$6:AL$38,MATCH($A30,Nov!$A$6:$A$38,0)),0)+IFERROR(INDEX(Dec!AL$6:AL$38,MATCH($A30,Dec!$A$6:$A$38,0)),0)+IFERROR(INDEX(Jan!AL$6:AL$38,MATCH($A30,Jan!$A$6:$A$38,0)),0)+IFERROR(INDEX(Feb!AL$6:AL$38,MATCH($A30,Feb!$A$6:$A$38,0)),0)+IFERROR(INDEX(Mar!AL$6:AL$38,MATCH($A30,Mar!$A$6:$A$38,0)),0)+IFERROR(INDEX(Apr!AL$6:AL$38,MATCH($A30,Apr!$A$6:$A$38,0)),0)+IFERROR(INDEX(May!AL$6:AL$38,MATCH($A30,May!$A$6:$A$38,0)),0)+IFERROR(INDEX(Jun!AL$6:AL$38,MATCH($A30,Jun!$A$6:$A$38,0)),0)+IFERROR(INDEX(Jul!AL$6:AL$38,MATCH($A30,Jul!$A$6:$A$38,0)),0)} -> 0 | H30: {=IFERROR(INDEX(Aug!AM$6:AM$38,MATCH($A30,Aug!$A$6:$A$38,0)),0)+IFERROR(INDEX(Sep!AM$6:AM$38,MATCH($A30,Sep!$A$6:$A$38,0)),0)+IFERROR(INDEX(Oct!AM$6:AM$38,MATCH($A30,Oct!$A$6:$A$38,0)),0)+IFERROR(INDEX(Nov!AM$6:AM$38,MATCH($A30,Nov!$A$6:$A$38,0)),0)+IFERROR(INDEX(Dec!AM$6:AM$38,MATCH($A30,Dec!$A$6:$A$38,0)),0)+IFERROR(INDEX(Jan!AM$6:AM$38,MATCH($A30,Jan!$A$6:$A$38,0)),0)+IFERROR(INDEX(Feb!AM$6:AM$38,MATCH($A30,Feb!$A$6:$A$38,0)),0)+IFERROR(INDEX(Mar!AM$6:AM$38,MATCH($A30,Mar!$A$6:$A$38,0)),0)+IFERROR(INDEX(Apr!AM$6:AM$38,MATCH($A30,Apr!$A$6:$A$38,0)),0)+IFERROR(INDEX(May!AM$6:AM$38,MATCH($A30,May!$A$6:$A$38,0)),0)+IFERROR(INDEX(Jun!AM$6:AM$38,MATCH($A30,Jun!$A$6:$A$38,0)),0)+IFERROR(INDEX(Jul!AM$6:AM$38,MATCH($A30,Jul!$A$6:$A$38,0)),0)} -> 0 | I30: =SUM(C30:H30) -> 0
A31: 23 | C31: {=IFERROR(INDEX(Aug!AH$6:AH$38,MATCH($A31,Aug!$A$6:$A$38,0)),0)+IFERROR(INDEX(Sep!AH$6:AH$38,MATCH($A31,Sep!$A$6:$A$38,0)),0)+IFERROR(INDEX(Oct!AH$6:AH$38,MATCH($A31,Oct!$A$6:$A$38,0)),0)+IFERROR(INDEX(Nov!AH$6:AH$38,MATCH($A31,Nov!$A$6:$A$38,0)),0)+IFERROR(INDEX(Dec!AH$6:AH$38,MATCH($A31,Dec!$A$6:$A$38,0)),0)+IFERROR(INDEX(Jan!AH$6:AH$38,MATCH($A31,Jan!$A$6:$A$38,0)),0)+IFERROR(INDEX(Feb!AH$6:AH$38,MATCH($A31,Feb!$A$6:$A$38,0)),0)+IFERROR(INDEX(Mar!AH$6:AH$38,MATCH($A31,Mar!$A$6:$A$38,0)),0)+IFERROR(INDEX(Apr!AH$6:AH$38,MATCH($A31,Apr!$A$6:$A$38,0)),0)+IFERROR(INDEX(May!AH$6:AH$38,MATCH($A31,May!$A$6:$A$38,0)),0)+IFERROR(INDEX(Jun!AH$6:AH$38,MATCH($A31,Jun!$A$6:$A$38,0)),0)+IFERROR(INDEX(Jul!AH$6:AH$38,MATCH($A31,Jul!$A$6:$A$38,0)),0)} -> 0 | D31: {=IFERROR(INDEX(Aug!AI$6:AI$38,MATCH($A31,Aug!$A$6:$A$38,0)),0)+IFERROR(INDEX(Sep!AI$6:AI$38,MATCH($A31,Sep!$A$6:$A$38,0)),0)+IFERROR(INDEX(Oct!AI$6:AI$38,MATCH($A31,Oct!$A$6:$A$38,0)),0)+IFERROR(INDEX(Nov!AI$6:AI$38,MATCH($A31,Nov!$A$6:$A$38,0)),0)+IFERROR(INDEX(Dec!AI$6:AI$38,MATCH($A31,Dec!$A$6:$A$38,0)),0)+IFERROR(INDEX(Jan!AI$6:AI$38,MATCH($A31,Jan!$A$6:$A$38,0)),0)+IFERROR(INDEX(Feb!AI$6:AI$38,MATCH($A31,Feb!$A$6:$A$38,0)),0)+IFERROR(INDEX(Mar!AI$6:AI$38,MATCH($A31,Mar!$A$6:$A$38,0)),0)+IFERROR(INDEX(Apr!AI$6:AI$38,MATCH($A31,Apr!$A$6:$A$38,0)),0)+IFERROR(INDEX(May!AI$6:AI$38,MATCH($A31,May!$A$6:$A$38,0)),0)+IFERROR(INDEX(Jun!AI$6:AI$38,MATCH($A31,Jun!$A$6:$A$38,0)),0)+IFERROR(INDEX(Jul!AI$6:AI$38,MATCH($A31,Jul!$A$6:$A$38,0)),0)} -> 0 | E31: {=IFERROR(INDEX(Aug!AJ$6:AJ$38,MATCH($A31,Aug!$A$6:$A$38,0)),0)+IFERROR(INDEX(Sep!AJ$6:AJ$38,MATCH($A31,Sep!$A$6:$A$38,0)),0)+IFERROR(INDEX(Oct!AJ$6:AJ$38,MATCH($A31,Oct!$A$6:$A$38,0)),0)+IFERROR(INDEX(Nov!AJ$6:AJ$38,MATCH($A31,Nov!$A$6:$A$38,0)),0)+IFERROR(INDEX(Dec!AJ$6:AJ$38,MATCH($A31,Dec!$A$6:$A$38,0)),0)+IFERROR(INDEX(Jan!AJ$6:AJ$38,MATCH($A31,Jan!$A$6:$A$38,0)),0)+IFERROR(INDEX(Feb!AJ$6:AJ$38,MATCH($A31,Feb!$A$6:$A$38,0)),0)+IFERROR(INDEX(Mar!AJ$6:AJ$38,MATCH($A31,Mar!$A$6:$A$38,0)),0)+IFERROR(INDEX(Apr!AJ$6:AJ$38,MATCH($A31,Apr!$A$6:$A$38,0)),0)+IFERROR(INDEX(May!AJ$6:AJ$38,MATCH($A31,May!$A$6:$A$38,0)),0)+IFERROR(INDEX(Jun!AJ$6:AJ$38,MATCH($A31,Jun!$A$6:$A$38,0)),0)+IFERROR(INDEX(Jul!AJ$6:AJ$38,MATCH($A31,Jul!$A$6:$A$38,0)),0)} -> 0 | F31: {=IFERROR(INDEX(Aug!AK$6:AK$38,MATCH($A31,Aug!$A$6:$A$38,0)),0)+IFERROR(INDEX(Sep!AK$6:AK$38,MATCH($A31,Sep!$A$6:$A$38,0)),0)+IFERROR(INDEX(Oct!AK$6:AK$38,MATCH($A31,Oct!$A$6:$A$38,0)),0)+IFERROR(INDEX(Nov!AK$6:AK$38,MATCH($A31,Nov!$A$6:$A$38,0)),0)+IFERROR(INDEX(Dec!AK$6:AK$38,MATCH($A31,Dec!$A$6:$A$38,0)),0)+IFERROR(INDEX(Jan!AK$6:AK$38,MATCH($A31,Jan!$A$6:$A$38,0)),0)+IFERROR(INDEX(Feb!AK$6:AK$38,MATCH($A31,Feb!$A$6:$A$38,0)),0)+IFERROR(INDEX(Mar!AK$6:AK$38,MATCH($A31,Mar!$A$6:$A$38,0)),0)+IFERROR(INDEX(Apr!AK$6:AK$38,MATCH($A31,Apr!$A$6:$A$38,0)),0)+IFERROR(INDEX(May!AK$6:AK$38,MATCH($A31,May!$A$6:$A$38,0)),0)+IFERROR(INDEX(Jun!AK$6:AK$38,MATCH($A31,Jun!$A$6:$A$38,0)),0)+IFERROR(INDEX(Jul!AK$6:AK$38,MATCH($A31,Jul!$A$6:$A$38,0)),0)} -> 0 | G31: {=IFERROR(INDEX(Aug!AL$6:AL$38,MATCH($A31,Aug!$A$6:$A$38,0)),0)+IFERROR(INDEX(Sep!AL$6:AL$38,MATCH($A31,Sep!$A$6:$A$38,0)),0)+IFERROR(INDEX(Oct!AL$6:AL$38,MATCH($A31,Oct!$A$6:$A$38,0)),0)+IFERROR(INDEX(Nov!AL$6:AL$38,MATCH($A31,Nov!$A$6:$A$38,0)),0)+IFERROR(INDEX(Dec!AL$6:AL$38,MATCH($A31,Dec!$A$6:$A$38,0)),0)+IFERROR(INDEX(Jan!AL$6:AL$38,MATCH($A31,Jan!$A$6:$A$38,0)),0)+IFERROR(INDEX(Feb!AL$6:AL$38,MATCH($A31,Feb!$A$6:$A$38,0)),0)+IFERROR(INDEX(Mar!AL$6:AL$38,MATCH($A31,Mar!$A$6:$A$38,0)),0)+IFERROR(INDEX(Apr!AL$6:AL$38,MATCH($A31,Apr!$A$6:$A$38,0)),0)+IFERROR(INDEX(May!AL$6:AL$38,MATCH($A31,May!$A$6:$A$38,0)),0)+IFERROR(INDEX(Jun!AL$6:AL$38,MATCH($A31,Jun!$A$6:$A$38,0)),0)+IFERROR(INDEX(Jul!AL$6:AL$38,MATCH($A31,Jul!$A$6:$A$38,0)),0)} -> 0 | H31: {=IFERROR(INDEX(Aug!AM$6:AM$38,MATCH($A31,Aug!$A$6:$A$38,0)),0)+IFERROR(INDEX(Sep!AM$6:AM$38,MATCH($A31,Sep!$A$6:$A$38,0)),0)+IFERROR(INDEX(Oct!AM$6:AM$38,MATCH($A31,Oct!$A$6:$A$38,0)),0)+IFERROR(INDEX(Nov!AM$6:AM$38,MATCH($A31,Nov!$A$6:$A$38,0)),0)+IFERROR(INDEX(Dec!AM$6:AM$38,MATCH($A31,Dec!$A$6:$A$38,0)),0)+IFERROR(INDEX(Jan!AM$6:AM$38,MATCH($A31,Jan!$A$6:$A$38,0)),0)+IFERROR(INDEX(Feb!AM$6:AM$38,MATCH($A31,Feb!$A$6:$A$38,0)),0)+IFERROR(INDEX(Mar!AM$6:AM$38,MATCH($A31,Mar!$A$6:$A$38,0)),0)+IFERROR(INDEX(Apr!AM$6:AM$38,MATCH($A31,Apr!$A$6:$A$38,0)),0)+IFERROR(INDEX(May!AM$6:AM$38,MATCH($A31,May!$A$6:$A$38,0)),0)+IFERROR(INDEX(Jun!AM$6:AM$38,MATCH($A31,Jun!$A$6:$A$38,0)),0)+IFERROR(INDEX(Jul!AM$6:AM$38,MATCH($A31,Jul!$A$6:$A$38,0)),0)} -> 0 | I31: =SUM(C31:H31) -> 0
A32: 24 | C32: {=IFERROR(INDEX(Aug!AH$6:AH$38,MATCH($A32,Aug!$A$6:$A$38,0)),0)+IFERROR(INDEX(Sep!AH$6:AH$38,MATCH($A32,Sep!$A$6:$A$38,0)),0)+IFERROR(INDEX(Oct!AH$6:AH$38,MATCH($A32,Oct!$A$6:$A$38,0)),0)+IFERROR(INDEX(Nov!AH$6:AH$38,MATCH($A32,Nov!$A$6:$A$38,0)),0)+IFERROR(INDEX(Dec!AH$6:AH$38,MATCH($A32,Dec!$A$6:$A$38,0)),0)+IFERROR(INDEX(Jan!AH$6:AH$38,MATCH($A32,Jan!$A$6:$A$38,0)),0)+IFERROR(INDEX(Feb!AH$6:AH$38,MATCH($A32,Feb!$A$6:$A$38,0)),0)+IFERROR(INDEX(Mar!AH$6:AH$38,MATCH($A32,Mar!$A$6:$A$38,0)),0)+IFERROR(INDEX(Apr!AH$6:AH$38,MATCH($A32,Apr!$A$6:$A$38,0)),0)+IFERROR(INDEX(May!AH$6:AH$38,MATCH($A32,May!$A$6:$A$38,0)),0)+IFERROR(INDEX(Jun!AH$6:AH$38,MATCH($A32,Jun!$A$6:$A$38,0)),0)+IFERROR(INDEX(Jul!AH$6:AH$38,MATCH($A32,Jul!$A$6:$A$38,0)),0)} -> 0 | D32: {=IFERROR(INDEX(Aug!AI$6:AI$38,MATCH($A32,Aug!$A$6:$A$38,0)),0)+IFERROR(INDEX(Sep!AI$6:AI$38,MATCH($A32,Sep!$A$6:$A$38,0)),0)+IFERROR(INDEX(Oct!AI$6:AI$38,MATCH($A32,Oct!$A$6:$A$38,0)),0)+IFERROR(INDEX(Nov!AI$6:AI$38,MATCH($A32,Nov!$A$6:$A$38,0)),0)+IFERROR(INDEX(Dec!AI$6:AI$38,MATCH($A32,Dec!$A$6:$A$38,0)),0)+IFERROR(INDEX(Jan!AI$6:AI$38,MATCH($A32,Jan!$A$6:$A$38,0)),0)+IFERROR(INDEX(Feb!AI$6:AI$38,MATCH($A32,Feb!$A$6:$A$38,0)),0)+IFERROR(INDEX(Mar!AI$6:AI$38,MATCH($A32,Mar!$A$6:$A$38,0)),0)+IFERROR(INDEX(Apr!AI$6:AI$38,MATCH($A32,Apr!$A$6:$A$38,0)),0)+IFERROR(INDEX(May!AI$6:AI$38,MATCH($A32,May!$A$6:$A$38,0)),0)+IFERROR(INDEX(Jun!AI$6:AI$38,MATCH($A32,Jun!$A$6:$A$38,0)),0)+IFERROR(INDEX(Jul!AI$6:AI$38,MATCH($A32,Jul!$A$6:$A$38,0)),0)} -> 0 | E32: {=IFERROR(INDEX(Aug!AJ$6:AJ$38,MATCH($A32,Aug!$A$6:$A$38,0)),0)+IFERROR(INDEX(Sep!AJ$6:AJ$38,MATCH($A32,Sep!$A$6:$A$38,0)),0)+IFERROR(INDEX(Oct!AJ$6:AJ$38,MATCH($A32,Oct!$A$6:$A$38,0)),0)+IFERROR(INDEX(Nov!AJ$6:AJ$38,MATCH($A32,Nov!$A$6:$A$38,0)),0)+IFERROR(INDEX(Dec!AJ$6:AJ$38,MATCH($A32,Dec!$A$6:$A$38,0)),0)+IFERROR(INDEX(Jan!AJ$6:AJ$38,MATCH($A32,Jan!$A$6:$A$38,0)),0)+IFERROR(INDEX(Feb!AJ$6:AJ$38,MATCH($A32,Feb!$A$6:$A$38,0)),0)+IFERROR(INDEX(Mar!AJ$6:AJ$38,MATCH($A32,Mar!$A$6:$A$38,0)),0)+IFERROR(INDEX(Apr!AJ$6:AJ$38,MATCH($A32,Apr!$A$6:$A$38,0)),0)+IFERROR(INDEX(May!AJ$6:AJ$38,MATCH($A32,May!$A$6:$A$38,0)),0)+IFERROR(INDEX(Jun!AJ$6:AJ$38,MATCH($A32,Jun!$A$6:$A$38,0)),0)+IFERROR(INDEX(Jul!AJ$6:AJ$38,MATCH($A32,Jul!$A$6:$A$38,0)),0)} -> 0 | F32: {=IFERROR(INDEX(Aug!AK$6:AK$38,MATCH($A32,Aug!$A$6:$A$38,0)),0)+IFERROR(INDEX(Sep!AK$6:AK$38,MATCH($A32,Sep!$A$6:$A$38,0)),0)+IFERROR(INDEX(Oct!AK$6:AK$38,MATCH($A32,Oct!$A$6:$A$38,0)),0)+IFERROR(INDEX(Nov!AK$6:AK$38,MATCH($A32,Nov!$A$6:$A$38,0)),0)+IFERROR(INDEX(Dec!AK$6:AK$38,MATCH($A32,Dec!$A$6:$A$38,0)),0)+IFERROR(INDEX(Jan!AK$6:AK$38,MATCH($A32,Jan!$A$6:$A$38,0)),0)+IFERROR(INDEX(Feb!AK$6:AK$38,MATCH($A32,Feb!$A$6:$A$38,0)),0)+IFERROR(INDEX(Mar!AK$6:AK$38,MATCH($A32,Mar!$A$6:$A$38,0)),0)+IFERROR(INDEX(Apr!AK$6:AK$38,MATCH($A32,Apr!$A$6:$A$38,0)),0)+IFERROR(INDEX(May!AK$6:AK$38,MATCH($A32,May!$A$6:$A$38,0)),0)+IFERROR(INDEX(Jun!AK$6:AK$38,MATCH($A32,Jun!$A$6:$A$38,0)),0)+IFERROR(INDEX(Jul!AK$6:AK$38,MATCH($A32,Jul!$A$6:$A$38,0)),0)} -> 0 | G32: {=IFERROR(INDEX(Aug!AL$6:AL$38,MATCH($A32,Aug!$A$6:$A$38,0)),0)+IFERROR(INDEX(Sep!AL$6:AL$38,MATCH($A32,Sep!$A$6:$A$38,0)),0)+IFERROR(INDEX(Oct!AL$6:AL$38,MATCH($A32,Oct!$A$6:$A$38,0)),0)+IFERROR(INDEX(Nov!AL$6:AL$38,MATCH($A32,Nov!$A$6:$A$38,0)),0)+IFERROR(INDEX(Dec!AL$6:AL$38,MATCH($A32,Dec!$A$6:$A$38,0)),0)+IFERROR(INDEX(Jan!AL$6:AL$38,MATCH($A32,Jan!$A$6:$A$38,0)),0)+IFERROR(INDEX(Feb!AL$6:AL$38,MATCH($A32,Feb!$A$6:$A$38,0)),0)+IFERROR(INDEX(Mar!AL$6:AL$38,MATCH($A32,Mar!$A$6:$A$38,0)),0)+IFERROR(INDEX(Apr!AL$6:AL$38,MATCH($A32,Apr!$A$6:$A$38,0)),0)+IFERROR(INDEX(May!AL$6:AL$38,MATCH($A32,May!$A$6:$A$38,0)),0)+IFERROR(INDEX(Jun!AL$6:AL$38,MATCH($A32,Jun!$A$6:$A$38,0)),0)+IFERROR(INDEX(Jul!AL$6:AL$38,MATCH($A32,Jul!$A$6:$A$38,0)),0)} -> 0 | H32: {=IFERROR(INDEX(Aug!AM$6:AM$38,MATCH($A32,Aug!$A$6:$A$38,0)),0)+IFERROR(INDEX(Sep!AM$6:AM$38,MATCH($A32,Sep!$A$6:$A$38,0)),0)+IFERROR(INDEX(Oct!AM$6:AM$38,MATCH($A32,Oct!$A$6:$A$38,0)),0)+IFERROR(INDEX(Nov!AM$6:AM$38,MATCH($A32,Nov!$A$6:$A$38,0)),0)+IFERROR(INDEX(Dec!AM$6:AM$38,MATCH($A32,Dec!$A$6:$A$38,0)),0)+IFERROR(INDEX(Jan!AM$6:AM$38,MATCH($A32,Jan!$A$6:$A$38,0)),0)+IFERROR(INDEX(Feb!AM$6:AM$38,MATCH($A32,Feb!$A$6:$A$38,0)),0)+IFERROR(INDEX(Mar!AM$6:AM$38,MATCH($A32,Mar!$A$6:$A$38,0)),0)+IFERROR(INDEX(Apr!AM$6:AM$38,MATCH($A32,Apr!$A$6:$A$38,0)),0)+IFERROR(INDEX(May!AM$6:AM$38,MATCH($A32,May!$A$6:$A$38,0)),0)+IFERROR(INDEX(Jun!AM$6:AM$38,MATCH($A32,Jun!$A$6:$A$38,0)),0)+IFERROR(INDEX(Jul!AM$6:AM$38,MATCH($A32,Jul!$A$6:$A$38,0)),0)} -> 0 | I32: =SUM(C32:H32) -> 0
... A38: 30 | C38: {=IFERROR(INDEX(Aug!AH$6:AH$38,MATCH($A38,Aug!$A$6:$A$38,0)),0)+IFERROR(INDEX(Sep!AH$6:AH$38,MATCH($A38,Sep!$A$6:$A$38,0)),0)+IFERROR(INDEX(Oct!AH$6:AH$38,MATCH($A38,Oct!$A$6:$A$38,0)),0)+IFERROR(INDEX(Nov!AH$6:AH$38,MATCH($A38,Nov!$A$6:$A$38,0)),0)+IFERROR(INDEX(Dec!AH$6:AH$38,MATCH($A38,Dec!$A$6:$A$38,0)),0)+IFERROR(INDEX(Jan!AH$6:AH$38,MATCH($A38,Jan!$A$6:$A$38,0)),0)+IFERROR(INDEX(Feb!AH$6:AH$38,MATCH($A38,Feb!$A$6:$A$38,0)),0)+IFERROR(INDEX(Mar!AH$6:AH$38,MATCH($A38,Mar!$A$6:$A$38,0)),0)+IFERROR(INDEX(Apr!AH$6:AH$38,MATCH($A38,Apr!$A$6:$A$38,0)),0)+IFERROR(INDEX(May!AH$6:AH$38,MATCH($A38,May!$A$6:$A$38,0)),0)+IFERROR(INDEX(Jun!AH$6:AH$38,MATCH($A38,Jun!$A$6:$A$38,0)),0)+IFERROR(INDEX(Jul!AH$6:AH$38,MATCH($A38,Jul!$A$6:$A$38,0)),0)} -> 0 | D38: {=IFERROR(INDEX(Aug!AI$6:AI$38,MATCH($A38,Aug!$A$6:$A$38,0)),0)+IFERROR(INDEX(Sep!AI$6:AI$38,MATCH($A38,Sep!$A$6:$A$38,0)),0)+IFERROR(INDEX(Oct!AI$6:AI$38,MATCH($A38,Oct!$A$6:$A$38,0)),0)+IFERROR(INDEX(Nov!AI$6:AI$38,MATCH($A38,Nov!$A$6:$A$38,0)),0)+IFERROR(INDEX(Dec!AI$6:AI$38,MATCH($A38,Dec!$A$6:$A$38,0)),0)+IFERROR(INDEX(Jan!AI$6:AI$38,MATCH($A38,Jan!$A$6:$A$38,0)),0)+IFERROR(INDEX(Feb!AI$6:AI$38,MATCH($A38,Feb!$A$6:$A$38,0)),0)+IFERROR(INDEX(Mar!AI$6:AI$38,MATCH($A38,Mar!$A$6:$A$38,0)),0)+IFERROR(INDEX(Apr!AI$6:AI$38,MATCH($A38,Apr!$A$6:$A$38,0)),0)+IFERROR(INDEX(May!AI$6:AI$38,MATCH($A38,May!$A$6:$A$38,0)),0)+IFERROR(INDEX(Jun!AI$6:AI$38,MATCH($A38,Jun!$A$6:$A$38,0)),0)+IFERROR(INDEX(Jul!AI$6:AI$38,MATCH($A38,Jul!$A$6:$A$38,0)),0)} -> 0 | E38: {=IFERROR(INDEX(Aug!AJ$6:AJ$38,MATCH($A38,Aug!$A$6:$A$38,0)),0)+IFERROR(INDEX(Sep!AJ$6:AJ$38,MATCH($A38,Sep!$A$6:$A$38,0)),0)+IFERROR(INDEX(Oct!AJ$6:AJ$38,MATCH($A38,Oct!$A$6:$A$38,0)),0)+IFERROR(INDEX(Nov!AJ$6:AJ$38,MATCH($A38,Nov!$A$6:$A$38,0)),0)+IFERROR(INDEX(Dec!AJ$6:AJ$38,MATCH($A38,Dec!$A$6:$A$38,0)),0)+IFERROR(INDEX(Jan!AJ$6:AJ$38,MATCH($A38,Jan!$A$6:$A$38,0)),0)+IFERROR(INDEX(Feb!AJ$6:AJ$38,MATCH($A38,Feb!$A$6:$A$38,0)),0)+IFERROR(INDEX(Mar!AJ$6:AJ$38,MATCH($A38,Mar!$A$6:$A$38,0)),0)+IFERROR(INDEX(Apr!AJ$6:AJ$38,MATCH($A38,Apr!$A$6:$A$38,0)),0)+IFERROR(INDEX(May!AJ$6:AJ$38,MATCH($A38,May!$A$6:$A$38,0)),0)+IFERROR(INDEX(Jun!AJ$6:AJ$38,MATCH($A38,Jun!$A$6:$A$38,0)),0)+IFERROR(INDEX(Jul!AJ$6:AJ$38,MATCH($A38,Jul!$A$6:$A$38,0)),0)} -> 0 | F38: {=IFERROR(INDEX(Aug!AK$6:AK$38,MATCH($A38,Aug!$A$6:$A$38,0)),0)+IFERROR(INDEX(Sep!AK$6:AK$38,MATCH($A38,Sep!$A$6:$A$38,0)),0)+IFERROR(INDEX(Oct!AK$6:AK$38,MATCH($A38,Oct!$A$6:$A$38,0)),0)+IFERROR(INDEX(Nov!AK$6:AK$38,MATCH($A38,Nov!$A$6:$A$38,0)),0)+IFERROR(INDEX(Dec!AK$6:AK$38,MATCH($A38,Dec!$A$6:$A$38,0)),0)+IFERROR(INDEX(Jan!AK$6:AK$38,MATCH($A38,Jan!$A$6:$A$38,0)),0)+IFERROR(INDEX(Feb!AK$6:AK$38,MATCH($A38,Feb!$A$6:$A$38,0)),0)+IFERROR(INDEX(Mar!AK$6:AK$38,MATCH($A38,Mar!$A$6:$A$38,0)),0)+IFERROR(INDEX(Apr!AK$6:AK$38,MATCH($A38,Apr!$A$6:$A$38,0)),0)+IFERROR(INDEX(May!AK$6:AK$38,MATCH($A38,May!$A$6:$A$38,0)),0)+IFERROR(INDEX(Jun!AK$6:AK$38,MATCH($A38,Jun!$A$6:$A$38,0)),0)+IFERROR(INDEX(Jul!AK$6:AK$38,MATCH($A38,Jul!$A$6:$A$38,0)),0)} -> 0 | G38: {=IFERROR(INDEX(Aug!AL$6:AL$38,MATCH($A38,Aug!$A$6:$A$38,0)),0)+IFERROR(INDEX(Sep!AL$6:AL$38,MATCH($A38,Sep!$A$6:$A$38,0)),0)+IFERROR(INDEX(Oct!AL$6:AL$38,MATCH($A38,Oct!$A$6:$A$38,0)),0)+IFERROR(INDEX(Nov!AL$6:AL$38,MATCH($A38,Nov!$A$6:$A$38,0)),0)+IFERROR(INDEX(Dec!AL$6:AL$38,MATCH($A38,Dec!$A$6:$A$38,0)),0)+IFERROR(INDEX(Jan!AL$6:AL$38,MATCH($A38,Jan!$A$6:$A$38,0)),0)+IFERROR(INDEX(Feb!AL$6:AL$38,MATCH($A38,Feb!$A$6:$A$38,0)),0)+IFERROR(INDEX(Mar!AL$6:AL$38,MATCH($A38,Mar!$A$6:$A$38,0)),0)+IFERROR(INDEX(Apr!AL$6:AL$38,MATCH($A38,Apr!$A$6:$A$38,0)),0)+IFERROR(INDEX(May!AL$6:AL$38,MATCH($A38,May!$A$6:$A$38,0)),0)+IFERROR(INDEX(Jun!AL$6:AL$38,MATCH($A38,Jun!$A$6:$A$38,0)),0)+IFERROR(INDEX(Jul!AL$6:AL$38,MATCH($A38,Jul!$A$6:$A$38,0)),0)} -> 0 | H38: {=IFERROR(INDEX(Aug!AM$6:AM$38,MATCH($A38,Aug!$A$6:$A$38,0)),0)+IFERROR(INDEX(Sep!AM$6:AM$38,MATCH($A38,Sep!$A$6:$A$38,0)),0)+IFERROR(INDEX(Oct!AM$6:AM$38,MATCH($A38,Oct!$A$6:$A$38,0)),0)+IFERROR(INDEX(Nov!AM$6:AM$38,MATCH($A38,Nov!$A$6:$A$38,0)),0)+IFERROR(INDEX(Dec!AM$6:AM$38,MATCH($A38,Dec!$A$6:$A$38,0)),0)+IFERROR(INDEX(Jan!AM$6:AM$38,MATCH($A38,Jan!$A$6:$A$38,0)),0)+IFERROR(INDEX(Feb!AM$6:AM$38,MATCH($A38,Feb!$A$6:$A$38,0)),0)+IFERROR(INDEX(Mar!AM$6:AM$38,MATCH($A38,Mar!$A$6:$A$38,0)),0)+IFERROR(INDEX(Apr!AM$6:AM$38,MATCH($A38,Apr!$A$6:$A$38,0)),0)+IFERROR(INDEX(May!AM$6:AM$38,MATCH($A38,May!$A$6:$A$38,0)),0)+IFERROR(INDEX(Jun!AM$6:AM$38,MATCH($A38,Jun!$A$6:$A$38,0)),0)+IFERROR(INDEX(Jul!AM$6:AM$38,MATCH($A38,Jul!$A$6:$A$38,0)),0)} -> 0 | I38: =SUM(C38:H38) -> 0
B40: Totals | C40: =SUM(C9:C39) -> 1.5 | D40: =SUM(D9:D39) -> 5.5 | E40: =SUM(E9:E39) -> 3 | F40: =SUM(F9:F39) -> 0 | G40: =SUM(G9:G39) -> 0 | H40: =SUM(H9:H39) -> 18 | I40: =SUM(I9:I39) -> 28
I43: © 2026 by MeledathStudio

Sheet Jan
A1: ="January "&YearToDate!$B$3 -> January 2025 | AM1: Employee Leave Tracker
A4: Employee | C4: =YearToDate!$A$5 -> V = Vacation, S = Sick, P = Personal, D = Disability, O = Other Paid, U = Unpaid | AH4: Totals
C5: =IF(C6="","",INDEX({"Su";"M";"Tu";"W";"Th";"F";"Sa"},WEEKDAY(C6,1))) -> W | D5: =IF(D6="","",INDEX({"Su";"M";"Tu";"W";"Th";"F";"Sa"},WEEKDAY(D6,1))) -> Th | E5: =IF(E6="","",INDEX({"Su";"M";"Tu";"W";"Th";"F";"Sa"},WEEKDAY(E6,1))) -> F | F5: =IF(F6="","",INDEX({"Su";"M";"Tu";"W";"Th";"F";"Sa"},WEEKDAY(F6,1))) -> Sa | G5: =IF(G6="","",INDEX({"Su";"M";"Tu";"W";"Th";"F";"Sa"},WEEKDAY(G6,1))) -> Su | H5: =IF(H6="","",INDEX({"Su";"M";"Tu";"W";"Th";"F";"Sa"},WEEKDAY(H6,1))) -> M | I5: =IF(I6="","",INDEX({"Su";"M";"Tu";"W";"Th";"F";"Sa"},WEEKDAY(I6,1))) -> Tu | J5: =IF(J6="","",INDEX({"Su";"M";"Tu";"W";"Th";"F";"Sa"},WEEKDAY(J6,1))) -> W | ... AG5: =IF(AG6="","",INDEX({"Su";"M";"Tu";"W";"Th";"F";"Sa"},WEEKDAY(AG6,1))) -> F
A6: ID | B6: Name | C6: =DATE(YearToDate!$B$3,1,1) -> 45658 | D6: =C6+1 -> 45659 | E6: =D6+1 -> 45660 | F6: =E6+1 -> 45661 | G6: =F6+1 -> 45662 | H6: =G6+1 -> 45663 | I6: =H6+1 -> 45664 | J6: =I6+1 -> 45665 | K6: =J6+1 -> 45666 | ... AD6: =AC6+1 -> 45685 | AE6: =IF(MONTH($AD6+1)>MONTH($C$6),"",$AD6+1) -> 45686 | AF6: =IF(MONTH($AD6+2)>MONTH($C$6),"",$AD6+2) -> 45687 | AG6: =IF(MONTH($AD6+3)>MONTH($C$6),"",$AD6+3) -> 45688 | AH6: =YearToDate!C8 -> V | AI6: =YearToDate!D8 -> S | AJ6: =YearToDate!E8 -> P | AK6: =YearToDate!F8 -> D | AL6: =YearToDate!G8 -> O | AM6: =YearToDate!H8 -> U
A7: 1 | B7: =VLOOKUP(A7,YearToDate!$A$8:$B$39,2,0) -> Name 1 | I7: HS | J7: S | K7: S | L7: S | Q7: V | R7: HV | AH7: =COUNTIF($C7:$AG7,AH$6)+0.5*COUNTIF($C7:$AG7,AH$6&"H")+0.5*COUNTIF($C7:$AG7,"H"&AH$6) -> 1.5 | AI7: =COUNTIF($C7:$AG7,AI$6)+0.5*COUNTIF($C7:$AG7,AI$6&"H")+0.5*COUNTIF($C7:$AG7,"H"&AI$6) -> 3.5 | AJ7: =COUNTIF($C7:$AG7,AJ$6)+0.5*COUNTIF($C7:$AG7,AJ$6&"H")+0.5*COUNTIF($C7:$AG7,"H"&AJ$6) -> 0 | AK7: =COUNTIF($C7:$AG7,AK$6)+0.5*COUNTIF($C7:$AG7,AK$6&"H")+0.5*COUNTIF($C7:$AG7,"H"&AK$6) -> 0 | AL7: =COUNTIF($C7:$AG7,AL$6)+0.5*COUNTIF($C7:$AG7,AL$6&"H")+0.5*COUNTIF($C7:$AG7,"H"&AL$6) -> 0 | AM7: =COUNTIF($C7:$AG7,AM$6)+0.5*COUNTIF($C7:$AG7,AM$6&"H")+0.5*COUNTIF($C7:$AG7,"H"&AM$6) -> 0
A8: 2 | B8: =VLOOKUP(A8,YearToDate!$A$8:$B$39,2,0) -> Name 2 | X8: P | Y8: P | Z8: P | AH8: =COUNTIF($C8:$AG8,AH$6)+0.5*COUNTIF($C8:$AG8,AH$6&"H")+0.5*COUNTIF($C8:$AG8,"H"&AH$6) -> 0 | AI8: =COUNTIF($C8:$AG8,AI$6)+0.5*COUNTIF($C8:$AG8,AI$6&"H")+0.5*COUNTIF($C8:$AG8,"H"&AI$6) -> 0 | AJ8: =COUNTIF($C8:$AG8,AJ$6)+0.5*COUNTIF($C8:$AG8,AJ$6&"H")+0.5*COUNTIF($C8:$AG8,"H"&AJ$6) -> 3 | AK8: =COUNTIF($C8:$AG8,AK$6)+0.5*COUNTIF($C8:$AG8,AK$6&"H")+0.5*COUNTIF($C8:$AG8,"H"&AK$6) -> 0 | AL8: =COUNTIF($C8:$AG8,AL$6)+0.5*COUNTIF($C8:$AG8,AL$6&"H")+0.5*COUNTIF($C8:$AG8,"H"&AL$6) -> 0 | AM8: =COUNTIF($C8:$AG8,AM$6)+0.5*COUNTIF($C8:$AG8,AM$6&"H")+0.5*COUNTIF($C8:$AG8,"H"&AM$6) -> 0
A9: 3 | B9: =VLOOKUP(A9,YearToDate!$A$8:$B$39,2,0) -> Name 3 | D9: S | E9: S | AH9: =COUNTIF($C9:$AG9,AH$6)+0.5*COUNTIF($C9:$AG9,AH$6&"H")+0.5*COUNTIF($C9:$AG9,"H"&AH$6) -> 0 | AI9: =COUNTIF($C9:$AG9,AI$6)+0.5*COUNTIF($C9:$AG9,AI$6&"H")+0.5*COUNTIF($C9:$AG9,"H"&AI$6) -> 2 | AJ9: =COUNTIF($C9:$AG9,AJ$6)+0.5*COUNTIF($C9:$AG9,AJ$6&"H")+0.5*COUNTIF($C9:$AG9,"H"&AJ$6) -> 0 | AK9: =COUNTIF($C9:$AG9,AK$6)+0.5*COUNTIF($C9:$AG9,AK$6&"H")+0.5*COUNTIF($C9:$AG9,"H"&AK$6) -> 0 | AL9: =COUNTIF($C9:$AG9,AL$6)+0.5*COUNTIF($C9:$AG9,AL$6&"H")+0.5*COUNTIF($C9:$AG9,"H"&AL$6) -> 0 | AM9: =COUNTIF($C9:$AG9,AM$6)+0.5*COUNTIF($C9:$AG9,AM$6&"H")+0.5*COUNTIF($C9:$AG9,"H"&AM$6) -> 0
A10: 4 | B10: =VLOOKUP(A10,YearToDate!$A$8:$B$39,2,0) -> Name 4 | AH10: =COUNTIF($C10:$AG10,AH$6)+0.5*COUNTIF($C10:$AG10,AH$6&"H")+0.5*COUNTIF($C10:$AG10,"H"&AH$6) -> 0 | AI10: =COUNTIF($C10:$AG10,AI$6)+0.5*COUNTIF($C10:$AG10,AI$6&"H")+0.5*COUNTIF($C10:$AG10,"H"&AI$6) -> 0 | AJ10: =COUNTIF($C10:$AG10,AJ$6)+0.5*COUNTIF($C10:$AG10,AJ$6&"H")+0.5*COUNTIF($C10:$AG10,"H"&AJ$6) -> 0 | AK10: =COUNTIF($C10:$AG10,AK$6)+0.5*COUNTIF($C10:$AG10,AK$6&"H")+0.5*COUNTIF($C10:$AG10,"H"&AK$6) -> 0 | AL10: =COUNTIF($C10:$AG10,AL$6)+0.5*COUNTIF($C10:$AG10,AL$6&"H")+0.5*COUNTIF($C10:$AG10,"H"&AL$6) -> 0 | AM10: =COUNTIF($C10:$AG10,AM$6)+0.5*COUNTIF($C10:$AG10,AM$6&"H")+0.5*COUNTIF($C10:$AG10,"H"&AM$6) -> 0
A11: 5 | B11: =VLOOKUP(A11,YearToDate!$A$8:$B$39,2,0) -> Name 5 | I11: U | J11: U | K11: U | L11: U | O11: U | P11: U | Q11: U | R11: U | S11: U | V11: U | W11: U | X11: U | Y11: U | Z11: U | AC11: U | AD11: U | AE11: U | AF11: U | AH11: =COUNTIF($C11:$AG11,AH$6)+0.5*COUNTIF($C11:$AG11,AH$6&"H")+0.5*COUNTIF($C11:$AG11,"H"&AH$6) -> 0 | AI11: =COUNTIF($C11:$AG11,AI$6)+0.5*COUNTIF($C11:$AG11,AI$6&"H")+0.5*COUNTIF($C11:$AG11,"H"&AI$6) -> 0 | AJ11: =COUNTIF($C11:$AG11,AJ$6)+0.5*COUNTIF($C11:$AG11,AJ$6&"H")+0.5*COUNTIF($C11:$AG11,"H"&AJ$6) -> 0 | AK11: =COUNTIF($C11:$AG11,AK$6)+0.5*COUNTIF($C11:$AG11,AK$6&"H")+0.5*COUNTIF($C11:$AG11,"H"&AK$6) -> 0 | AL11: =COUNTIF($C11:$AG11,AL$6)+0.5*COUNTIF($C11:$AG11,AL$6&"H")+0.5*COUNTIF($C11:$AG11,"H"&AL$6) -> 0 | AM11: =COUNTIF($C11:$AG11,AM$6)+0.5*COUNTIF($C11:$AG11,AM$6&"H")+0.5*COUNTIF($C11:$AG11,"H"&AM$6) -> 18
A12: 6 | B12: =VLOOKUP(A12,YearToDate!$A$8:$B$39,2,0) | AH12: =COUNTIF($C12:$AG12,AH$6)+0.5*COUNTIF($C12:$AG12,AH$6&"H")+0.5*COUNTIF($C12:$AG12,"H"&AH$6) -> 0 | AI12: =COUNTIF($C12:$AG12,AI$6)+0.5*COUNTIF($C12:$AG12,AI$6&"H")+0.5*COUNTIF($C12:$AG12,"H"&AI$6) -> 0 | AJ12: =COUNTIF($C12:$AG12,AJ$6)+0.5*COUNTIF($C12:$AG12,AJ$6&"H")+0.5*COUNTIF($C12:$AG12,"H"&AJ$6) -> 0 | AK12: =COUNTIF($C12:$AG12,AK$6)+0.5*COUNTIF($C12:$AG12,AK$6&"H")+0.5*COUNTIF($C12:$AG12,"H"&AK$6) -> 0 | AL12: =COUNTIF($C12:$AG12,AL$6)+0.5*COUNTIF($C12:$AG12,AL$6&"H")+0.5*COUNTIF($C12:$AG12,"H"&AL$6) -> 0 | AM12: =COUNTIF($C12:$AG12,AM$6)+0.5*COUNTIF($C12:$AG12,AM$6&"H")+0.5*COUNTIF($C12:$AG12,"H"&AM$6) -> 0
A13: 7 | B13: =VLOOKUP(A13,YearToDate!$A$8:$B$39,2,0) | AH13: =COUNTIF($C13:$AG13,AH$6)+0.5*COUNTIF($C13:$AG13,AH$6&"H")+0.5*COUNTIF($C13:$AG13,"H"&AH$6) -> 0 | AI13: =COUNTIF($C13:$AG13,AI$6)+0.5*COUNTIF($C13:$AG13,AI$6&"H")+0.5*COUNTIF($C13:$AG13,"H"&AI$6) -> 0 | AJ13: =COUNTIF($C13:$AG13,AJ$6)+0.5*COUNTIF($C13:$AG13,AJ$6&"H")+0.5*COUNTIF($C13:$AG13,"H"&AJ$6) -> 0 | AK13: =COUNTIF($C13:$AG13,AK$6)+0.5*COUNTIF($C13:$AG13,AK$6&"H")+0.5*COUNTIF($C13:$AG13,"H"&AK$6) -> 0 | AL13: =COUNTIF($C13:$AG13,AL$6)+0.5*COUNTIF($C13:$AG13,AL$6&"H")+0.5*COUNTIF($C13:$AG13,"H"&AL$6) -> 0 | AM13: =COUNTIF($C13:$AG13,AM$6)+0.5*COUNTIF($C13:$AG13,AM$6&"H")+0.5*COUNTIF($C13:$AG13,"H"&AM$6) -> 0
A14: 8 | B14: =VLOOKUP(A14,YearToDate!$A$8:$B$39,2,0) | AH14: =COUNTIF($C14:$AG14,AH$6)+0.5*COUNTIF($C14:$AG14,AH$6&"H")+0.5*COUNTIF($C14:$AG14,"H"&AH$6) -> 0 | AI14: =COUNTIF($C14:$AG14,AI$6)+0.5*COUNTIF($C14:$AG14,AI$6&"H")+0.5*COUNTIF($C14:$AG14,"H"&AI$6) -> 0 | AJ14: =COUNTIF($C14:$AG14,AJ$6)+0.5*COUNTIF($C14:$AG14,AJ$6&"H")+0.5*COUNTIF($C14:$AG14,"H"&AJ$6) -> 0 | AK14: =COUNTIF($C14:$AG14,AK$6)+0.5*COUNTIF($C14:$AG14,AK$6&"H")+0.5*COUNTIF($C14:$AG14,"H"&AK$6) -> 0 | AL14: =COUNTIF($C14:$AG14,AL$6)+0.5*COUNTIF($C14:$AG14,AL$6&"H")+0.5*COUNTIF($C14:$AG14,"H"&AL$6) -> 0 | AM14: =COUNTIF($C14:$AG14,AM$6)+0.5*COUNTIF($C14:$AG14,AM$6&"H")+0.5*COUNTIF($C14:$AG14,"H"&AM$6) -> 0
A15: 9 | B15: =VLOOKUP(A15,YearToDate!$A$8:$B$39,2,0) | AH15: =COUNTIF($C15:$AG15,AH$6)+0.5*COUNTIF($C15:$AG15,AH$6&"H")+0.5*COUNTIF($C15:$AG15,"H"&AH$6) -> 0 | AI15: =COUNTIF($C15:$AG15,AI$6)+0.5*COUNTIF($C15:$AG15,AI$6&"H")+0.5*COUNTIF($C15:$AG15,"H"&AI$6) -> 0 | AJ15: =COUNTIF($C15:$AG15,AJ$6)+0.5*COUNTIF($C15:$AG15,AJ$6&"H")+0.5*COUNTIF($C15:$AG15,"H"&AJ$6) -> 0 | AK15: =COUNTIF($C15:$AG15,AK$6)+0.5*COUNTIF($C15:$AG15,AK$6&"H")+0.5*COUNTIF($C15:$AG15,"H"&AK$6) -> 0 | AL15: =COUNTIF($C15:$AG15,AL$6)+0.5*COUNTIF($C15:$AG15,AL$6&"H")+0.5*COUNTIF($C15:$AG15,"H"&AL$6) -> 0 | AM15: =COUNTIF($C15:$AG15,AM$6)+0.5*COUNTIF($C15:$AG15,AM$6&"H")+0.5*COUNTIF($C15:$AG15,"H"&AM$6) -> 0
A16: 10 | B16: =VLOOKUP(A16,YearToDate!$A$8:$B$39,2,0) | AH16: =COUNTIF($C16:$AG16,AH$6)+0.5*COUNTIF($C16:$AG16,AH$6&"H")+0.5*COUNTIF($C16:$AG16,"H"&AH$6) -> 0 | AI16: =COUNTIF($C16:$AG16,AI$6)+0.5*COUNTIF($C16:$AG16,AI$6&"H")+0.5*COUNTIF($C16:$AG16,"H"&AI$6) -> 0 | AJ16: =COUNTIF($C16:$AG16,AJ$6)+0.5*COUNTIF($C16:$AG16,AJ$6&"H")+0.5*COUNTIF($C16:$AG16,"H"&AJ$6) -> 0 | AK16: =COUNTIF($C16:$AG16,AK$6)+0.5*COUNTIF($C16:$AG16,AK$6&"H")+0.5*COUNTIF($C16:$AG16,"H"&AK$6) -> 0 | AL16: =COUNTIF($C16:$AG16,AL$6)+0.5*COUNTIF($C16:$AG16,AL$6&"H")+0.5*COUNTIF($C16:$AG16,"H"&AL$6) -> 0 | AM16: =COUNTIF($C16:$AG16,AM$6)+0.5*COUNTIF($C16:$AG16,AM$6&"H")+0.5*COUNTIF($C16:$AG16,"H"&AM$6) -> 0
A17: 11 | B17: =VLOOKUP(A17,YearToDate!$A$8:$B$39,2,0) | AH17: =COUNTIF($C17:$AG17,AH$6)+0.5*COUNTIF($C17:$AG17,AH$6&"H")+0.5*COUNTIF($C17:$AG17,"H"&AH$6) -> 0 | AI17: =COUNTIF($C17:$AG17,AI$6)+0.5*COUNTIF($C17:$AG17,AI$6&"H")+0.5*COUNTIF($C17:$AG17,"H"&AI$6) -> 0 | AJ17: =COUNTIF($C17:$AG17,AJ$6)+0.5*COUNTIF($C17:$AG17,AJ$6&"H")+0.5*COUNTIF($C17:$AG17,"H"&AJ$6) -> 0 | AK17: =COUNTIF($C17:$AG17,AK$6)+0.5*COUNTIF($C17:$AG17,AK$6&"H")+0.5*COUNTIF($C17:$AG17,"H"&AK$6) -> 0 | AL17: =COUNTIF($C17:$AG17,AL$6)+0.5*COUNTIF($C17:$AG17,AL$6&"H")+0.5*COUNTIF($C17:$AG17,"H"&AL$6) -> 0 | AM17: =COUNTIF($C17:$AG17,AM$6)+0.5*COUNTIF($C17:$AG17,AM$6&"H")+0.5*COUNTIF($C17:$AG17,"H"&AM$6) -> 0
A18: 12 | B18: =VLOOKUP(A18,YearToDate!$A$8:$B$39,2,0) | AH18: =COUNTIF($C18:$AG18,AH$6)+0.5*COUNTIF($C18:$AG18,AH$6&"H")+0.5*COUNTIF($C18:$AG18,"H"&AH$6) -> 0 | AI18: =COUNTIF($C18:$AG18,AI$6)+0.5*COUNTIF($C18:$AG18,AI$6&"H")+0.5*COUNTIF($C18:$AG18,"H"&AI$6) -> 0 | AJ18: =COUNTIF($C18:$AG18,AJ$6)+0.5*COUNTIF($C18:$AG18,AJ$6&"H")+0.5*COUNTIF($C18:$AG18,"H"&AJ$6) -> 0 | AK18: =COUNTIF($C18:$AG18,AK$6)+0.5*COUNTIF($C18:$AG18,AK$6&"H")+0.5*COUNTIF($C18:$AG18,"H"&AK$6) -> 0 | AL18: =COUNTIF($C18:$AG18,AL$6)+0.5*COUNTIF($C18:$AG18,AL$6&"H")+0.5*COUNTIF($C18:$AG18,"H"&AL$6) -> 0 | AM18: =COUNTIF($C18:$AG18,AM$6)+0.5*COUNTIF($C18:$AG18,AM$6&"H")+0.5*COUNTIF($C18:$AG18,"H"&AM$6) -> 0
A19: 13 | B19: =VLOOKUP(A19,YearToDate!$A$8:$B$39,2,0) | AH19: =COUNTIF($C19:$AG19,AH$6)+0.5*COUNTIF($C19:$AG19,AH$6&"H")+0.5*COUNTIF($C19:$AG19,"H"&AH$6) -> 0 | AI19: =COUNTIF($C19:$AG19,AI$6)+0.5*COUNTIF($C19:$AG19,AI$6&"H")+0.5*COUNTIF($C19:$AG19,"H"&AI$6) -> 0 | AJ19: =COUNTIF($C19:$AG19,AJ$6)+0.5*COUNTIF($C19:$AG19,AJ$6&"H")+0.5*COUNTIF($C19:$AG19,"H"&AJ$6) -> 0 | AK19: =COUNTIF($C19:$AG19,AK$6)+0.5*COUNTIF($C19:$AG19,AK$6&"H")+0.5*COUNTIF($C19:$AG19,"H"&AK$6) -> 0 | AL19: =COUNTIF($C19:$AG19,AL$6)+0.5*COUNTIF($C19:$AG19,AL$6&"H")+0.5*COUNTIF($C19:$AG19,"H"&AL$6) -> 0 | AM19: =COUNTIF($C19:$AG19,AM$6)+0.5*COUNTIF($C19:$AG19,AM$6&"H")+0.5*COUNTIF($C19:$AG19,"H"&AM$6) -> 0
A20: 14 | B20: =VLOOKUP(A20,YearToDate!$A$8:$B$39,2,0) | AH20: =COUNTIF($C20:$AG20,AH$6)+0.5*COUNTIF($C20:$AG20,AH$6&"H")+0.5*COUNTIF($C20:$AG20,"H"&AH$6) -> 0 | AI20: =COUNTIF($C20:$AG20,AI$6)+0.5*COUNTIF($C20:$AG20,AI$6&"H")+0.5*COUNTIF($C20:$AG20,"H"&AI$6) -> 0 | AJ20: =COUNTIF($C20:$AG20,AJ$6)+0.5*COUNTIF($C20:$AG20,AJ$6&"H")+0.5*COUNTIF($C20:$AG20,"H"&AJ$6) -> 0 | AK20: =COUNTIF($C20:$AG20,AK$6)+0.5*COUNTIF($C20:$AG20,AK$6&"H")+0.5*COUNTIF($C20:$AG20,"H"&AK$6) -> 0 | AL20: =COUNTIF($C20:$AG20,AL$6)+0.5*COUNTIF($C20:$AG20,AL$6&"H")+0.5*COUNTIF($C20:$AG20,"H"&AL$6) -> 0 | AM20: =COUNTIF($C20:$AG20,AM$6)+0.5*COUNTIF($C20:$AG20,AM$6&"H")+0.5*COUNTIF($C20:$AG20,"H"&AM$6) -> 0
A21: 15 | B21: =VLOOKUP(A21,YearToDate!$A$8:$B$39,2,0) | AH21: =COUNTIF($C21:$AG21,AH$6)+0.5*COUNTIF($C21:$AG21,AH$6&"H")+0.5*COUNTIF($C21:$AG21,"H"&AH$6) -> 0 | AI21: =COUNTIF($C21:$AG21,AI$6)+0.5*COUNTIF($C21:$AG21,AI$6&"H")+0.5*COUNTIF($C21:$AG21,"H"&AI$6) -> 0 | AJ21: =COUNTIF($C21:$AG21,AJ$6)+0.5*COUNTIF($C21:$AG21,AJ$6&"H")+0.5*COUNTIF($C21:$AG21,"H"&AJ$6) -> 0 | AK21: =COUNTIF($C21:$AG21,AK$6)+0.5*COUNTIF($C21:$AG21,AK$6&"H")+0.5*COUNTIF($C21:$AG21,"H"&AK$6) -> 0 | AL21: =COUNTIF($C21:$AG21,AL$6)+0.5*COUNTIF($C21:$AG21,AL$6&"H")+0.5*COUNTIF($C21:$AG21,"H"&AL$6) -> 0 | AM21: =COUNTIF($C21:$AG21,AM$6)+0.5*COUNTIF($C21:$AG21,AM$6&"H")+0.5*COUNTIF($C21:$AG21,"H"&AM$6) -> 0
A22: 16 | B22: =VLOOKUP(A22,YearToDate!$A$8:$B$39,2,0) | AH22: =COUNTIF($C22:$AG22,AH$6)+0.5*COUNTIF($C22:$AG22,AH$6&"H")+0.5*COUNTIF($C22:$AG22,"H"&AH$6) -> 0 | AI22: =COUNTIF($C22:$AG22,AI$6)+0.5*COUNTIF($C22:$AG22,AI$6&"H")+0.5*COUNTIF($C22:$AG22,"H"&AI$6) -> 0 | AJ22: =COUNTIF($C22:$AG22,AJ$6)+0.5*COUNTIF($C22:$AG22,AJ$6&"H")+0.5*COUNTIF($C22:$AG22,"H"&AJ$6) -> 0 | AK22: =COUNTIF($C22:$AG22,AK$6)+0.5*COUNTIF($C22:$AG22,AK$6&"H")+0.5*COUNTIF($C22:$AG22,"H"&AK$6) -> 0 | AL22: =COUNTIF($C22:$AG22,AL$6)+0.5*COUNTIF($C22:$AG22,AL$6&"H")+0.5*COUNTIF($C22:$AG22,"H"&AL$6) -> 0 | AM22: =COUNTIF($C22:$AG22,AM$6)+0.5*COUNTIF($C22:$AG22,AM$6&"H")+0.5*COUNTIF($C22:$AG22,"H"&AM$6) -> 0
A23: 17 | B23: =VLOOKUP(A23,YearToDate!$A$8:$B$39,2,0) | AH23: =COUNTIF($C23:$AG23,AH$6)+0.5*COUNTIF($C23:$AG23,AH$6&"H")+0.5*COUNTIF($C23:$AG23,"H"&AH$6) -> 0 | AI23: =COUNTIF($C23:$AG23,AI$6)+0.5*COUNTIF($C23:$AG23,AI$6&"H")+0.5*COUNTIF($C23:$AG23,"H"&AI$6) -> 0 | AJ23: =COUNTIF($C23:$AG23,AJ$6)+0.5*COUNTIF($C23:$AG23,AJ$6&"H")+0.5*COUNTIF($C23:$AG23,"H"&AJ$6) -> 0 | AK23: =COUNTIF($C23:$AG23,AK$6)+0.5*COUNTIF($C23:$AG23,AK$6&"H")+0.5*COUNTIF($C23:$AG23,"H"&AK$6) -> 0 | AL23: =COUNTIF($C23:$AG23,AL$6)+0.5*COUNTIF($C23:$AG23,AL$6&"H")+0.5*COUNTIF($C23:$AG23,"H"&AL$6) -> 0 | AM23: =COUNTIF($C23:$AG23,AM$6)+0.5*COUNTIF($C23:$AG23,AM$6&"H")+0.5*COUNTIF($C23:$AG23,"H"&AM$6) -> 0
... A36: 30 | B36: =VLOOKUP(A36,YearToDate!$A$8:$B$39,2,0) | AH36: =COUNTIF($C36:$AG36,AH$6)+0.5*COUNTIF($C36:$AG36,AH$6&"H")+0.5*COUNTIF($C36:$AG36,"H"&AH$6) -> 0 | AI36: =COUNTIF($C36:$AG36,AI$6)+0.5*COUNTIF($C36:$AG36,AI$6&"H")+0.5*COUNTIF($C36:$AG36,"H"&AI$6) -> 0 | AJ36: =COUNTIF($C36:$AG36,AJ$6)+0.5*COUNTIF($C36:$AG36,AJ$6&"H")+0.5*COUNTIF($C36:$AG36,"H"&AJ$6) -> 0 | AK36: =COUNTIF($C36:$AG36,AK$6)+0.5*COUNTIF($C36:$AG36,AK$6&"H")+0.5*COUNTIF($C36:$AG36,"H"&AK$6) -> 0 | AL36: =COUNTIF($C36:$AG36,AL$6)+0.5*COUNTIF($C36:$AG36,AL$6&"H")+0.5*COUNTIF($C36:$AG36,"H"&AL$6) -> 0 | AM36: =COUNTIF($C36:$AG36,AM$6)+0.5*COUNTIF($C36:$AG36,AM$6&"H")+0.5*COUNTIF($C36:$AG36,"H"&AM$6) -> 0
AG38: [42] | AH38: =SUM(AH7:AH37) -> 1.5 | AI38: =SUM(AI7:AI37) -> 5.5 | AJ38: =SUM(AJ7:AJ37) -> 3 | AK38: =SUM(AK7:AK37) -> 0 | AL38: =SUM(AL7:AL37) -> 0 | AM38: =SUM(AM7:AM37) -> 18

Sheet Feb
A1: ="February "&YearToDate!$B$3 -> February 2025 | AM1: Employee Leave Tracker
A4: Employee | C4: =YearToDate!$A$5 -> V = Vacation, S = Sick, P = Personal, D = Disability, O = Other Paid, U = Unpaid | AH4: Totals
C5: =IF(C6="","",INDEX({"Su";"M";"Tu";"W";"Th";"F";"Sa"},WEEKDAY(C6,1))) -> Sa | D5: =IF(D6="","",INDEX({"Su";"M";"Tu";"W";"Th";"F";"Sa"},WEEKDAY(D6,1))) -> Su | E5: =IF(E6="","",INDEX({"Su";"M";"Tu";"W";"Th";"F";"Sa"},WEEKDAY(E6,1))) -> M | F5: =IF(F6="","",INDEX({"Su";"M";"Tu";"W";"Th";"F";"Sa"},WEEKDAY(F6,1))) -> Tu | G5: =IF(G6="","",INDEX({"Su";"M";"Tu";"W";"Th";"F";"Sa"},WEEKDAY(G6,1))) -> W | H5: =IF(H6="","",INDEX({"Su";"M";"Tu";"W";"Th";"F";"Sa"},WEEKDAY(H6,1))) -> Th | I5: =IF(I6="","",INDEX({"Su";"M";"Tu";"W";"Th";"F";"Sa"},WEEKDAY(I6,1))) -> F | J5: =IF(J6="","",INDEX({"Su";"M";"Tu";"W";"Th";"F";"Sa"},WEEKDAY(J6,1))) -> Sa | ... AG5: =IF(AG6="","",INDEX({"Su";"M";"Tu";"W";"Th";"F";"Sa"},WEEKDAY(AG6,1)))
A6: ID | B6: Name | C6: =DATE(YearToDate!$B$3,2,1) -> 45689 | D6: =C6+1 -> 45690 | E6: =D6+1 -> 45691 | F6: =E6+1 -> 45692 | G6: =F6+1 -> 45693 | H6: =G6+1 -> 45694 | I6: =H6+1 -> 45695 | J6: =I6+1 -> 45696 | K6: =J6+1 -> 45697 | ... AD6: =AC6+1 -> 45716 | AE6: =IF(MONTH($AD6+1)>MONTH($C$6),"",$AD6+1) | AF6: =IF(MONTH($AD6+2)>MONTH($C$6),"",$AD6+2) | AG6: =IF(MONTH($AD6+3)>MONTH($C$6),"",$AD6+3) | AH6: =YearToDate!C8 -> V | AI6: =YearToDate!D8 -> S | AJ6: =YearToDate!E8 -> P | AK6: =YearToDate!F8 -> D | AL6: =YearToDate!G8 -> O | AM6: =YearToDate!H8 -> U
A7: 1 | B7: =VLOOKUP(A7,YearToDate!$A$8:$B$39,2,0) -> Name 1 | AH7: =COUNTIF($C7:$AG7,AH$6)+0.5*COUNTIF($C7:$AG7,AH$6&"H")+0.5*COUNTIF($C7:$AG7,"H"&AH$6) -> 0 | AI7: =COUNTIF($C7:$AG7,AI$6)+0.5*COUNTIF($C7:$AG7,AI$6&"H")+0.5*COUNTIF($C7:$AG7,"H"&AI$6) -> 0 | AJ7: =COUNTIF($C7:$AG7,AJ$6)+0.5*COUNTIF($C7:$AG7,AJ$6&"H")+0.5*COUNTIF($C7:$AG7,"H"&AJ$6) -> 0 | AK7: =COUNTIF($C7:$AG7,AK$6)+0.5*COUNTIF($C7:$AG7,AK$6&"H")+0.5*COUNTIF($C7:$AG7,"H"&AK$6) -> 0 | AL7: =COUNTIF($C7:$AG7,AL$6)+0.5*COUNTIF($C7:$AG7,AL$6&"H")+0.5*COUNTIF($C7:$AG7,"H"&AL$6) -> 0 | AM7: =COUNTIF($C7:$AG7,AM$6)+0.5*COUNTIF($C7:$AG7,AM$6&"H")+0.5*COUNTIF($C7:$AG7,"H"&AM$6) -> 0
A8: 2 | B8: =VLOOKUP(A8,YearToDate!$A$8:$B$39,2,0) -> Name 2 | AH8: =COUNTIF($C8:$AG8,AH$6)+0.5*COUNTIF($C8:$AG8,AH$6&"H")+0.5*COUNTIF($C8:$AG8,"H"&AH$6) -> 0 | AI8: =COUNTIF($C8:$AG8,AI$6)+0.5*COUNTIF($C8:$AG8,AI$6&"H")+0.5*COUNTIF($C8:$AG8,"H"&AI$6) -> 0 | AJ8: =COUNTIF($C8:$AG8,AJ$6)+0.5*COUNTIF($C8:$AG8,AJ$6&"H")+0.5*COUNTIF($C8:$AG8,"H"&AJ$6) -> 0 | AK8: =COUNTIF($C8:$AG8,AK$6)+0.5*COUNTIF($C8:$AG8,AK$6&"H")+0.5*COUNTIF($C8:$AG8,"H"&AK$6) -> 0 | AL8: =COUNTIF($C8:$AG8,AL$6)+0.5*COUNTIF($C8:$AG8,AL$6&"H")+0.5*COUNTIF($C8:$AG8,"H"&AL$6) -> 0 | AM8: =COUNTIF($C8:$AG8,AM$6)+0.5*COUNTIF($C8:$AG8,AM$6&"H")+0.5*COUNTIF($C8:$AG8,"H"&AM$6) -> 0
A9: 3 | B9: =VLOOKUP(A9,YearToDate!$A$8:$B$39,2,0) -> Name 3 | AH9: =COUNTIF($C9:$AG9,AH$6)+0.5*COUNTIF($C9:$AG9,AH$6&"H")+0.5*COUNTIF($C9:$AG9,"H"&AH$6) -> 0 | AI9: =COUNTIF($C9:$AG9,AI$6)+0.5*COUNTIF($C9:$AG9,AI$6&"H")+0.5*COUNTIF($C9:$AG9,"H"&AI$6) -> 0 | AJ9: =COUNTIF($C9:$AG9,AJ$6)+0.5*COUNTIF($C9:$AG9,AJ$6&"H")+0.5*COUNTIF($C9:$AG9,"H"&AJ$6) -> 0 | AK9: =COUNTIF($C9:$AG9,AK$6)+0.5*COUNTIF($C9:$AG9,AK$6&"H")+0.5*COUNTIF($C9:$AG9,"H"&AK$6) -> 0 | AL9: =COUNTIF($C9:$AG9,AL$6)+0.5*COUNTIF($C9:$AG9,AL$6&"H")+0.5*COUNTIF($C9:$AG9,"H"&AL$6) -> 0 | AM9: =COUNTIF($C9:$AG9,AM$6)+0.5*COUNTIF($C9:$AG9,AM$6&"H")+0.5*COUNTIF($C9:$AG9,"H"&AM$6) -> 0
A10: 4 | B10: =VLOOKUP(A10,YearToDate!$A$8:$B$39,2,0) -> Name 4 | AH10: =COUNTIF($C10:$AG10,AH$6)+0.5*COUNTIF($C10:$AG10,AH$6&"H")+0.5*COUNTIF($C10:$AG10,"H"&AH$6) -> 0 | AI10: =COUNTIF($C10:$AG10,AI$6)+0.5*COUNTIF($C10:$AG10,AI$6&"H")+0.5*COUNTIF($C10:$AG10,"H"&AI$6) -> 0 | AJ10: =COUNTIF($C10:$AG10,AJ$6)+0.5*COUNTIF($C10:$AG10,AJ$6&"H")+0.5*COUNTIF($C10:$AG10,"H"&AJ$6) -> 0 | AK10: =COUNTIF($C10:$AG10,AK$6)+0.5*COUNTIF($C10:$AG10,AK$6&"H")+0.5*COUNTIF($C10:$AG10,"H"&AK$6) -> 0 | AL10: =COUNTIF($C10:$AG10,AL$6)+0.5*COUNTIF($C10:$AG10,AL$6&"H")+0.5*COUNTIF($C10:$AG10,"H"&AL$6) -> 0 | AM10: =COUNTIF($C10:$AG10,AM$6)+0.5*COUNTIF($C10:$AG10,AM$6&"H")+0.5*COUNTIF($C10:$AG10,"H"&AM$6) -> 0
A11: 5 | B11: =VLOOKUP(A11,YearToDate!$A$8:$B$39,2,0) -> Name 5 | AH11: =COUNTIF($C11:$AG11,AH$6)+0.5*COUNTIF($C11:$AG11,AH$6&"H")+0.5*COUNTIF($C11:$AG11,"H"&AH$6) -> 0 | AI11: =COUNTIF($C11:$AG11,AI$6)+0.5*COUNTIF($C11:$AG11,AI$6&"H")+0.5*COUNTIF($C11:$AG11,"H"&AI$6) -> 0 | AJ11: =COUNTIF($C11:$AG11,AJ$6)+0.5*COUNTIF($C11:$AG11,AJ$6&"H")+0.5*COUNTIF($C11:$AG11,"H"&AJ$6) -> 0 | AK11: =COUNTIF($C11:$AG11,AK$6)+0.5*COUNTIF($C11:$AG11,AK$6&"H")+0.5*COUNTIF($C11:$AG11,"H"&AK$6) -> 0 | AL11: =COUNTIF($C11:$AG11,AL$6)+0.5*COUNTIF($C11:$AG11,AL$6&"H")+0.5*COUNTIF($C11:$AG11,"H"&AL$6) -> 0 | AM11: =COUNTIF($C11:$AG11,AM$6)+0.5*COUNTIF($C11:$AG11,AM$6&"H")+0.5*COUNTIF($C11:$AG11,"H"&AM$6) -> 0
A12: 6 | B12: =VLOOKUP(A12,YearToDate!$A$8:$B$39,2,0) | AH12: =COUNTIF($C12:$AG12,AH$6)+0.5*COUNTIF($C12:$AG12,AH$6&"H")+0.5*COUNTIF($C12:$AG12,"H"&AH$6) -> 0 | AI12: =COUNTIF($C12:$AG12,AI$6)+0.5*COUNTIF($C12:$AG12,AI$6&"H")+0.5*COUNTIF($C12:$AG12,"H"&AI$6) -> 0 | AJ12: =COUNTIF($C12:$AG12,AJ$6)+0.5*COUNTIF($C12:$AG12,AJ$6&"H")+0.5*COUNTIF($C12:$AG12,"H"&AJ$6) -> 0 | AK12: =COUNTIF($C12:$AG12,AK$6)+0.5*COUNTIF($C12:$AG12,AK$6&"H")+0.5*COUNTIF($C12:$AG12,"H"&AK$6) -> 0 | AL12: =COUNTIF($C12:$AG12,AL$6)+0.5*COUNTIF($C12:$AG12,AL$6&"H")+0.5*COUNTIF($C12:$AG12,"H"&AL$6) -> 0 | AM12: =COUNTIF($C12:$AG12,AM$6)+0.5*COUNTIF($C12:$AG12,AM$6&"H")+0.5*COUNTIF($C12:$AG12,"H"&AM$6) -> 0
A13: 7 | B13: =VLOOKUP(A13,YearToDate!$A$8:$B$39,2,0) | AH13: =COUNTIF($C13:$AG13,AH$6)+0.5*COUNTIF($C13:$AG13,AH$6&"H")+0.5*COUNTIF($C13:$AG13,"H"&AH$6) -> 0 | AI13: =COUNTIF($C13:$AG13,AI$6)+0.5*COUNTIF($C13:$AG13,AI$6&"H")+0.5*COUNTIF($C13:$AG13,"H"&AI$6) -> 0 | AJ13: =COUNTIF($C13:$AG13,AJ$6)+0.5*COUNTIF($C13:$AG13,AJ$6&"H")+0.5*COUNTIF($C13:$AG13,"H"&AJ$6) -> 0 | AK13: =COUNTIF($C13:$AG13,AK$6)+0.5*COUNTIF($C13:$AG13,AK$6&"H")+0.5*COUNTIF($C13:$AG13,"H"&AK$6) -> 0 | AL13: =COUNTIF($C13:$AG13,AL$6)+0.5*COUNTIF($C13:$AG13,AL$6&"H")+0.5*COUNTIF($C13:$AG13,"H"&AL$6) -> 0 | AM13: =COUNTIF($C13:$AG13,AM$6)+0.5*COUNTIF($C13:$AG13,AM$6&"H")+0.5*COUNTIF($C13:$AG13,"H"&AM$6) -> 0
A14: 8 | B14: =VLOOKUP(A14,YearToDate!$A$8:$B$39,2,0) | AH14: =COUNTIF($C14:$AG14,AH$6)+0.5*COUNTIF($C14:$AG14,AH$6&"H")+0.5*COUNTIF($C14:$AG14,"H"&AH$6) -> 0 | AI14: =COUNTIF($C14:$AG14,AI$6)+0.5*COUNTIF($C14:$AG14,AI$6&"H")+0.5*COUNTIF($C14:$AG14,"H"&AI$6) -> 0 | AJ14: =COUNTIF($C14:$AG14,AJ$6)+0.5*COUNTIF($C14:$AG14,AJ$6&"H")+0.5*COUNTIF($C14:$AG14,"H"&AJ$6) -> 0 | AK14: =COUNTIF($C14:$AG14,AK$6)+0.5*COUNTIF($C14:$AG14,AK$6&"H")+0.5*COUNTIF($C14:$AG14,"H"&AK$6) -> 0 | AL14: =COUNTIF($C14:$AG14,AL$6)+0.5*COUNTIF($C14:$AG14,AL$6&"H")+0.5*COUNTIF($C14:$AG14,"H"&AL$6) -> 0 | AM14: =COUNTIF($C14:$AG14,AM$6)+0.5*COUNTIF($C14:$AG14,AM$6&"H")+0.5*COUNTIF($C14:$AG14,"H"&AM$6) -> 0
A15: 9 | B15: =VLOOKUP(A15,YearToDate!$A$8:$B$39,2,0) | AH15: =COUNTIF($C15:$AG15,AH$6)+0.5*COUNTIF($C15:$AG15,AH$6&"H")+0.5*COUNTIF($C15:$AG15,"H"&AH$6) -> 0 | AI15: =COUNTIF($C15:$AG15,AI$6)+0.5*COUNTIF($C15:$AG15,AI$6&"H")+0.5*COUNTIF($C15:$AG15,"H"&AI$6) -> 0 | AJ15: =COUNTIF($C15:$AG15,AJ$6)+0.5*COUNTIF($C15:$AG15,AJ$6&"H")+0.5*COUNTIF($C15:$AG15,"H"&AJ$6) -> 0 | AK15: =COUNTIF($C15:$AG15,AK$6)+0.5*COUNTIF($C15:$AG15,AK$6&"H")+0.5*COUNTIF($C15:$AG15,"H"&AK$6) -> 0 | AL15: =COUNTIF($C15:$AG15,AL$6)+0.5*COUNTIF($C15:$AG15,AL$6&"H")+0.5*COUNTIF($C15:$AG15,"H"&AL$6) -> 0 | AM15: =COUNTIF($C15:$AG15,AM$6)+0.5*COUNTIF($C15:$AG15,AM$6&"H")+0.5*COUNTIF($C15:$AG15,"H"&AM$6) -> 0
A16: 10 | B16: =VLOOKUP(A16,YearToDate!$A$8:$B$39,2,0) | AH16: =COUNTIF($C16:$AG16,AH$6)+0.5*COUNTIF($C16:$AG16,AH$6&"H")+0.5*COUNTIF($C16:$AG16,"H"&AH$6) -> 0 | AI16: =COUNTIF($C16:$AG16,AI$6)+0.5*COUNTIF($C16:$AG16,AI$6&"H")+0.5*COUNTIF($C16:$AG16,"H"&AI$6) -> 0 | AJ16: =COUNTIF($C16:$AG16,AJ$6)+0.5*COUNTIF($C16:$AG16,AJ$6&"H")+0.5*COUNTIF($C16:$AG16,"H"&AJ$6) -> 0 | AK16: =COUNTIF($C16:$AG16,AK$6)+0.5*COUNTIF($C16:$AG16,AK$6&"H")+0.5*COUNTIF($C16:$AG16,"H"&AK$6) -> 0 | AL16: =COUNTIF($C16:$AG16,AL$6)+0.5*COUNTIF($C16:$AG16,AL$6&"H")+0.5*COUNTIF($C16:$AG16,"H"&AL$6) -> 0 | AM16: =COUNTIF($C16:$AG16,AM$6)+0.5*COUNTIF($C16:$AG16,AM$6&"H")+0.5*COUNTIF($C16:$AG16,"H"&AM$6) -> 0
A17: 11 | B17: =VLOOKUP(A17,YearToDate!$A$8:$B$39,2,0) | AH17: =COUNTIF($C17:$AG17,AH$6)+0.5*COUNTIF($C17:$AG17,AH$6&"H")+0.5*COUNTIF($C17:$AG17,"H"&AH$6) -> 0 | AI17: =COUNTIF($C17:$AG17,AI$6)+0.5*COUNTIF($C17:$AG17,AI$6&"H")+0.5*COUNTIF($C17:$AG17,"H"&AI$6) -> 0 | AJ17: =COUNTIF($C17:$AG17,AJ$6)+0.5*COUNTIF($C17:$AG17,AJ$6&"H")+0.5*COUNTIF($C17:$AG17,"H"&AJ$6) -> 0 | AK17: =COUNTIF($C17:$AG17,AK$6)+0.5*COUNTIF($C17:$AG17,AK$6&"H")+0.5*COUNTIF($C17:$AG17,"H"&AK$6) -> 0 | AL17: =COUNTIF($C17:$AG17,AL$6)+0.5*COUNTIF($C17:$AG17,AL$6&"H")+0.5*COUNTIF($C17:$AG17,"H"&AL$6) -> 0 | AM17: =COUNTIF($C17:$AG17,AM$6)+0.5*COUNTIF($C17:$AG17,AM$6&"H")+0.5*COUNTIF($C17:$AG17,"H"&AM$6) -> 0
A18: 12 | B18: =VLOOKUP(A18,YearToDate!$A$8:$B$39,2,0) | AH18: =COUNTIF($C18:$AG18,AH$6)+0.5*COUNTIF($C18:$AG18,AH$6&"H")+0.5*COUNTIF($C18:$AG18,"H"&AH$6) -> 0 | AI18: =COUNTIF($C18:$AG18,AI$6)+0.5*COUNTIF($C18:$AG18,AI$6&"H")+0.5*COUNTIF($C18:$AG18,"H"&AI$6) -> 0 | AJ18: =COUNTIF($C18:$AG18,AJ$6)+0.5*COUNTIF($C18:$AG18,AJ$6&"H")+0.5*COUNTIF($C18:$AG18,"H"&AJ$6) -> 0 | AK18: =COUNTIF($C18:$AG18,AK$6)+0.5*COUNTIF($C18:$AG18,AK$6&"H")+0.5*COUNTIF($C18:$AG18,"H"&AK$6) -> 0 | AL18: =COUNTIF($C18:$AG18,AL$6)+0.5*COUNTIF($C18:$AG18,AL$6&"H")+0.5*COUNTIF($C18:$AG18,"H"&AL$6) -> 0 | AM18: =COUNTIF($C18:$AG18,AM$6)+0.5*COUNTIF($C18:$AG18,AM$6&"H")+0.5*COUNTIF($C18:$AG18,"H"&AM$6) -> 0
... A36: 30 | B36: =VLOOKUP(A36,YearToDate!$A$8:$B$39,2,0) | AH36: =COUNTIF($C36:$AG36,AH$6)+0.5*COUNTIF($C36:$AG36,AH$6&"H")+0.5*COUNTIF($C36:$AG36,"H"&AH$6) -> 0 | AI36: =COUNTIF($C36:$AG36,AI$6)+0.5*COUNTIF($C36:$AG36,AI$6&"H")+0.5*COUNTIF($C36:$AG36,"H"&AI$6) -> 0 | AJ36: =COUNTIF($C36:$AG36,AJ$6)+0.5*COUNTIF($C36:$AG36,AJ$6&"H")+0.5*COUNTIF($C36:$AG36,"H"&AJ$6) -> 0 | AK36: =COUNTIF($C36:$AG36,AK$6)+0.5*COUNTIF($C36:$AG36,AK$6&"H")+0.5*COUNTIF($C36:$AG36,"H"&AK$6) -> 0 | AL36: =COUNTIF($C36:$AG36,AL$6)+0.5*COUNTIF($C36:$AG36,AL$6&"H")+0.5*COUNTIF($C36:$AG36,"H"&AL$6) -> 0 | AM36: =COUNTIF($C36:$AG36,AM$6)+0.5*COUNTIF($C36:$AG36,AM$6&"H")+0.5*COUNTIF($C36:$AG36,"H"&AM$6) -> 0
AG38: [42] | AH38: =SUM(AH7:AH37) -> 0 | AI38: =SUM(AI7:AI37) -> 0 | AJ38: =SUM(AJ7:AJ37) -> 0 | AK38: =SUM(AK7:AK37) -> 0 | AL38: =SUM(AL7:AL37) -> 0 | AM38: =SUM(AM7:AM37) -> 0

Sheet Mar
A1: ="March "&YearToDate!$B$3 -> March 2025 | AM1: Employee Leave Tracker
A4: Employee | C4: =YearToDate!$A$5 -> V = Vacation, S = Sick, P = Personal, D = Disability, O = Other Paid, U = Unpaid | AH4: Totals
C5: =IF(C6="","",INDEX({"Su";"M";"Tu";"W";"Th";"F";"Sa"},WEEKDAY(C6,1))) -> Sa | D5: =IF(D6="","",INDEX({"Su";"M";"Tu";"W";"Th";"F";"Sa"},WEEKDAY(D6,1))) -> Su | E5: =IF(E6="","",INDEX({"Su";"M";"Tu";"W";"Th";"F";"Sa"},WEEKDAY(E6,1))) -> M | F5: =IF(F6="","",INDEX({"Su";"M";"Tu";"W";"Th";"F";"Sa"},WEEKDAY(F6,1))) -> Tu | G5: =IF(G6="","",INDEX({"Su";"M";"Tu";"W";"Th";"F";"Sa"},WEEKDAY(G6,1))) -> W | H5: =IF(H6="","",INDEX({"Su";"M";"Tu";"W";"Th";"F";"Sa"},WEEKDAY(H6,1))) -> Th | I5: =IF(I6="","",INDEX({"Su";"M";"Tu";"W";"Th";"F";"Sa"},WEEKDAY(I6,1))) -> F | J5: =IF(J6="","",INDEX({"Su";"M";"Tu";"W";"Th";"F";"Sa"},WEEKDAY(J6,1))) -> Sa | ... AG5: =IF(AG6="","",INDEX({"Su";"M";"Tu";"W";"Th";"F";"Sa"},WEEKDAY(AG6,1))) -> M
A6: ID | B6: Name | C6: =DATE(YearToDate!$B$3,3,1) -> 45717 | D6: =C6+1 -> 45718 | E6: =D6+1 -> 45719 | F6: =E6+1 -> 45720 | G6: =F6+1 -> 45721 | H6: =G6+1 -> 45722 | I6: =H6+1 -> 45723 | J6: =I6+1 -> 45724 | K6: =J6+1 -> 45725 | ... AD6: =AC6+1 -> 45744 | AE6: =IF(MONTH($AD6+1)>MONTH($C$6),"",$AD6+1) -> 45745 | AF6: =IF(MONTH($AD6+2)>MONTH($C$6),"",$AD6+2) -> 45746 | AG6: =IF(MONTH($AD6+3)>MONTH($C$6),"",$AD6+3) -> 45747 | AH6: =YearToDate!C8 -> V | AI6: =YearToDate!D8 -> S | AJ6: =YearToDate!E8 -> P | AK6: =YearToDate!F8 -> D | AL6: =YearToDate!G8 -> O | AM6: =YearToDate!H8 -> U
A7: 1 | B7: =VLOOKUP(A7,YearToDate!$A$8:$B$39,2,0) -> Name 1 | AH7: =COUNTIF($C7:$AG7,AH$6)+0.5*COUNTIF($C7:$AG7,AH$6&"H")+0.5*COUNTIF($C7:$AG7,"H"&AH$6) -> 0 | AI7: =COUNTIF($C7:$AG7,AI$6)+0.5*COUNTIF($C7:$AG7,AI$6&"H")+0.5*COUNTIF($C7:$AG7,"H"&AI$6) -> 0 | AJ7: =COUNTIF($C7:$AG7,AJ$6)+0.5*COUNTIF($C7:$AG7,AJ$6&"H")+0.5*COUNTIF($C7:$AG7,"H"&AJ$6) -> 0 | AK7: =COUNTIF($C7:$AG7,AK$6)+0.5*COUNTIF($C7:$AG7,AK$6&"H")+0.5*COUNTIF($C7:$AG7,"H"&AK$6) -> 0 | AL7: =COUNTIF($C7:$AG7,AL$6)+0.5*COUNTIF($C7:$AG7,AL$6&"H")+0.5*COUNTIF($C7:$AG7,"H"&AL$6) -> 0 | AM7: =COUNTIF($C7:$AG7,AM$6)+0.5*COUNTIF($C7:$AG7,AM$6&"H")+0.5*COUNTIF($C7:$AG7,"H"&AM$6) -> 0
A8: 2 | B8: =VLOOKUP(A8,YearToDate!$A$8:$B$39,2,0) -> Name 2 | AH8: =COUNTIF($C8:$AG8,AH$6)+0.5*COUNTIF($C8:$AG8,AH$6&"H")+0.5*COUNTIF($C8:$AG8,"H"&AH$6) -> 0 | AI8: =COUNTIF($C8:$AG8,AI$6)+0.5*COUNTIF($C8:$AG8,AI$6&"H")+0.5*COUNTIF($C8:$AG8,"H"&AI$6) -> 0 | AJ8: =COUNTIF($C8:$AG8,AJ$6)+0.5*COUNTIF($C8:$AG8,AJ$6&"H")+0.5*COUNTIF($C8:$AG8,"H"&AJ$6) -> 0 | AK8: =COUNTIF($C8:$AG8,AK$6)+0.5*COUNTIF($C8:$AG8,AK$6&"H")+0.5*COUNTIF($C8:$AG8,"H"&AK$6) -> 0 | AL8: =COUNTIF($C8:$AG8,AL$6)+0.5*COUNTIF($C8:$AG8,AL$6&"H")+0.5*COUNTIF($C8:$AG8,"H"&AL$6) -> 0 | AM8: =COUNTIF($C8:$AG8,AM$6)+0.5*COUNTIF($C8:$AG8,AM$6&"H")+0.5*COUNTIF($C8:$AG8,"H"&AM$6) -> 0
A9: 3 | B9: =VLOOKUP(A9,YearToDate!$A$8:$B$39,2,0) -> Name 3 | AH9: =COUNTIF($C9:$AG9,AH$6)+0.5*COUNTIF($C9:$AG9,AH$6&"H")+0.5*COUNTIF($C9:$AG9,"H"&AH$6) -> 0 | AI9: =COUNTIF($C9:$AG9,AI$6)+0.5*COUNTIF($C9:$AG9,AI$6&"H")+0.5*COUNTIF($C9:$AG9,"H"&AI$6) -> 0 | AJ9: =COUNTIF($C9:$AG9,AJ$6)+0.5*COUNTIF($C9:$AG9,AJ$6&"H")+0.5*COUNTIF($C9:$AG9,"H"&AJ$6) -> 0 | AK9: =COUNTIF($C9:$AG9,AK$6)+0.5*COUNTIF($C9:$AG9,AK$6&"H")+0.5*COUNTIF($C9:$AG9,"H"&AK$6) -> 0 | AL9: =COUNTIF($C9:$AG9,AL$6)+0.5*COUNTIF($C9:$AG9,AL$6&"H")+0.5*COUNTIF($C9:$AG9,"H"&AL$6) -> 0 | AM9: =COUNTIF($C9:$AG9,AM$6)+0.5*COUNTIF($C9:$AG9,AM$6&"H")+0.5*COUNTIF($C9:$AG9,"H"&AM$6) -> 0
A10: 4 | B10: =VLOOKUP(A10,YearToDate!$A$8:$B$39,2,0) -> Name 4 | AH10: =COUNTIF($C10:$AG10,AH$6)+0.5*COUNTIF($C10:$AG10,AH$6&"H")+0.5*COUNTIF($C10:$AG10,"H"&AH$6) -> 0 | AI10: =COUNTIF($C10:$AG10,AI$6)+0.5*COUNTIF($C10:$AG10,AI$6&"H")+0.5*COUNTIF($C10:$AG10,"H"&AI$6) -> 0 | AJ10: =COUNTIF($C10:$AG10,AJ$6)+0.5*COUNTIF($C10:$AG10,AJ$6&"H")+0.5*COUNTIF($C10:$AG10,"H"&AJ$6) -> 0 | AK10: =COUNTIF($C10:$AG10,AK$6)+0.5*COUNTIF($C10:$AG10,AK$6&"H")+0.5*COUNTIF($C10:$AG10,"H"&AK$6) -> 0 | AL10: =COUNTIF($C10:$AG10,AL$6)+0.5*COUNTIF($C10:$AG10,AL$6&"H")+0.5*COUNTIF($C10:$AG10,"H"&AL$6) -> 0 | AM10: =COUNTIF($C10:$AG10,AM$6)+0.5*COUNTIF($C10:$AG10,AM$6&"H")+0.5*COUNTIF($C10:$AG10,"H"&AM$6) -> 0
A11: 5 | B11: =VLOOKUP(A11,YearToDate!$A$8:$B$39,2,0) -> Name 5 | AH11: =COUNTIF($C11:$AG11,AH$6)+0.5*COUNTIF($C11:$AG11,AH$6&"H")+0.5*COUNTIF($C11:$AG11,"H"&AH$6) -> 0 | AI11: =COUNTIF($C11:$AG11,AI$6)+0.5*COUNTIF($C11:$AG11,AI$6&"H")+0.5*COUNTIF($C11:$AG11,"H"&AI$6) -> 0 | AJ11: =COUNTIF($C11:$AG11,AJ$6)+0.5*COUNTIF($C11:$AG11,AJ$6&"H")+0.5*COUNTIF($C11:$AG11,"H"&AJ$6) -> 0 | AK11: =COUNTIF($C11:$AG11,AK$6)+0.5*COUNTIF($C11:$AG11,AK$6&"H")+0.5*COUNTIF($C11:$AG11,"H"&AK$6) -> 0 | AL11: =COUNTIF($C11:$AG11,AL$6)+0.5*COUNTIF($C11:$AG11,AL$6&"H")+0.5*COUNTIF($C11:$AG11,"H"&AL$6) -> 0 | AM11: =COUNTIF($C11:$AG11,AM$6)+0.5*COUNTIF($C11:$AG11,AM$6&"H")+0.5*COUNTIF($C11:$AG11,"H"&AM$6) -> 0
A12: 6 | B12: =VLOOKUP(A12,YearToDate!$A$8:$B$39,2,0) | AH12: =COUNTIF($C12:$AG12,AH$6)+0.5*COUNTIF($C12:$AG12,AH$6&"H")+0.5*COUNTIF($C12:$AG12,"H"&AH$6) -> 0 | AI12: =COUNTIF($C12:$AG12,AI$6)+0.5*COUNTIF($C12:$AG12,AI$6&"H")+0.5*COUNTIF($C12:$AG12,"H"&AI$6) -> 0 | AJ12: =COUNTIF($C12:$AG12,AJ$6)+0.5*COUNTIF($C12:$AG12,AJ$6&"H")+0.5*COUNTIF($C12:$AG12,"H"&AJ$6) -> 0 | AK12: =COUNTIF($C12:$AG12,AK$6)+0.5*COUNTIF($C12:$AG12,AK$6&"H")+0.5*COUNTIF($C12:$AG12,"H"&AK$6) -> 0 | AL12: =COUNTIF($C12:$AG12,AL$6)+0.5*COUNTIF($C12:$AG12,AL$6&"H")+0.5*COUNTIF($C12:$AG12,"H"&AL$6) -> 0 | AM12: =COUNTIF($C12:$AG12,AM$6)+0.5*COUNTIF($C12:$AG12,AM$6&"H")+0.5*COUNTIF($C12:$AG12,"H"&AM$6) -> 0
A13: 7 | B13: =VLOOKUP(A13,YearToDate!$A$8:$B$39,2,0) | AH13: =COUNTIF($C13:$AG13,AH$6)+0.5*COUNTIF($C13:$AG13,AH$6&"H")+0.5*COUNTIF($C13:$AG13,"H"&AH$6) -> 0 | AI13: =COUNTIF($C13:$AG13,AI$6)+0.5*COUNTIF($C13:$AG13,AI$6&"H")+0.5*COUNTIF($C13:$AG13,"H"&AI$6) -> 0 | AJ13: =COUNTIF($C13:$AG13,AJ$6)+0.5*COUNTIF($C13:$AG13,AJ$6&"H")+0.5*COUNTIF($C13:$AG13,"H"&AJ$6) -> 0 | AK13: =COUNTIF($C13:$AG13,AK$6)+0.5*COUNTIF($C13:$AG13,AK$6&"H")+0.5*COUNTIF($C13:$AG13,"H"&AK$6) -> 0 | AL13: =COUNTIF($C13:$AG13,AL$6)+0.5*COUNTIF($C13:$AG13,AL$6&"H")+0.5*COUNTIF($C13:$AG13,"H"&AL$6) -> 0 | AM13: =COUNTIF($C13:$AG13,AM$6)+0.5*COUNTIF($C13:$AG13,AM$6&"H")+0.5*COUNTIF($C13:$AG13,"H"&AM$6) -> 0
A14: 8 | B14: =VLOOKUP(A14,YearToDate!$A$8:$B$39,2,0) | AH14: =COUNTIF($C14:$AG14,AH$6)+0.5*COUNTIF($C14:$AG14,AH$6&"H")+0.5*COUNTIF($C14:$AG14,"H"&AH$6) -> 0 | AI14: =COUNTIF($C14:$AG14,AI$6)+0.5*COUNTIF($C14:$AG14,AI$6&"H")+0.5*COUNTIF($C14:$AG14,"H"&AI$6) -> 0 | AJ14: =COUNTIF($C14:$AG14,AJ$6)+0.5*COUNTIF($C14:$AG14,AJ$6&"H")+0.5*COUNTIF($C14:$AG14,"H"&AJ$6) -> 0 | AK14: =COUNTIF($C14:$AG14,AK$6)+0.5*COUNTIF($C14:$AG14,AK$6&"H")+0.5*COUNTIF($C14:$AG14,"H"&AK$6) -> 0 | AL14: =COUNTIF($C14:$AG14,AL$6)+0.5*COUNTIF($C14:$AG14,AL$6&"H")+0.5*COUNTIF($C14:$AG14,"H"&AL$6) -> 0 | AM14: =COUNTIF($C14:$AG14,AM$6)+0.5*COUNTIF($C14:$AG14,AM$6&"H")+0.5*COUNTIF($C14:$AG14,"H"&AM$6) -> 0
A15: 9 | B15: =VLOOKUP(A15,YearToDate!$A$8:$B$39,2,0) | AH15: =COUNTIF($C15:$AG15,AH$6)+0.5*COUNTIF($C15:$AG15,AH$6&"H")+0.5*COUNTIF($C15:$AG15,"H"&AH$6) -> 0 | AI15: =COUNTIF($C15:$AG15,AI$6)+0.5*COUNTIF($C15:$AG15,AI$6&"H")+0.5*COUNTIF($C15:$AG15,"H"&AI$6) -> 0 | AJ15: =COUNTIF($C15:$AG15,AJ$6)+0.5*COUNTIF($C15:$AG15,AJ$6&"H")+0.5*COUNTIF($C15:$AG15,"H"&AJ$6) -> 0 | AK15: =COUNTIF($C15:$AG15,AK$6)+0.5*COUNTIF($C15:$AG15,AK$6&"H")+0.5*COUNTIF($C15:$AG15,"H"&AK$6) -> 0 | AL15: =COUNTIF($C15:$AG15,AL$6)+0.5*COUNTIF($C15:$AG15,AL$6&"H")+0.5*COUNTIF($C15:$AG15,"H"&AL$6) -> 0 | AM15: =COUNTIF($C15:$AG15,AM$6)+0.5*COUNTIF($C15:$AG15,AM$6&"H")+0.5*COUNTIF($C15:$AG15,"H"&AM$6) -> 0
A16: 10 | B16: =VLOOKUP(A16,YearToDate!$A$8:$B$39,2,0) | AH16: =COUNTIF($C16:$AG16,AH$6)+0.5*COUNTIF($C16:$AG16,AH$6&"H")+0.5*COUNTIF($C16:$AG16,"H"&AH$6) -> 0 | AI16: =COUNTIF($C16:$AG16,AI$6)+0.5*COUNTIF($C16:$AG16,AI$6&"H")+0.5*COUNTIF($C16:$AG16,"H"&AI$6) -> 0 | AJ16: =COUNTIF($C16:$AG16,AJ$6)+0.5*COUNTIF($C16:$AG16,AJ$6&"H")+0.5*COUNTIF($C16:$AG16,"H"&AJ$6) -> 0 | AK16: =COUNTIF($C16:$AG16,AK$6)+0.5*COUNTIF($C16:$AG16,AK$6&"H")+0.5*COUNTIF($C16:$AG16,"H"&AK$6) -> 0 | AL16: =COUNTIF($C16:$AG16,AL$6)+0.5*COUNTIF($C16:$AG16,AL$6&"H")+0.5*COUNTIF($C16:$AG16,"H"&AL$6) -> 0 | AM16: =COUNTIF($C16:$AG16,AM$6)+0.5*COUNTIF($C16:$AG16,AM$6&"H")+0.5*COUNTIF($C16:$AG16,"H"&AM$6) -> 0
A17: 11 | B17: =VLOOKUP(A17,YearToDate!$A$8:$B$39,2,0) | AH17: =COUNTIF($C17:$AG17,AH$6)+0.5*COUNTIF($C17:$AG17,AH$6&"H")+0.5*COUNTIF($C17:$AG17,"H"&AH$6) -> 0 | AI17: =COUNTIF($C17:$AG17,AI$6)+0.5*COUNTIF($C17:$AG17,AI$6&"H")+0.5*COUNTIF($C17:$AG17,"H"&AI$6) -> 0 | AJ17: =COUNTIF($C17:$AG17,AJ$6)+0.5*COUNTIF($C17:$AG17,AJ$6&"H")+0.5*COUNTIF($C17:$AG17,"H"&AJ$6) -> 0 | AK17: =COUNTIF($C17:$AG17,AK$6)+0.5*COUNTIF($C17:$AG17,AK$6&"H")+0.5*COUNTIF($C17:$AG17,"H"&AK$6) -> 0 | AL17: =COUNTIF($C17:$AG17,AL$6)+0.5*COUNTIF($C17:$AG17,AL$6&"H")+0.5*COUNTIF($C17:$AG17,"H"&AL$6) -> 0 | AM17: =COUNTIF($C17:$AG17,AM$6)+0.5*COUNTIF($C17:$AG17,AM$6&"H")+0.5*COUNTIF($C17:$AG17,"H"&AM$6) -> 0
A18: 12 | B18: =VLOOKUP(A18,YearToDate!$A$8:$B$39,2,0) | AH18: =COUNTIF($C18:$AG18,AH$6)+0.5*COUNTIF($C18:$AG18,AH$6&"H")+0.5*COUNTIF($C18:$AG18,"H"&AH$6) -> 0 | AI18: =COUNTIF($C18:$AG18,AI$6)+0.5*COUNTIF($C18:$AG18,AI$6&"H")+0.5*COUNTIF($C18:$AG18,"H"&AI$6) -> 0 | AJ18: =COUNTIF($C18:$AG18,AJ$6)+0.5*COUNTIF($C18:$AG18,AJ$6&"H")+0.5*COUNTIF($C18:$AG18,"H"&AJ$6) -> 0 | AK18: =COUNTIF($C18:$AG18,AK$6)+0.5*COUNTIF($C18:$AG18,AK$6&"H")+0.5*COUNTIF($C18:$AG18,"H"&AK$6) -> 0 | AL18: =COUNTIF($C18:$AG18,AL$6)+0.5*COUNTIF($C18:$AG18,AL$6&"H")+0.5*COUNTIF($C18:$AG18,"H"&AL$6) -> 0 | AM18: =COUNTIF($C18:$AG18,AM$6)+0.5*COUNTIF($C18:$AG18,AM$6&"H")+0.5*COUNTIF($C18:$AG18,"H"&AM$6) -> 0
... A36: 30 | B36: =VLOOKUP(A36,YearToDate!$A$8:$B$39,2,0) | AH36: =COUNTIF($C36:$AG36,AH$6)+0.5*COUNTIF($C36:$AG36,AH$6&"H")+0.5*COUNTIF($C36:$AG36,"H"&AH$6) -> 0 | AI36: =COUNTIF($C36:$AG36,AI$6)+0.5*COUNTIF($C36:$AG36,AI$6&"H")+0.5*COUNTIF($C36:$AG36,"H"&AI$6) -> 0 | AJ36: =COUNTIF($C36:$AG36,AJ$6)+0.5*COUNTIF($C36:$AG36,AJ$6&"H")+0.5*COUNTIF($C36:$AG36,"H"&AJ$6) -> 0 | AK36: =COUNTIF($C36:$AG36,AK$6)+0.5*COUNTIF($C36:$AG36,AK$6&"H")+0.5*COUNTIF($C36:$AG36,"H"&AK$6) -> 0 | AL36: =COUNTIF($C36:$AG36,AL$6)+0.5*COUNTIF($C36:$AG36,AL$6&"H")+0.5*COUNTIF($C36:$AG36,"H"&AL$6) -> 0 | AM36: =COUNTIF($C36:$AG36,AM$6)+0.5*COUNTIF($C36:$AG36,AM$6&"H")+0.5*COUNTIF($C36:$AG36,"H"&AM$6) -> 0
AG38: [42] | AH38: =SUM(AH7:AH37) -> 0 | AI38: =SUM(AI7:AI37) -> 0 | AJ38: =SUM(AJ7:AJ37) -> 0 | AK38: =SUM(AK7:AK37) -> 0 | AL38: =SUM(AL7:AL37) -> 0 | AM38: =SUM(AM7:AM37) -> 0

Sheet Apr
A1: ="April "&YearToDate!$B$3 -> April 2025 | AM1: Employee Leave Tracker
A4: Employee | C4: =YearToDate!$A$5 -> V = Vacation, S = Sick, P = Personal, D = Disability, O = Other Paid, U = Unpaid | AH4: Totals
C5: =IF(C6="","",INDEX({"Su";"M";"Tu";"W";"Th";"F";"Sa"},WEEKDAY(C6,1))) -> Tu | D5: =IF(D6="","",INDEX({"Su";"M";"Tu";"W";"Th";"F";"Sa"},WEEKDAY(D6,1))) -> W | E5: =IF(E6="","",INDEX({"Su";"M";"Tu";"W";"Th";"F";"Sa"},WEEKDAY(E6,1))) -> Th | F5: =IF(F6="","",INDEX({"Su";"M";"Tu";"W";"Th";"F";"Sa"},WEEKDAY(F6,1))) -> F | G5: =IF(G6="","",INDEX({"Su";"M";"Tu";"W";"Th";"F";"Sa"},WEEKDAY(G6,1))) -> Sa | H5: =IF(H6="","",INDEX({"Su";"M";"Tu";"W";"Th";"F";"Sa"},WEEKDAY(H6,1))) -> Su | I5: =IF(I6="","",INDEX({"Su";"M";"Tu";"W";"Th";"F";"Sa"},WEEKDAY(I6,1))) -> M | J5: =IF(J6="","",INDEX({"Su";"M";"Tu";"W";"Th";"F";"Sa"},WEEKDAY(J6,1))) -> Tu | ... AG5: =IF(AG6="","",INDEX({"Su";"M";"Tu";"W";"Th";"F";"Sa"},WEEKDAY(AG6,1)))
A6: ID | B6: Name | C6: =DATE(YearToDate!$B$3,4,1) -> 45748 | D6: =C6+1 -> 45749 | E6: =D6+1 -> 45750 | F6: =E6+1 -> 45751 | G6: =F6+1 -> 45752 | H6: =G6+1 -> 45753 | I6: =H6+1 -> 45754 | J6: =I6+1 -> 45755 | K6: =J6+1 -> 45756 | ... AD6: =AC6+1 -> 45775 | AE6: =IF(MONTH($AD6+1)>MONTH($C$6),"",$AD6+1) -> 45776 | AF6: =IF(MONTH($AD6+2)>MONTH($C$6),"",$AD6+2) -> 45777 | AG6: =IF(MONTH($AD6+3)>MONTH($C$6),"",$AD6+3) | AH6: =YearToDate!C8 -> V | AI6: =YearToDate!D8 -> S | AJ6: =YearToDate!E8 -> P | AK6: =YearToDate!F8 -> D | AL6: =YearToDate!G8 -> O | AM6: =YearToDate!H8 -> U
A7: 1 | B7: =VLOOKUP(A7,YearToDate!$A$8:$B$39,2,0) -> Name 1 | AH7: =COUNTIF($C7:$AG7,AH$6)+0.5*COUNTIF($C7:$AG7,AH$6&"H")+0.5*COUNTIF($C7:$AG7,"H"&AH$6) -> 0 | AI7: =COUNTIF($C7:$AG7,AI$6)+0.5*COUNTIF($C7:$AG7,AI$6&"H")+0.5*COUNTIF($C7:$AG7,"H"&AI$6) -> 0 | AJ7: =COUNTIF($C7:$AG7,AJ$6)+0.5*COUNTIF($C7:$AG7,AJ$6&"H")+0.5*COUNTIF($C7:$AG7,"H"&AJ$6) -> 0 | AK7: =COUNTIF($C7:$AG7,AK$6)+0.5*COUNTIF($C7:$AG7,AK$6&"H")+0.5*COUNTIF($C7:$AG7,"H"&AK$6) -> 0 | AL7: =COUNTIF($C7:$AG7,AL$6)+0.5*COUNTIF($C7:$AG7,AL$6&"H")+0.5*COUNTIF($C7:$AG7,"H"&AL$6) -> 0 | AM7: =COUNTIF($C7:$AG7,AM$6)+0.5*COUNTIF($C7:$AG7,AM$6&"H")+0.5*COUNTIF($C7:$AG7,"H"&AM$6) -> 0
A8: 2 | B8: =VLOOKUP(A8,YearToDate!$A$8:$B$39,2,0) -> Name 2 | AH8: =COUNTIF($C8:$AG8,AH$6)+0.5*COUNTIF($C8:$AG8,AH$6&"H")+0.5*COUNTIF($C8:$AG8,"H"&AH$6) -> 0 | AI8: =COUNTIF($C8:$AG8,AI$6)+0.5*COUNTIF($C8:$AG8,AI$6&"H")+0.5*COUNTIF($C8:$AG8,"H"&AI$6) -> 0 | AJ8: =COUNTIF($C8:$AG8,AJ$6)+0.5*COUNTIF($C8:$AG8,AJ$6&"H")+0.5*COUNTIF($C8:$AG8,"H"&AJ$6) -> 0 | AK8: =COUNTIF($C8:$AG8,AK$6)+0.5*COUNTIF($C8:$AG8,AK$6&"H")+0.5*COUNTIF($C8:$AG8,"H"&AK$6) -> 0 | AL8: =COUNTIF($C8:$AG8,AL$6)+0.5*COUNTIF($C8:$AG8,AL$6&"H")+0.5*COUNTIF($C8:$AG8,"H"&AL$6) -> 0 | AM8: =COUNTIF($C8:$AG8,AM$6)+0.5*COUNTIF($C8:$AG8,AM$6&"H")+0.5*COUNTIF($C8:$AG8,"H"&AM$6) -> 0
A9: 3 | B9: =VLOOKUP(A9,YearToDate!$A$8:$B$39,2,0) -> Name 3 | AH9: =COUNTIF($C9:$AG9,AH$6)+0.5*COUNTIF($C9:$AG9,AH$6&"H")+0.5*COUNTIF($C9:$AG9,"H"&AH$6) -> 0 | AI9: =COUNTIF($C9:$AG9,AI$6)+0.5*COUNTIF($C9:$AG9,AI$6&"H")+0.5*COUNTIF($C9:$AG9,"H"&AI$6) -> 0 | AJ9: =COUNTIF($C9:$AG9,AJ$6)+0.5*COUNTIF($C9:$AG9,AJ$6&"H")+0.5*COUNTIF($C9:$AG9,"H"&AJ$6) -> 0 | AK9: =COUNTIF($C9:$AG9,AK$6)+0.5*COUNTIF($C9:$AG9,AK$6&"H")+0.5*COUNTIF($C9:$AG9,"H"&AK$6) -> 0 | AL9: =COUNTIF($C9:$AG9,AL$6)+0.5*COUNTIF($C9:$AG9,AL$6&"H")+0.5*COUNTIF($C9:$AG9,"H"&AL$6) -> 0 | AM9: =COUNTIF($C9:$AG9,AM$6)+0.5*COUNTIF($C9:$AG9,AM$6&"H")+0.5*COUNTIF($C9:$AG9,"H"&AM$6) -> 0
A10: 4 | B10: =VLOOKUP(A10,YearToDate!$A$8:$B$39,2,0) -> Name 4 | AH10: =COUNTIF($C10:$AG10,AH$6)+0.5*COUNTIF($C10:$AG10,AH$6&"H")+0.5*COUNTIF($C10:$AG10,"H"&AH$6) -> 0 | AI10: =COUNTIF($C10:$AG10,AI$6)+0.5*COUNTIF($C10:$AG10,AI$6&"H")+0.5*COUNTIF($C10:$AG10,"H"&AI$6) -> 0 | AJ10: =COUNTIF($C10:$AG10,AJ$6)+0.5*COUNTIF($C10:$AG10,AJ$6&"H")+0.5*COUNTIF($C10:$AG10,"H"&AJ$6) -> 0 | AK10: =COUNTIF($C10:$AG10,AK$6)+0.5*COUNTIF($C10:$AG10,AK$6&"H")+0.5*COUNTIF($C10:$AG10,"H"&AK$6) -> 0 | AL10: =COUNTIF($C10:$AG10,AL$6)+0.5*COUNTIF($C10:$AG10,AL$6&"H")+0.5*COUNTIF($C10:$AG10,"H"&AL$6) -> 0 | AM10: =COUNTIF($C10:$AG10,AM$6)+0.5*COUNTIF($C10:$AG10,AM$6&"H")+0.5*COUNTIF($C10:$AG10,"H"&AM$6) -> 0
A11: 5 | B11: =VLOOKUP(A11,YearToDate!$A$8:$B$39,2,0) -> Name 5 | AH11: =COUNTIF($C11:$AG11,AH$6)+0.5*COUNTIF($C11:$AG11,AH$6&"H")+0.5*COUNTIF($C11:$AG11,"H"&AH$6) -> 0 | AI11: =COUNTIF($C11:$AG11,AI$6)+0.5*COUNTIF($C11:$AG11,AI$6&"H")+0.5*COUNTIF($C11:$AG11,"H"&AI$6) -> 0 | AJ11: =COUNTIF($C11:$AG11,AJ$6)+0.5*COUNTIF($C11:$AG11,AJ$6&"H")+0.5*COUNTIF($C11:$AG11,"H"&AJ$6) -> 0 | AK11: =COUNTIF($C11:$AG11,AK$6)+0.5*COUNTIF($C11:$AG11,AK$6&"H")+0.5*COUNTIF($C11:$AG11,"H"&AK$6) -> 0 | AL11: =COUNTIF($C11:$AG11,AL$6)+0.5*COUNTIF($C11:$AG11,AL$6&"H")+0.5*COUNTIF($C11:$AG11,"H"&AL$6) -> 0 | AM11: =COUNTIF($C11:$AG11,AM$6)+0.5*COUNTIF($C11:$AG11,AM$6&"H")+0.5*COUNTIF($C11:$AG11,"H"&AM$6) -> 0
A12: 6 | B12: =VLOOKUP(A12,YearToDate!$A$8:$B$39,2,0) | AH12: =COUNTIF($C12:$AG12,AH$6)+0.5*COUNTIF($C12:$AG12,AH$6&"H")+0.5*COUNTIF($C12:$AG12,"H"&AH$6) -> 0 | AI12: =COUNTIF($C12:$AG12,AI$6)+0.5*COUNTIF($C12:$AG12,AI$6&"H")+0.5*COUNTIF($C12:$AG12,"H"&AI$6) -> 0 | AJ12: =COUNTIF($C12:$AG12,AJ$6)+0.5*COUNTIF($C12:$AG12,AJ$6&"H")+0.5*COUNTIF($C12:$AG12,"H"&AJ$6) -> 0 | AK12: =COUNTIF($C12:$AG12,AK$6)+0.5*COUNTIF($C12:$AG12,AK$6&"H")+0.5*COUNTIF($C12:$AG12,"H"&AK$6) -> 0 | AL12: =COUNTIF($C12:$AG12,AL$6)+0.5*COUNTIF($C12:$AG12,AL$6&"H")+0.5*COUNTIF($C12:$AG12,"H"&AL$6) -> 0 | AM12: =COUNTIF($C12:$AG12,AM$6)+0.5*COUNTIF($C12:$AG12,AM$6&"H")+0.5*COUNTIF($C12:$AG12,"H"&AM$6) -> 0
A13: 7 | B13: =VLOOKUP(A13,YearToDate!$A$8:$B$39,2,0) | AH13: =COUNTIF($C13:$AG13,AH$6)+0.5*COUNTIF($C13:$AG13,AH$6&"H")+0.5*COUNTIF($C13:$AG13,"H"&AH$6) -> 0 | AI13: =COUNTIF($C13:$AG13,AI$6)+0.5*COUNTIF($C13:$AG13,AI$6&"H")+0.5*COUNTIF($C13:$AG13,"H"&AI$6) -> 0 | AJ13: =COUNTIF($C13:$AG13,AJ$6)+0.5*COUNTIF($C13:$AG13,AJ$6&"H")+0.5*COUNTIF($C13:$AG13,"H"&AJ$6) -> 0 | AK13: =COUNTIF($C13:$AG13,AK$6)+0.5*COUNTIF($C13:$AG13,AK$6&"H")+0.5*COUNTIF($C13:$AG13,"H"&AK$6) -> 0 | AL13: =COUNTIF($C13:$AG13,AL$6)+0.5*COUNTIF($C13:$AG13,AL$6&"H")+0.5*COUNTIF($C13:$AG13,"H"&AL$6) -> 0 | AM13: =COUNTIF($C13:$AG13,AM$6)+0.5*COUNTIF($C13:$AG13,AM$6&"H")+0.5*COUNTIF($C13:$AG13,"H"&AM$6) -> 0
A14: 8 | B14: =VLOOKUP(A14,YearToDate!$A$8:$B$39,2,0) | AH14: =COUNTIF($C14:$AG14,AH$6)+0.5*COUNTIF($C14:$AG14,AH$6&"H")+0.5*COUNTIF($C14:$AG14,"H"&AH$6) -> 0 | AI14: =COUNTIF($C14:$AG14,AI$6)+0.5*COUNTIF($C14:$AG14,AI$6&"H")+0.5*COUNTIF($C14:$AG14,"H"&AI$6) -> 0 | AJ14: =COUNTIF($C14:$AG14,AJ$6)+0.5*COUNTIF($C14:$AG14,AJ$6&"H")+0.5*COUNTIF($C14:$AG14,"H"&AJ$6) -> 0 | AK14: =COUNTIF($C14:$AG14,AK$6)+0.5*COUNTIF($C14:$AG14,AK$6&"H")+0.5*COUNTIF($C14:$AG14,"H"&AK$6) -> 0 | AL14: =COUNTIF($C14:$AG14,AL$6)+0.5*COUNTIF($C14:$AG14,AL$6&"H")+0.5*COUNTIF($C14:$AG14,"H"&AL$6) -> 0 | AM14: =COUNTIF($C14:$AG14,AM$6)+0.5*COUNTIF($C14:$AG14,AM$6&"H")+0.5*COUNTIF($C14:$AG14,"H"&AM$6) -> 0
A15: 9 | B15: =VLOOKUP(A15,YearToDate!$A$8:$B$39,2,0) | AH15: =COUNTIF($C15:$AG15,AH$6)+0.5*COUNTIF($C15:$AG15,AH$6&"H")+0.5*COUNTIF($C15:$AG15,"H"&AH$6) -> 0 | AI15: =COUNTIF($C15:$AG15,AI$6)+0.5*COUNTIF($C15:$AG15,AI$6&"H")+0.5*COUNTIF($C15:$AG15,"H"&AI$6) -> 0 | AJ15: =COUNTIF($C15:$AG15,AJ$6)+0.5*COUNTIF($C15:$AG15,AJ$6&"H")+0.5*COUNTIF($C15:$AG15,"H"&AJ$6) -> 0 | AK15: =COUNTIF($C15:$AG15,AK$6)+0.5*COUNTIF($C15:$AG15,AK$6&"H")+0.5*COUNTIF($C15:$AG15,"H"&AK$6) -> 0 | AL15: =COUNTIF($C15:$AG15,AL$6)+0.5*COUNTIF($C15:$AG15,AL$6&"H")+0.5*COUNTIF($C15:$AG15,"H"&AL$6) -> 0 | AM15: =COUNTIF($C15:$AG15,AM$6)+0.5*COUNTIF($C15:$AG15,AM$6&"H")+0.5*COUNTIF($C15:$AG15,"H"&AM$6) -> 0
A16: 10 | B16: =VLOOKUP(A16,YearToDate!$A$8:$B$39,2,0) | AH16: =COUNTIF($C16:$AG16,AH$6)+0.5*COUNTIF($C16:$AG16,AH$6&"H")+0.5*COUNTIF($C16:$AG16,"H"&AH$6) -> 0 | AI16: =COUNTIF($C16:$AG16,AI$6)+0.5*COUNTIF($C16:$AG16,AI$6&"H")+0.5*COUNTIF($C16:$AG16,"H"&AI$6) -> 0 | AJ16: =COUNTIF($C16:$AG16,AJ$6)+0.5*COUNTIF($C16:$AG16,AJ$6&"H")+0.5*COUNTIF($C16:$AG16,"H"&AJ$6) -> 0 | AK16: =COUNTIF($C16:$AG16,AK$6)+0.5*COUNTIF($C16:$AG16,AK$6&"H")+0.5*COUNTIF($C16:$AG16,"H"&AK$6) -> 0 | AL16: =COUNTIF($C16:$AG16,AL$6)+0.5*COUNTIF($C16:$AG16,AL$6&"H")+0.5*COUNTIF($C16:$AG16,"H"&AL$6) -> 0 | AM16: =COUNTIF($C16:$AG16,AM$6)+0.5*COUNTIF($C16:$AG16,AM$6&"H")+0.5*COUNTIF($C16:$AG16,"H"&AM$6) -> 0
A17: 11 | B17: =VLOOKUP(A17,YearToDate!$A$8:$B$39,2,0) | AH17: =COUNTIF($C17:$AG17,AH$6)+0.5*COUNTIF($C17:$AG17,AH$6&"H")+0.5*COUNTIF($C17:$AG17,"H"&AH$6) -> 0 | AI17: =COUNTIF($C17:$AG17,AI$6)+0.5*COUNTIF($C17:$AG17,AI$6&"H")+0.5*COUNTIF($C17:$AG17,"H"&AI$6) -> 0 | AJ17: =COUNTIF($C17:$AG17,AJ$6)+0.5*COUNTIF($C17:$AG17,AJ$6&"H")+0.5*COUNTIF($C17:$AG17,"H"&AJ$6) -> 0 | AK17: =COUNTIF($C17:$AG17,AK$6)+0.5*COUNTIF($C17:$AG17,AK$6&"H")+0.5*COUNTIF($C17:$AG17,"H"&AK$6) -> 0 | AL17: =COUNTIF($C17:$AG17,AL$6)+0.5*COUNTIF($C17:$AG17,AL$6&"H")+0.5*COUNTIF($C17:$AG17,"H"&AL$6) -> 0 | AM17: =COUNTIF($C17:$AG17,AM$6)+0.5*COUNTIF($C17:$AG17,AM$6&"H")+0.5*COUNTIF($C17:$AG17,"H"&AM$6) -> 0
A18: 12 | B18: =VLOOKUP(A18,YearToDate!$A$8:$B$39,2,0) | AH18: =COUNTIF($C18:$AG18,AH$6)+0.5*COUNTIF($C18:$AG18,AH$6&"H")+0.5*COUNTIF($C18:$AG18,"H"&AH$6) -> 0 | AI18: =COUNTIF($C18:$AG18,AI$6)+0.5*COUNTIF($C18:$AG18,AI$6&"H")+0.5*COUNTIF($C18:$AG18,"H"&AI$6) -> 0 | AJ18: =COUNTIF($C18:$AG18,AJ$6)+0.5*COUNTIF($C18:$AG18,AJ$6&"H")+0.5*COUNTIF($C18:$AG18,"H"&AJ$6) -> 0 | AK18: =COUNTIF($C18:$AG18,AK$6)+0.5*COUNTIF($C18:$AG18,AK$6&"H")+0.5*COUNTIF($C18:$AG18,"H"&AK$6) -> 0 | AL18: =COUNTIF($C18:$AG18,AL$6)+0.5*COUNTIF($C18:$AG18,AL$6&"H")+0.5*COUNTIF($C18:$AG18,"H"&AL$6) -> 0 | AM18: =COUNTIF($C18:$AG18,AM$6)+0.5*COUNTIF($C18:$AG18,AM$6&"H")+0.5*COUNTIF($C18:$AG18,"H"&AM$6) -> 0
... A36: 30 | B36: =VLOOKUP(A36,YearToDate!$A$8:$B$39,2,0) | AH36: =COUNTIF($C36:$AG36,AH$6)+0.5*COUNTIF($C36:$AG36,AH$6&"H")+0.5*COUNTIF($C36:$AG36,"H"&AH$6) -> 0 | AI36: =COUNTIF($C36:$AG36,AI$6)+0.5*COUNTIF($C36:$AG36,AI$6&"H")+0.5*COUNTIF($C36:$AG36,"H"&AI$6) -> 0 | AJ36: =COUNTIF($C36:$AG36,AJ$6)+0.5*COUNTIF($C36:$AG36,AJ$6&"H")+0.5*COUNTIF($C36:$AG36,"H"&AJ$6) -> 0 | AK36: =COUNTIF($C36:$AG36,AK$6)+0.5*COUNTIF($C36:$AG36,AK$6&"H")+0.5*COUNTIF($C36:$AG36,"H"&AK$6) -> 0 | AL36: =COUNTIF($C36:$AG36,AL$6)+0.5*COUNTIF($C36:$AG36,AL$6&"H")+0.5*COUNTIF($C36:$AG36,"H"&AL$6) -> 0 | AM36: =COUNTIF($C36:$AG36,AM$6)+0.5*COUNTIF($C36:$AG36,AM$6&"H")+0.5*COUNTIF($C36:$AG36,"H"&AM$6) -> 0
AG38: [42] | AH38: =SUM(AH7:AH37) -> 0 | AI38: =SUM(AI7:AI37) -> 0 | AJ38: =SUM(AJ7:AJ37) -> 0 | AK38: =SUM(AK7:AK37) -> 0 | AL38: =SUM(AL7:AL37) -> 0 | AM38: =SUM(AM7:AM37) -> 0

Sheet May
A1: ="May "&YearToDate!$B$3 -> May 2025 | AM1: Employee Leave Tracker
A4: Employee | C4: =YearToDate!$A$5 -> V = Vacation, S = Sick, P = Personal, D = Disability, O = Other Paid, U = Unpaid | AH4: Totals
C5: =IF(C6="","",INDEX({"Su";"M";"Tu";"W";"Th";"F";"Sa"},WEEKDAY(C6,1))) -> Th | D5: =IF(D6="","",INDEX({"Su";"M";"Tu";"W";"Th";"F";"Sa"},WEEKDAY(D6,1))) -> F | E5: =IF(E6="","",INDEX({"Su";"M";"Tu";"W";"Th";"F";"Sa"},WEEKDAY(E6,1))) -> Sa | F5: =IF(F6="","",INDEX({"Su";"M";"Tu";"W";"Th";"F";"Sa"},WEEKDAY(F6,1))) -> Su | G5: =IF(G6="","",INDEX({"Su";"M";"Tu";"W";"Th";"F";"Sa"},WEEKDAY(G6,1))) -> M | H5: =IF(H6="","",INDEX({"Su";"M";"Tu";"W";"Th";"F";"Sa"},WEEKDAY(H6,1))) -> Tu | I5: =IF(I6="","",INDEX({"Su";"M";"Tu";"W";"Th";"F";"Sa"},WEEKDAY(I6,1))) -> W | J5: =IF(J6="","",INDEX({"Su";"M";"Tu";"W";"Th";"F";"Sa"},WEEKDAY(J6,1))) -> Th | ... AG5: =IF(AG6="","",INDEX({"Su";"M";"Tu";"W";"Th";"F";"Sa"},WEEKDAY(AG6,1))) -> Sa
A6: ID | B6: Name | C6: =DATE(YearToDate!$B$3,5,1) -> 45778 | D6: =C6+1 -> 45779 | E6: =D6+1 -> 45780 | F6: =E6+1 -> 45781 | G6: =F6+1 -> 45782 | H6: =G6+1 -> 45783 | I6: =H6+1 -> 45784 | J6: =I6+1 -> 45785 | K6: =J6+1 -> 45786 | ... AD6: =AC6+1 -> 45805 | AE6: =IF(MONTH($AD6+1)>MONTH($C$6),"",$AD6+1) -> 45806 | AF6: =IF(MONTH($AD6+2)>MONTH($C$6),"",$AD6+2) -> 45807 | AG6: =IF(MONTH($AD6+3)>MONTH($C$6),"",$AD6+3) -> 45808 | AH6: =YearToDate!C8 -> V | AI6: =YearToDate!D8 -> S | AJ6: =YearToDate!E8 -> P | AK6: =YearToDate!F8 -> D | AL6: =YearToDate!G8 -> O | AM6: =YearToDate!H8 -> U
A7: 1 | B7: =VLOOKUP(A7,YearToDate!$A$8:$B$39,2,0) -> Name 1 | AH7: =COUNTIF($C7:$AG7,AH$6)+0.5*COUNTIF($C7:$AG7,AH$6&"H")+0.5*COUNTIF($C7:$AG7,"H"&AH$6) -> 0 | AI7: =COUNTIF($C7:$AG7,AI$6)+0.5*COUNTIF($C7:$AG7,AI$6&"H")+0.5*COUNTIF($C7:$AG7,"H"&AI$6) -> 0 | AJ7: =COUNTIF($C7:$AG7,AJ$6)+0.5*COUNTIF($C7:$AG7,AJ$6&"H")+0.5*COUNTIF($C7:$AG7,"H"&AJ$6) -> 0 | AK7: =COUNTIF($C7:$AG7,AK$6)+0.5*COUNTIF($C7:$AG7,AK$6&"H")+0.5*COUNTIF($C7:$AG7,"H"&AK$6) -> 0 | AL7: =COUNTIF($C7:$AG7,AL$6)+0.5*COUNTIF($C7:$AG7,AL$6&"H")+0.5*COUNTIF($C7:$AG7,"H"&AL$6) -> 0 | AM7: =COUNTIF($C7:$AG7,AM$6)+0.5*COUNTIF($C7:$AG7,AM$6&"H")+0.5*COUNTIF($C7:$AG7,"H"&AM$6) -> 0
A8: 2 | B8: =VLOOKUP(A8,YearToDate!$A$8:$B$39,2,0) -> Name 2 | AH8: =COUNTIF($C8:$AG8,AH$6)+0.5*COUNTIF($C8:$AG8,AH$6&"H")+0.5*COUNTIF($C8:$AG8,"H"&AH$6) -> 0 | AI8: =COUNTIF($C8:$AG8,AI$6)+0.5*COUNTIF($C8:$AG8,AI$6&"H")+0.5*COUNTIF($C8:$AG8,"H"&AI$6) -> 0 | AJ8: =COUNTIF($C8:$AG8,AJ$6)+0.5*COUNTIF($C8:$AG8,AJ$6&"H")+0.5*COUNTIF($C8:$AG8,"H"&AJ$6) -> 0 | AK8: =COUNTIF($C8:$AG8,AK$6)+0.5*COUNTIF($C8:$AG8,AK$6&"H")+0.5*COUNTIF($C8:$AG8,"H"&AK$6) -> 0 | AL8: =COUNTIF($C8:$AG8,AL$6)+0.5*COUNTIF($C8:$AG8,AL$6&"H")+0.5*COUNTIF($C8:$AG8,"H"&AL$6) -> 0 | AM8: =COUNTIF($C8:$AG8,AM$6)+0.5*COUNTIF($C8:$AG8,AM$6&"H")+0.5*COUNTIF($C8:$AG8,"H"&AM$6) -> 0
A9: 3 | B9: =VLOOKUP(A9,YearToDate!$A$8:$B$39,2,0) -> Name 3 | AH9: =COUNTIF($C9:$AG9,AH$6)+0.5*COUNTIF($C9:$AG9,AH$6&"H")+0.5*COUNTIF($C9:$AG9,"H"&AH$6) -> 0 | AI9: =COUNTIF($C9:$AG9,AI$6)+0.5*COUNTIF($C9:$AG9,AI$6&"H")+0.5*COUNTIF($C9:$AG9,"H"&AI$6) -> 0 | AJ9: =COUNTIF($C9:$AG9,AJ$6)+0.5*COUNTIF($C9:$AG9,AJ$6&"H")+0.5*COUNTIF($C9:$AG9,"H"&AJ$6) -> 0 | AK9: =COUNTIF($C9:$AG9,AK$6)+0.5*COUNTIF($C9:$AG9,AK$6&"H")+0.5*COUNTIF($C9:$AG9,"H"&AK$6) -> 0 | AL9: =COUNTIF($C9:$AG9,AL$6)+0.5*COUNTIF($C9:$AG9,AL$6&"H")+0.5*COUNTIF($C9:$AG9,"H"&AL$6) -> 0 | AM9: =COUNTIF($C9:$AG9,AM$6)+0.5*COUNTIF($C9:$AG9,AM$6&"H")+0.5*COUNTIF($C9:$AG9,"H"&AM$6) -> 0
A10: 4 | B10: =VLOOKUP(A10,YearToDate!$A$8:$B$39,2,0) -> Name 4 | AH10: =COUNTIF($C10:$AG10,AH$6)+0.5*COUNTIF($C10:$AG10,AH$6&"H")+0.5*COUNTIF($C10:$AG10,"H"&AH$6) -> 0 | AI10: =COUNTIF($C10:$AG10,AI$6)+0.5*COUNTIF($C10:$AG10,AI$6&"H")+0.5*COUNTIF($C10:$AG10,"H"&AI$6) -> 0 | AJ10: =COUNTIF($C10:$AG10,AJ$6)+0.5*COUNTIF($C10:$AG10,AJ$6&"H")+0.5*COUNTIF($C10:$AG10,"H"&AJ$6) -> 0 | AK10: =COUNTIF($C10:$AG10,AK$6)+0.5*COUNTIF($C10:$AG10,AK$6&"H")+0.5*COUNTIF($C10:$AG10,"H"&AK$6) -> 0 | AL10: =COUNTIF($C10:$AG10,AL$6)+0.5*COUNTIF($C10:$AG10,AL$6&"H")+0.5*COUNTIF($C10:$AG10,"H"&AL$6) -> 0 | AM10: =COUNTIF($C10:$AG10,AM$6)+0.5*COUNTIF($C10:$AG10,AM$6&"H")+0.5*COUNTIF($C10:$AG10,"H"&AM$6) -> 0
A11: 5 | B11: =VLOOKUP(A11,YearToDate!$A$8:$B$39,2,0) -> Name 5 | AH11: =COUNTIF($C11:$AG11,AH$6)+0.5*COUNTIF($C11:$AG11,AH$6&"H")+0.5*COUNTIF($C11:$AG11,"H"&AH$6) -> 0 | AI11: =COUNTIF($C11:$AG11,AI$6)+0.5*COUNTIF($C11:$AG11,AI$6&"H")+0.5*COUNTIF($C11:$AG11,"H"&AI$6) -> 0 | AJ11: =COUNTIF($C11:$AG11,AJ$6)+0.5*COUNTIF($C11:$AG11,AJ$6&"H")+0.5*COUNTIF($C11:$AG11,"H"&AJ$6) -> 0 | AK11: =COUNTIF($C11:$AG11,AK$6)+0.5*COUNTIF($C11:$AG11,AK$6&"H")+0.5*COUNTIF($C11:$AG11,"H"&AK$6) -> 0 | AL11: =COUNTIF($C11:$AG11,AL$6)+0.5*COUNTIF($C11:$AG11,AL$6&"H")+0.5*COUNTIF($C11:$AG11,"H"&AL$6) -> 0 | AM11: =COUNTIF($C11:$AG11,AM$6)+0.5*COUNTIF($C11:$AG11,AM$6&"H")+0.5*COUNTIF($C11:$AG11,"H"&AM$6) -> 0
A12: 6 | B12: =VLOOKUP(A12,YearToDate!$A$8:$B$39,2,0) | AH12: =COUNTIF($C12:$AG12,AH$6)+0.5*COUNTIF($C12:$AG12,AH$6&"H")+0.5*COUNTIF($C12:$AG12,"H"&AH$6) -> 0 | AI12: =COUNTIF($C12:$AG12,AI$6)+0.5*COUNTIF($C12:$AG12,AI$6&"H")+0.5*COUNTIF($C12:$AG12,"H"&AI$6) -> 0 | AJ12: =COUNTIF($C12:$AG12,AJ$6)+0.5*COUNTIF($C12:$AG12,AJ$6&"H")+0.5*COUNTIF($C12:$AG12,"H"&AJ$6) -> 0 | AK12: =COUNTIF($C12:$AG12,AK$6)+0.5*COUNTIF($C12:$AG12,AK$6&"H")+0.5*COUNTIF($C12:$AG12,"H"&AK$6) -> 0 | AL12: =COUNTIF($C12:$AG12,AL$6)+0.5*COUNTIF($C12:$AG12,AL$6&"H")+0.5*COUNTIF($C12:$AG12,"H"&AL$6) -> 0 | AM12: =COUNTIF($C12:$AG12,AM$6)+0.5*COUNTIF($C12:$AG12,AM$6&"H")+0.5*COUNTIF($C12:$AG12,"H"&AM$6) -> 0
A13: 7 | B13: =VLOOKUP(A13,YearToDate!$A$8:$B$39,2,0) | AH13: =COUNTIF($C13:$AG13,AH$6)+0.5*COUNTIF($C13:$AG13,AH$6&"H")+0.5*COUNTIF($C13:$AG13,"H"&AH$6) -> 0 | AI13: =COUNTIF($C13:$AG13,AI$6)+0.5*COUNTIF($C13:$AG13,AI$6&"H")+0.5*COUNTIF($C13:$AG13,"H"&AI$6) -> 0 | AJ13: =COUNTIF($C13:$AG13,AJ$6)+0.5*COUNTIF($C13:$AG13,AJ$6&"H")+0.5*COUNTIF($C13:$AG13,"H"&AJ$6) -> 0 | AK13: =COUNTIF($C13:$AG13,AK$6)+0.5*COUNTIF($C13:$AG13,AK$6&"H")+0.5*COUNTIF($C13:$AG13,"H"&AK$6) -> 0 | AL13: =COUNTIF($C13:$AG13,AL$6)+0.5*COUNTIF($C13:$AG13,AL$6&"H")+0.5*COUNTIF($C13:$AG13,"H"&AL$6) -> 0 | AM13: =COUNTIF($C13:$AG13,AM$6)+0.5*COUNTIF($C13:$AG13,AM$6&"H")+0.5*COUNTIF($C13:$AG13,"H"&AM$6) -> 0
A14: 8 | B14: =VLOOKUP(A14,YearToDate!$A$8:$B$39,2,0) | AH14: =COUNTIF($C14:$AG14,AH$6)+0.5*COUNTIF($C14:$AG14,AH$6&"H")+0.5*COUNTIF($C14:$AG14,"H"&AH$6) -> 0 | AI14: =COUNTIF($C14:$AG14,AI$6)+0.5*COUNTIF($C14:$AG14,AI$6&"H")+0.5*COUNTIF($C14:$AG14,"H"&AI$6) -> 0 | AJ14: =COUNTIF($C14:$AG14,AJ$6)+0.5*COUNTIF($C14:$AG14,AJ$6&"H")+0.5*COUNTIF($C14:$AG14,"H"&AJ$6) -> 0 | AK14: =COUNTIF($C14:$AG14,AK$6)+0.5*COUNTIF($C14:$AG14,AK$6&"H")+0.5*COUNTIF($C14:$AG14,"H"&AK$6) -> 0 | AL14: =COUNTIF($C14:$AG14,AL$6)+0.5*COUNTIF($C14:$AG14,AL$6&"H")+0.5*COUNTIF($C14:$AG14,"H"&AL$6) -> 0 | AM14: =COUNTIF($C14:$AG14,AM$6)+0.5*COUNTIF($C14:$AG14,AM$6&"H")+0.5*COUNTIF($C14:$AG14,"H"&AM$6) -> 0
A15: 9 | B15: =VLOOKUP(A15,YearToDate!$A$8:$B$39,2,0) | AH15: =COUNTIF($C15:$AG15,AH$6)+0.5*COUNTIF($C15:$AG15,AH$6&"H")+0.5*COUNTIF($C15:$AG15,"H"&AH$6) -> 0 | AI15: =COUNTIF($C15:$AG15,AI$6)+0.5*COUNTIF($C15:$AG15,AI$6&"H")+0.5*COUNTIF($C15:$AG15,"H"&AI$6) -> 0 | AJ15: =COUNTIF($C15:$AG15,AJ$6)+0.5*COUNTIF($C15:$AG15,AJ$6&"H")+0.5*COUNTIF($C15:$AG15,"H"&AJ$6) -> 0 | AK15: =COUNTIF($C15:$AG15,AK$6)+0.5*COUNTIF($C15:$AG15,AK$6&"H")+0.5*COUNTIF($C15:$AG15,"H"&AK$6) -> 0 | AL15: =COUNTIF($C15:$AG15,AL$6)+0.5*COUNTIF($C15:$AG15,AL$6&"H")+0.5*COUNTIF($C15:$AG15,"H"&AL$6) -> 0 | AM15: =COUNTIF($C15:$AG15,AM$6)+0.5*COUNTIF($C15:$AG15,AM$6&"H")+0.5*COUNTIF($C15:$AG15,"H"&AM$6) -> 0
A16: 10 | B16: =VLOOKUP(A16,YearToDate!$A$8:$B$39,2,0) | AH16: =COUNTIF($C16:$AG16,AH$6)+0.5*COUNTIF($C16:$AG16,AH$6&"H")+0.5*COUNTIF($C16:$AG16,"H"&AH$6) -> 0 | AI16: =COUNTIF($C16:$AG16,AI$6)+0.5*COUNTIF($C16:$AG16,AI$6&"H")+0.5*COUNTIF($C16:$AG16,"H"&AI$6) -> 0 | AJ16: =COUNTIF($C16:$AG16,AJ$6)+0.5*COUNTIF($C16:$AG16,AJ$6&"H")+0.5*COUNTIF($C16:$AG16,"H"&AJ$6) -> 0 | AK16: =COUNTIF($C16:$AG16,AK$6)+0.5*COUNTIF($C16:$AG16,AK$6&"H")+0.5*COUNTIF($C16:$AG16,"H"&AK$6) -> 0 | AL16: =COUNTIF($C16:$AG16,AL$6)+0.5*COUNTIF($C16:$AG16,AL$6&"H")+0.5*COUNTIF($C16:$AG16,"H"&AL$6) -> 0 | AM16: =COUNTIF($C16:$AG16,AM$6)+0.5*COUNTIF($C16:$AG16,AM$6&"H")+0.5*COUNTIF($C16:$AG16,"H"&AM$6) -> 0
A17: 11 | B17: =VLOOKUP(A17,YearToDate!$A$8:$B$39,2,0) | AH17: =COUNTIF($C17:$AG17,AH$6)+0.5*COUNTIF($C17:$AG17,AH$6&"H")+0.5*COUNTIF($C17:$AG17,"H"&AH$6) -> 0 | AI17: =COUNTIF($C17:$AG17,AI$6)+0.5*COUNTIF($C17:$AG17,AI$6&"H")+0.5*COUNTIF($C17:$AG17,"H"&AI$6) -> 0 | AJ17: =COUNTIF($C17:$AG17,AJ$6)+0.5*COUNTIF($C17:$AG17,AJ$6&"H")+0.5*COUNTIF($C17:$AG17,"H"&AJ$6) -> 0 | AK17: =COUNTIF($C17:$AG17,AK$6)+0.5*COUNTIF($C17:$AG17,AK$6&"H")+0.5*COUNTIF($C17:$AG17,"H"&AK$6) -> 0 | AL17: =COUNTIF($C17:$AG17,AL$6)+0.5*COUNTIF($C17:$AG17,AL$6&"H")+0.5*COUNTIF($C17:$AG17,"H"&AL$6) -> 0 | AM17: =COUNTIF($C17:$AG17,AM$6)+0.5*COUNTIF($C17:$AG17,AM$6&"H")+0.5*COUNTIF($C17:$AG17,"H"&AM$6) -> 0
A18: 12 | B18: =VLOOKUP(A18,YearToDate!$A$8:$B$39,2,0) | AH18: =COUNTIF($C18:$AG18,AH$6)+0.5*COUNTIF($C18:$AG18,AH$6&"H")+0.5*COUNTIF($C18:$AG18,"H"&AH$6) -> 0 | AI18: =COUNTIF($C18:$AG18,AI$6)+0.5*COUNTIF($C18:$AG18,AI$6&"H")+0.5*COUNTIF($C18:$AG18,"H"&AI$6) -> 0 | AJ18: =COUNTIF($C18:$AG18,AJ$6)+0.5*COUNTIF($C18:$AG18,AJ$6&"H")+0.5*COUNTIF($C18:$AG18,"H"&AJ$6) -> 0 | AK18: =COUNTIF($C18:$AG18,AK$6)+0.5*COUNTIF($C18:$AG18,AK$6&"H")+0.5*COUNTIF($C18:$AG18,"H"&AK$6) -> 0 | AL18: =COUNTIF($C18:$AG18,AL$6)+0.5*COUNTIF($C18:$AG18,AL$6&"H")+0.5*COUNTIF($C18:$AG18,"H"&AL$6) -> 0 | AM18: =COUNTIF($C18:$AG18,AM$6)+0.5*COUNTIF($C18:$AG18,AM$6&"H")+0.5*COUNTIF($C18:$AG18,"H"&AM$6) -> 0
... A36: 30 | B36: =VLOOKUP(A36,YearToDate!$A$8:$B$39,2,0) | AH36: =COUNTIF($C36:$AG36,AH$6)+0.5*COUNTIF($C36:$AG36,AH$6&"H")+0.5*COUNTIF($C36:$AG36,"H"&AH$6) -> 0 | AI36: =COUNTIF($C36:$AG36,AI$6)+0.5*COUNTIF($C36:$AG36,AI$6&"H")+0.5*COUNTIF($C36:$AG36,"H"&AI$6) -> 0 | AJ36: =COUNTIF($C36:$AG36,AJ$6)+0.5*COUNTIF($C36:$AG36,AJ$6&"H")+0.5*COUNTIF($C36:$AG36,"H"&AJ$6) -> 0 | AK36: =COUNTIF($C36:$AG36,AK$6)+0.5*COUNTIF($C36:$AG36,AK$6&"H")+0.5*COUNTIF($C36:$AG36,"H"&AK$6) -> 0 | AL36: =COUNTIF($C36:$AG36,AL$6)+0.5*COUNTIF($C36:$AG36,AL$6&"H")+0.5*COUNTIF($C36:$AG36,"H"&AL$6) -> 0 | AM36: =COUNTIF($C36:$AG36,AM$6)+0.5*COUNTIF($C36:$AG36,AM$6&"H")+0.5*COUNTIF($C36:$AG36,"H"&AM$6) -> 0
AG38: [42] | AH38: =SUM(AH7:AH37) -> 0 | AI38: =SUM(AI7:AI37) -> 0 | AJ38: =SUM(AJ7:AJ37) -> 0 | AK38: =SUM(AK7:AK37) -> 0 | AL38: =SUM(AL7:AL37) -> 0 | AM38: =SUM(AM7:AM37) -> 0

Sheet Jun
A1: ="June "&YearToDate!$B$3 -> June 2025 | AM1: Employee Leave Tracker
A4: Employee | C4: =YearToDate!$A$5 -> V = Vacation, S = Sick, P = Personal, D = Disability, O = Other Paid, U = Unpaid | AH4: Totals
C5: =IF(C6="","",INDEX({"Su";"M";"Tu";"W";"Th";"F";"Sa"},WEEKDAY(C6,1))) -> Su | D5: =IF(D6="","",INDEX({"Su";"M";"Tu";"W";"Th";"F";"Sa"},WEEKDAY(D6,1))) -> M | E5: =IF(E6="","",INDEX({"Su";"M";"Tu";"W";"Th";"F";"Sa"},WEEKDAY(E6,1))) -> Tu | F5: =IF(F6="","",INDEX({"Su";"M";"Tu";"W";"Th";"F";"Sa"},WEEKDAY(F6,1))) -> W | G5: =IF(G6="","",INDEX({"Su";"M";"Tu";"W";"Th";"F";"Sa"},WEEKDAY(G6,1))) -> Th | H5: =IF(H6="","",INDEX({"Su";"M";"Tu";"W";"Th";"F";"Sa"},WEEKDAY(H6,1))) -> F | I5: =IF(I6="","",INDEX({"Su";"M";"Tu";"W";"Th";"F";"Sa"},WEEKDAY(I6,1))) -> Sa | J5: =IF(J6="","",INDEX({"Su";"M";"Tu";"W";"Th";"F";"Sa"},WEEKDAY(J6,1))) -> Su | ... AG5: =IF(AG6="","",INDEX({"Su";"M";"Tu";"W";"Th";"F";"Sa"},WEEKDAY(AG6,1)))
A6: ID | B6: Name | C6: =DATE(YearToDate!$B$3,6,1) -> 45809 | D6: =C6+1 -> 45810 | E6: =D6+1 -> 45811 | F6: =E6+1 -> 45812 | G6: =F6+1 -> 45813 | H6: =G6+1 -> 45814 | I6: =H6+1 -> 45815 | J6: =I6+1 -> 45816 | K6: =J6+1 -> 45817 | ... AD6: =AC6+1 -> 45836 | AE6: =IF(MONTH($AD6+1)>MONTH($C$6),"",$AD6+1) -> 45837 | AF6: =IF(MONTH($AD6+2)>MONTH($C$6),"",$AD6+2) -> 45838 | AG6: =IF(MONTH($AD6+3)>MONTH($C$6),"",$AD6+3) | AH6: =YearToDate!C8 -> V | AI6: =YearToDate!D8 -> S | AJ6: =YearToDate!E8 -> P | AK6: =YearToDate!F8 -> D | AL6: =YearToDate!G8 -> O | AM6: =YearToDate!H8 -> U
A7: 1 | B7: =VLOOKUP(A7,YearToDate!$A$8:$B$39,2,0) -> Name 1 | AH7: =COUNTIF($C7:$AG7,AH$6)+0.5*COUNTIF($C7:$AG7,AH$6&"H")+0.5*COUNTIF($C7:$AG7,"H"&AH$6) -> 0 | AI7: =COUNTIF($C7:$AG7,AI$6)+0.5*COUNTIF($C7:$AG7,AI$6&"H")+0.5*COUNTIF($C7:$AG7,"H"&AI$6) -> 0 | AJ7: =COUNTIF($C7:$AG7,AJ$6)+0.5*COUNTIF($C7:$AG7,AJ$6&"H")+0.5*COUNTIF($C7:$AG7,"H"&AJ$6) -> 0 | AK7: =COUNTIF($C7:$AG7,AK$6)+0.5*COUNTIF($C7:$AG7,AK$6&"H")+0.5*COUNTIF($C7:$AG7,"H"&AK$6) -> 0 | AL7: =COUNTIF($C7:$AG7,AL$6)+0.5*COUNTIF($C7:$AG7,AL$6&"H")+0.5*COUNTIF($C7:$AG7,"H"&AL$6) -> 0 | AM7: =COUNTIF($C7:$AG7,AM$6)+0.5*COUNTIF($C7:$AG7,AM$6&"H")+0.5*COUNTIF($C7:$AG7,"H"&AM$6) -> 0
A8: 2 | B8: =VLOOKUP(A8,YearToDate!$A$8:$B$39,2,0) -> Name 2 | AH8: =COUNTIF($C8:$AG8,AH$6)+0.5*COUNTIF($C8:$AG8,AH$6&"H")+0.5*COUNTIF($C8:$AG8,"H"&AH$6) -> 0 | AI8: =COUNTIF($C8:$AG8,AI$6)+0.5*COUNTIF($C8:$AG8,AI$6&"H")+0.5*COUNTIF($C8:$AG8,"H"&AI$6) -> 0 | AJ8: =COUNTIF($C8:$AG8,AJ$6)+0.5*COUNTIF($C8:$AG8,AJ$6&"H")+0.5*COUNTIF($C8:$AG8,"H"&AJ$6) -> 0 | AK8: =COUNTIF($C8:$AG8,AK$6)+0.5*COUNTIF($C8:$AG8,AK$6&"H")+0.5*COUNTIF($C8:$AG8,"H"&AK$6) -> 0 | AL8: =COUNTIF($C8:$AG8,AL$6)+0.5*COUNTIF($C8:$AG8,AL$6&"H")+0.5*COUNTIF($C8:$AG8,"H"&AL$6) -> 0 | AM8: =COUNTIF($C8:$AG8,AM$6)+0.5*COUNTIF($C8:$AG8,AM$6&"H")+0.5*COUNTIF($C8:$AG8,"H"&AM$6) -> 0
A9: 3 | B9: =VLOOKUP(A9,YearToDate!$A$8:$B$39,2,0) -> Name 3 | AH9: =COUNTIF($C9:$AG9,AH$6)+0.5*COUNTIF($C9:$AG9,AH$6&"H")+0.5*COUNTIF($C9:$AG9,"H"&AH$6) -> 0 | AI9: =COUNTIF($C9:$AG9,AI$6)+0.5*COUNTIF($C9:$AG9,AI$6&"H")+0.5*COUNTIF($C9:$AG9,"H"&AI$6) -> 0 | AJ9: =COUNTIF($C9:$AG9,AJ$6)+0.5*COUNTIF($C9:$AG9,AJ$6&"H")+0.5*COUNTIF($C9:$AG9,"H"&AJ$6) -> 0 | AK9: =COUNTIF($C9:$AG9,AK$6)+0.5*COUNTIF($C9:$AG9,AK$6&"H")+0.5*COUNTIF($C9:$AG9,"H"&AK$6) -> 0 | AL9: =COUNTIF($C9:$AG9,AL$6)+0.5*COUNTIF($C9:$AG9,AL$6&"H")+0.5*COUNTIF($C9:$AG9,"H"&AL$6) -> 0 | AM9: =COUNTIF($C9:$AG9,AM$6)+0.5*COUNTIF($C9:$AG9,AM$6&"H")+0.5*COUNTIF($C9:$AG9,"H"&AM$6) -> 0
A10: 4 | B10: =VLOOKUP(A10,YearToDate!$A$8:$B$39,2,0) -> Name 4 | AH10: =COUNTIF($C10:$AG10,AH$6)+0.5*COUNTIF($C10:$AG10,AH$6&"H")+0.5*COUNTIF($C10:$AG10,"H"&AH$6) -> 0 | AI10: =COUNTIF($C10:$AG10,AI$6)+0.5*COUNTIF($C10:$AG10,AI$6&"H")+0.5*COUNTIF($C10:$AG10,"H"&AI$6) -> 0 | AJ10: =COUNTIF($C10:$AG10,AJ$6)+0.5*COUNTIF($C10:$AG10,AJ$6&"H")+0.5*COUNTIF($C10:$AG10,"H"&AJ$6) -> 0 | AK10: =COUNTIF($C10:$AG10,AK$6)+0.5*COUNTIF($C10:$AG10,AK$6&"H")+0.5*COUNTIF($C10:$AG10,"H"&AK$6) -> 0 | AL10: =COUNTIF($C10:$AG10,AL$6)+0.5*COUNTIF($C10:$AG10,AL$6&"H")+0.5*COUNTIF($C10:$AG10,"H"&AL$6) -> 0 | AM10: =COUNTIF($C10:$AG10,AM$6)+0.5*COUNTIF($C10:$AG10,AM$6&"H")+0.5*COUNTIF($C10:$AG10,"H"&AM$6) -> 0
A11: 5 | B11: =VLOOKUP(A11,YearToDate!$A$8:$B$39,2,0) -> Name 5 | AH11: =COUNTIF($C11:$AG11,AH$6)+0.5*COUNTIF($C11:$AG11,AH$6&"H")+0.5*COUNTIF($C11:$AG11,"H"&AH$6) -> 0 | AI11: =COUNTIF($C11:$AG11,AI$6)+0.5*COUNTIF($C11:$AG11,AI$6&"H")+0.5*COUNTIF($C11:$AG11,"H"&AI$6) -> 0 | AJ11: =COUNTIF($C11:$AG11,AJ$6)+0.5*COUNTIF($C11:$AG11,AJ$6&"H")+0.5*COUNTIF($C11:$AG11,"H"&AJ$6) -> 0 | AK11: =COUNTIF($C11:$AG11,AK$6)+0.5*COUNTIF($C11:$AG11,AK$6&"H")+0.5*COUNTIF($C11:$AG11,"H"&AK$6) -> 0 | AL11: =COUNTIF($C11:$AG11,AL$6)+0.5*COUNTIF($C11:$AG11,AL$6&"H")+0.5*COUNTIF($C11:$AG11,"H"&AL$6) -> 0 | AM11: =COUNTIF($C11:$AG11,AM$6)+0.5*COUNTIF($C11:$AG11,AM$6&"H")+0.5*COUNTIF($C11:$AG11,"H"&AM$6) -> 0
A12: 6 | B12: =VLOOKUP(A12,YearToDate!$A$8:$B$39,2,0) | AH12: =COUNTIF($C12:$AG12,AH$6)+0.5*COUNTIF($C12:$AG12,AH$6&"H")+0.5*COUNTIF($C12:$AG12,"H"&AH$6) -> 0 | AI12: =COUNTIF($C12:$AG12,AI$6)+0.5*COUNTIF($C12:$AG12,AI$6&"H")+0.5*COUNTIF($C12:$AG12,"H"&AI$6) -> 0 | AJ12: =COUNTIF($C12:$AG12,AJ$6)+0.5*COUNTIF($C12:$AG12,AJ$6&"H")+0.5*COUNTIF($C12:$AG12,"H"&AJ$6) -> 0 | AK12: =COUNTIF($C12:$AG12,AK$6)+0.5*COUNTIF($C12:$AG12,AK$6&"H")+0.5*COUNTIF($C12:$AG12,"H"&AK$6) -> 0 | AL12: =COUNTIF($C12:$AG12,AL$6)+0.5*COUNTIF($C12:$AG12,AL$6&"H")+0.5*COUNTIF($C12:$AG12,"H"&AL$6) -> 0 | AM12: =COUNTIF($C12:$AG12,AM$6)+0.5*COUNTIF($C12:$AG12,AM$6&"H")+0.5*COUNTIF($C12:$AG12,"H"&AM$6) -> 0
A13: 7 | B13: =VLOOKUP(A13,YearToDate!$A$8:$B$39,2,0) | AH13: =COUNTIF($C13:$AG13,AH$6)+0.5*COUNTIF($C13:$AG13,AH$6&"H")+0.5*COUNTIF($C13:$AG13,"H"&AH$6) -> 0 | AI13: =COUNTIF($C13:$AG13,AI$6)+0.5*COUNTIF($C13:$AG13,AI$6&"H")+0.5*COUNTIF($C13:$AG13,"H"&AI$6) -> 0 | AJ13: =COUNTIF($C13:$AG13,AJ$6)+0.5*COUNTIF($C13:$AG13,AJ$6&"H")+0.5*COUNTIF($C13:$AG13,"H"&AJ$6) -> 0 | AK13: =COUNTIF($C13:$AG13,AK$6)+0.5*COUNTIF($C13:$AG13,AK$6&"H")+0.5*COUNTIF($C13:$AG13,"H"&AK$6) -> 0 | AL13: =COUNTIF($C13:$AG13,AL$6)+0.5*COUNTIF($C13:$AG13,AL$6&"H")+0.5*COUNTIF($C13:$AG13,"H"&AL$6) -> 0 | AM13: =COUNTIF($C13:$AG13,AM$6)+0.5*COUNTIF($C13:$AG13,AM$6&"H")+0.5*COUNTIF($C13:$AG13,"H"&AM$6) -> 0
A14: 8 | B14: =VLOOKUP(A14,YearToDate!$A$8:$B$39,2,0) | AH14: =COUNTIF($C14:$AG14,AH$6)+0.5*COUNTIF($C14:$AG14,AH$6&"H")+0.5*COUNTIF($C14:$AG14,"H"&AH$6) -> 0 | AI14: =COUNTIF($C14:$AG14,AI$6)+0.5*COUNTIF($C14:$AG14,AI$6&"H")+0.5*COUNTIF($C14:$AG14,"H"&AI$6) -> 0 | AJ14: =COUNTIF($C14:$AG14,AJ$6)+0.5*COUNTIF($C14:$AG14,AJ$6&"H")+0.5*COUNTIF($C14:$AG14,"H"&AJ$6) -> 0 | AK14: =COUNTIF($C14:$AG14,AK$6)+0.5*COUNTIF($C14:$AG14,AK$6&"H")+0.5*COUNTIF($C14:$AG14,"H"&AK$6) -> 0 | AL14: =COUNTIF($C14:$AG14,AL$6)+0.5*COUNTIF($C14:$AG14,AL$6&"H")+0.5*COUNTIF($C14:$AG14,"H"&AL$6) -> 0 | AM14: =COUNTIF($C14:$AG14,AM$6)+0.5*COUNTIF($C14:$AG14,AM$6&"H")+0.5*COUNTIF($C14:$AG14,"H"&AM$6) -> 0
A15: 9 | B15: =VLOOKUP(A15,YearToDate!$A$8:$B$39,2,0) | AH15: =COUNTIF($C15:$AG15,AH$6)+0.5*COUNTIF($C15:$AG15,AH$6&"H")+0.5*COUNTIF($C15:$AG15,"H"&AH$6) -> 0 | AI15: =COUNTIF($C15:$AG15,AI$6)+0.5*COUNTIF($C15:$AG15,AI$6&"H")+0.5*COUNTIF($C15:$AG15,"H"&AI$6) -> 0 | AJ15: =COUNTIF($C15:$AG15,AJ$6)+0.5*COUNTIF($C15:$AG15,AJ$6&"H")+0.5*COUNTIF($C15:$AG15,"H"&AJ$6) -> 0 | AK15: =COUNTIF($C15:$AG15,AK$6)+0.5*COUNTIF($C15:$AG15,AK$6&"H")+0.5*COUNTIF($C15:$AG15,"H"&AK$6) -> 0 | AL15: =COUNTIF($C15:$AG15,AL$6)+0.5*COUNTIF($C15:$AG15,AL$6&"H")+0.5*COUNTIF($C15:$AG15,"H"&AL$6) -> 0 | AM15: =COUNTIF($C15:$AG15,AM$6)+0.5*COUNTIF($C15:$AG15,AM$6&"H")+0.5*COUNTIF($C15:$AG15,"H"&AM$6) -> 0
A16: 10 | B16: =VLOOKUP(A16,YearToDate!$A$8:$B$39,2,0) | AH16: =COUNTIF($C16:$AG16,AH$6)+0.5*COUNTIF($C16:$AG16,AH$6&"H")+0.5*COUNTIF($C16:$AG16,"H"&AH$6) -> 0 | AI16: =COUNTIF($C16:$AG16,AI$6)+0.5*COUNTIF($C16:$AG16,AI$6&"H")+0.5*COUNTIF($C16:$AG16,"H"&AI$6) -> 0 | AJ16: =COUNTIF($C16:$AG16,AJ$6)+0.5*COUNTIF($C16:$AG16,AJ$6&"H")+0.5*COUNTIF($C16:$AG16,"H"&AJ$6) -> 0 | AK16: =COUNTIF($C16:$AG16,AK$6)+0.5*COUNTIF($C16:$AG16,AK$6&"H")+0.5*COUNTIF($C16:$AG16,"H"&AK$6) -> 0 | AL16: =COUNTIF($C16:$AG16,AL$6)+0.5*COUNTIF($C16:$AG16,AL$6&"H")+0.5*COUNTIF($C16:$AG16,"H"&AL$6) -> 0 | AM16: =COUNTIF($C16:$AG16,AM$6)+0.5*COUNTIF($C16:$AG16,AM$6&"H")+0.5*COUNTIF($C16:$AG16,"H"&AM$6) -> 0
A17: 11 | B17: =VLOOKUP(A17,YearToDate!$A$8:$B$39,2,0) | AH17: =COUNTIF($C17:$AG17,AH$6)+0.5*COUNTIF($C17:$AG17,AH$6&"H")+0.5*COUNTIF($C17:$AG17,"H"&AH$6) -> 0 | AI17: =COUNTIF($C17:$AG17,AI$6)+0.5*COUNTIF($C17:$AG17,AI$6&"H")+0.5*COUNTIF($C17:$AG17,"H"&AI$6) -> 0 | AJ17: =COUNTIF($C17:$AG17,AJ$6)+0.5*COUNTIF($C17:$AG17,AJ$6&"H")+0.5*COUNTIF($C17:$AG17,"H"&AJ$6) -> 0 | AK17: =COUNTIF($C17:$AG17,AK$6)+0.5*COUNTIF($C17:$AG17,AK$6&"H")+0.5*COUNTIF($C17:$AG17,"H"&AK$6) -> 0 | AL17: =COUNTIF($C17:$AG17,AL$6)+0.5*COUNTIF($C17:$AG17,AL$6&"H")+0.5*COUNTIF($C17:$AG17,"H"&AL$6) -> 0 | AM17: =COUNTIF($C17:$AG17,AM$6)+0.5*COUNTIF($C17:$AG17,AM$6&"H")+0.5*COUNTIF($C17:$AG17,"H"&AM$6) -> 0
A18: 12 | B18: =VLOOKUP(A18,YearToDate!$A$8:$B$39,2,0) | AH18: =COUNTIF($C18:$AG18,AH$6)+0.5*COUNTIF($C18:$AG18,AH$6&"H")+0.5*COUNTIF($C18:$AG18,"H"&AH$6) -> 0 | AI18: =COUNTIF($C18:$AG18,AI$6)+0.5*COUNTIF($C18:$AG18,AI$6&"H")+0.5*COUNTIF($C18:$AG18,"H"&AI$6) -> 0 | AJ18: =COUNTIF($C18:$AG18,AJ$6)+0.5*COUNTIF($C18:$AG18,AJ$6&"H")+0.5*COUNTIF($C18:$AG18,"H"&AJ$6) -> 0 | AK18: =COUNTIF($C18:$AG18,AK$6)+0.5*COUNTIF($C18:$AG18,AK$6&"H")+0.5*COUNTIF($C18:$AG18,"H"&AK$6) -> 0 | AL18: =COUNTIF($C18:$AG18,AL$6)+0.5*COUNTIF($C18:$AG18,AL$6&"H")+0.5*COUNTIF($C18:$AG18,"H"&AL$6) -> 0 | AM18: =COUNTIF($C18:$AG18,AM$6)+0.5*COUNTIF($C18:$AG18,AM$6&"H")+0.5*COUNTIF($C18:$AG18,"H"&AM$6) -> 0
... A36: 30 | B36: =VLOOKUP(A36,YearToDate!$A$8:$B$39,2,0) | AH36: =COUNTIF($C36:$AG36,AH$6)+0.5*COUNTIF($C36:$AG36,AH$6&"H")+0.5*COUNTIF($C36:$AG36,"H"&AH$6) -> 0 | AI36: =COUNTIF($C36:$AG36,AI$6)+0.5*COUNTIF($C36:$AG36,AI$6&"H")+0.5*COUNTIF($C36:$AG36,"H"&AI$6) -> 0 | AJ36: =COUNTIF($C36:$AG36,AJ$6)+0.5*COUNTIF($C36:$AG36,AJ$6&"H")+0.5*COUNTIF($C36:$AG36,"H"&AJ$6) -> 0 | AK36: =COUNTIF($C36:$AG36,AK$6)+0.5*COUNTIF($C36:$AG36,AK$6&"H")+0.5*COUNTIF($C36:$AG36,"H"&AK$6) -> 0 | AL36: =COUNTIF($C36:$AG36,AL$6)+0.5*COUNTIF($C36:$AG36,AL$6&"H")+0.5*COUNTIF($C36:$AG36,"H"&AL$6) -> 0 | AM36: =COUNTIF($C36:$AG36,AM$6)+0.5*COUNTIF($C36:$AG36,AM$6&"H")+0.5*COUNTIF($C36:$AG36,"H"&AM$6) -> 0
AG38: [42] | AH38: =SUM(AH7:AH37) -> 0 | AI38: =SUM(AI7:AI37) -> 0 | AJ38: =SUM(AJ7:AJ37) -> 0 | AK38: =SUM(AK7:AK37) -> 0 | AL38: =SUM(AL7:AL37) -> 0 | AM38: =SUM(AM7:AM37) -> 0

Sheet Jul
A1: ="July "&YearToDate!$B$3 -> July 2025 | AM1: Employee Leave Tracker
A4: Employee | C4: =YearToDate!$A$5 -> V = Vacation, S = Sick, P = Personal, D = Disability, O = Other Paid, U = Unpaid | AH4: Totals
C5: =IF(C6="","",INDEX({"Su";"M";"Tu";"W";"Th";"F";"Sa"},WEEKDAY(C6,1))) -> Tu | D5: =IF(D6="","",INDEX({"Su";"M";"Tu";"W";"Th";"F";"Sa"},WEEKDAY(D6,1))) -> W | E5: =IF(E6="","",INDEX({"Su";"M";"Tu";"W";"Th";"F";"Sa"},WEEKDAY(E6,1))) -> Th | F5: =IF(F6="","",INDEX({"Su";"M";"Tu";"W";"Th";"F";"Sa"},WEEKDAY(F6,1))) -> F | G5: =IF(G6="","",INDEX({"Su";"M";"Tu";"W";"Th";"F";"Sa"},WEEKDAY(G6,1))) -> Sa | H5: =IF(H6="","",INDEX({"Su";"M";"Tu";"W";"Th";"F";"Sa"},WEEKDAY(H6,1))) -> Su | I5: =IF(I6="","",INDEX({"Su";"M";"Tu";"W";"Th";"F";"Sa"},WEEKDAY(I6,1))) -> M | J5: =IF(J6="","",INDEX({"Su";"M";"Tu";"W";"Th";"F";"Sa"},WEEKDAY(J6,1))) -> Tu | ... AG5: =IF(AG6="","",INDEX({"Su";"M";"Tu";"W";"Th";"F";"Sa"},WEEKDAY(AG6,1))) -> Th
A6: ID | B6: Name | C6: =DATE(YearToDate!$B$3,7,1) -> 45839 | D6: =C6+1 -> 45840 | E6: =D6+1 -> 45841 | F6: =E6+1 -> 45842 | G6: =F6+1 -> 45843 | H6: =G6+1 -> 45844 | I6: =H6+1 -> 45845 | J6: =I6+1 -> 45846 | K6: =J6+1 -> 45847 | ... AD6: =AC6+1 -> 45866 | AE6: =IF(MONTH($AD6+1)>MONTH($C$6),"",$AD6+1) -> 45867 | AF6: =IF(MONTH($AD6+2)>MONTH($C$6),"",$AD6+2) -> 45868 | AG6: =IF(MONTH($AD6+3)>MONTH($C$6),"",$AD6+3) -> 45869 | AH6: =YearToDate!C8 -> V | AI6: =YearToDate!D8 -> S | AJ6: =YearToDate!E8 -> P | AK6: =YearToDate!F8 -> D | AL6: =YearToDate!G8 -> O | AM6: =YearToDate!H8 -> U
A7: 1 | B7: =VLOOKUP(A7,YearToDate!$A$8:$B$39,2,0) -> Name 1 | AH7: =COUNTIF($C7:$AG7,AH$6)+0.5*COUNTIF($C7:$AG7,AH$6&"H")+0.5*COUNTIF($C7:$AG7,"H"&AH$6) -> 0 | AI7: =COUNTIF($C7:$AG7,AI$6)+0.5*COUNTIF($C7:$AG7,AI$6&"H")+0.5*COUNTIF($C7:$AG7,"H"&AI$6) -> 0 | AJ7: =COUNTIF($C7:$AG7,AJ$6)+0.5*COUNTIF($C7:$AG7,AJ$6&"H")+0.5*COUNTIF($C7:$AG7,"H"&AJ$6) -> 0 | AK7: =COUNTIF($C7:$AG7,AK$6)+0.5*COUNTIF($C7:$AG7,AK$6&"H")+0.5*COUNTIF($C7:$AG7,"H"&AK$6) -> 0 | AL7: =COUNTIF($C7:$AG7,AL$6)+0.5*COUNTIF($C7:$AG7,AL$6&"H")+0.5*COUNTIF($C7:$AG7,"H"&AL$6) -> 0 | AM7: =COUNTIF($C7:$AG7,AM$6)+0.5*COUNTIF($C7:$AG7,AM$6&"H")+0.5*COUNTIF($C7:$AG7,"H"&AM$6) -> 0
A8: 2 | B8: =VLOOKUP(A8,YearToDate!$A$8:$B$39,2,0) -> Name 2 | AH8: =COUNTIF($C8:$AG8,AH$6)+0.5*COUNTIF($C8:$AG8,AH$6&"H")+0.5*COUNTIF($C8:$AG8,"H"&AH$6) -> 0 | AI8: =COUNTIF($C8:$AG8,AI$6)+0.5*COUNTIF($C8:$AG8,AI$6&"H")+0.5*COUNTIF($C8:$AG8,"H"&AI$6) -> 0 | AJ8: =COUNTIF($C8:$AG8,AJ$6)+0.5*COUNTIF($C8:$AG8,AJ$6&"H")+0.5*COUNTIF($C8:$AG8,"H"&AJ$6) -> 0 | AK8: =COUNTIF($C8:$AG8,AK$6)+0.5*COUNTIF($C8:$AG8,AK$6&"H")+0.5*COUNTIF($C8:$AG8,"H"&AK$6) -> 0 | AL8: =COUNTIF($C8:$AG8,AL$6)+0.5*COUNTIF($C8:$AG8,AL$6&"H")+0.5*COUNTIF($C8:$AG8,"H"&AL$6) -> 0 | AM8: =COUNTIF($C8:$AG8,AM$6)+0.5*COUNTIF($C8:$AG8,AM$6&"H")+0.5*COUNTIF($C8:$AG8,"H"&AM$6) -> 0
A9: 3 | B9: =VLOOKUP(A9,YearToDate!$A$8:$B$39,2,0) -> Name 3 | AH9: =COUNTIF($C9:$AG9,AH$6)+0.5*COUNTIF($C9:$AG9,AH$6&"H")+0.5*COUNTIF($C9:$AG9,"H"&AH$6) -> 0 | AI9: =COUNTIF($C9:$AG9,AI$6)+0.5*COUNTIF($C9:$AG9,AI$6&"H")+0.5*COUNTIF($C9:$AG9,"H"&AI$6) -> 0 | AJ9: =COUNTIF($C9:$AG9,AJ$6)+0.5*COUNTIF($C9:$AG9,AJ$6&"H")+0.5*COUNTIF($C9:$AG9,"H"&AJ$6) -> 0 | AK9: =COUNTIF($C9:$AG9,AK$6)+0.5*COUNTIF($C9:$AG9,AK$6&"H")+0.5*COUNTIF($C9:$AG9,"H"&AK$6) -> 0 | AL9: =COUNTIF($C9:$AG9,AL$6)+0.5*COUNTIF($C9:$AG9,AL$6&"H")+0.5*COUNTIF($C9:$AG9,"H"&AL$6) -> 0 | AM9: =COUNTIF($C9:$AG9,AM$6)+0.5*COUNTIF($C9:$AG9,AM$6&"H")+0.5*COUNTIF($C9:$AG9,"H"&AM$6) -> 0
A10: 4 | B10: =VLOOKUP(A10,YearToDate!$A$8:$B$39,2,0) -> Name 4 | AH10: =COUNTIF($C10:$AG10,AH$6)+0.5*COUNTIF($C10:$AG10,AH$6&"H")+0.5*COUNTIF($C10:$AG10,"H"&AH$6) -> 0 | AI10: =COUNTIF($C10:$AG10,AI$6)+0.5*COUNTIF($C10:$AG10,AI$6&"H")+0.5*COUNTIF($C10:$AG10,"H"&AI$6) -> 0 | AJ10: =COUNTIF($C10:$AG10,AJ$6)+0.5*COUNTIF($C10:$AG10,AJ$6&"H")+0.5*COUNTIF($C10:$AG10,"H"&AJ$6) -> 0 | AK10: =COUNTIF($C10:$AG10,AK$6)+0.5*COUNTIF($C10:$AG10,AK$6&"H")+0.5*COUNTIF($C10:$AG10,"H"&AK$6) -> 0 | AL10: =COUNTIF($C10:$AG10,AL$6)+0.5*COUNTIF($C10:$AG10,AL$6&"H")+0.5*COUNTIF($C10:$AG10,"H"&AL$6) -> 0 | AM10: =COUNTIF($C10:$AG10,AM$6)+0.5*COUNTIF($C10:$AG10,AM$6&"H")+0.5*COUNTIF($C10:$AG10,"H"&AM$6) -> 0
A11: 5 | B11: =VLOOKUP(A11,YearToDate!$A$8:$B$39,2,0) -> Name 5 | AH11: =COUNTIF($C11:$AG11,AH$6)+0.5*COUNTIF($C11:$AG11,AH$6&"H")+0.5*COUNTIF($C11:$AG11,"H"&AH$6) -> 0 | AI11: =COUNTIF($C11:$AG11,AI$6)+0.5*COUNTIF($C11:$AG11,AI$6&"H")+0.5*COUNTIF($C11:$AG11,"H"&AI$6) -> 0 | AJ11: =COUNTIF($C11:$AG11,AJ$6)+0.5*COUNTIF($C11:$AG11,AJ$6&"H")+0.5*COUNTIF($C11:$AG11,"H"&AJ$6) -> 0 | AK11: =COUNTIF($C11:$AG11,AK$6)+0.5*COUNTIF($C11:$AG11,AK$6&"H")+0.5*COUNTIF($C11:$AG11,"H"&AK$6) -> 0 | AL11: =COUNTIF($C11:$AG11,AL$6)+0.5*COUNTIF($C11:$AG11,AL$6&"H")+0.5*COUNTIF($C11:$AG11,"H"&AL$6) -> 0 | AM11: =COUNTIF($C11:$AG11,AM$6)+0.5*COUNTIF($C11:$AG11,AM$6&"H")+0.5*COUNTIF($C11:$AG11,"H"&AM$6) -> 0
A12: 6 | B12: =VLOOKUP(A12,YearToDate!$A$8:$B$39,2,0) | AH12: =COUNTIF($C12:$AG12,AH$6)+0.5*COUNTIF($C12:$AG12,AH$6&"H")+0.5*COUNTIF($C12:$AG12,"H"&AH$6) -> 0 | AI12: =COUNTIF($C12:$AG12,AI$6)+0.5*COUNTIF($C12:$AG12,AI$6&"H")+0.5*COUNTIF($C12:$AG12,"H"&AI$6) -> 0 | AJ12: =COUNTIF($C12:$AG12,AJ$6)+0.5*COUNTIF($C12:$AG12,AJ$6&"H")+0.5*COUNTIF($C12:$AG12,"H"&AJ$6) -> 0 | AK12: =COUNTIF($C12:$AG12,AK$6)+0.5*COUNTIF($C12:$AG12,AK$6&"H")+0.5*COUNTIF($C12:$AG12,"H"&AK$6) -> 0 | AL12: =COUNTIF($C12:$AG12,AL$6)+0.5*COUNTIF($C12:$AG12,AL$6&"H")+0.5*COUNTIF($C12:$AG12,"H"&AL$6) -> 0 | AM12: =COUNTIF($C12:$AG12,AM$6)+0.5*COUNTIF($C12:$AG12,AM$6&"H")+0.5*COUNTIF($C12:$AG12,"H"&AM$6) -> 0
A13: 7 | B13: =VLOOKUP(A13,YearToDate!$A$8:$B$39,2,0) | AH13: =COUNTIF($C13:$AG13,AH$6)+0.5*COUNTIF($C13:$AG13,AH$6&"H")+0.5*COUNTIF($C13:$AG13,"H"&AH$6) -> 0 | AI13: =COUNTIF($C13:$AG13,AI$6)+0.5*COUNTIF($C13:$AG13,AI$6&"H")+0.5*COUNTIF($C13:$AG13,"H"&AI$6) -> 0 | AJ13: =COUNTIF($C13:$AG13,AJ$6)+0.5*COUNTIF($C13:$AG13,AJ$6&"H")+0.5*COUNTIF($C13:$AG13,"H"&AJ$6) -> 0 | AK13: =COUNTIF($C13:$AG13,AK$6)+0.5*COUNTIF($C13:$AG13,AK$6&"H")+0.5*COUNTIF($C13:$AG13,"H"&AK$6) -> 0 | AL13: =COUNTIF($C13:$AG13,AL$6)+0.5*COUNTIF($C13:$AG13,AL$6&"H")+0.5*COUNTIF($C13:$AG13,"H"&AL$6) -> 0 | AM13: =COUNTIF($C13:$AG13,AM$6)+0.5*COUNTIF($C13:$AG13,AM$6&"H")+0.5*COUNTIF($C13:$AG13,"H"&AM$6) -> 0
A14: 8 | B14: =VLOOKUP(A14,YearToDate!$A$8:$B$39,2,0) | AH14: =COUNTIF($C14:$AG14,AH$6)+0.5*COUNTIF($C14:$AG14,AH$6&"H")+0.5*COUNTIF($C14:$AG14,"H"&AH$6) -> 0 | AI14: =COUNTIF($C14:$AG14,AI$6)+0.5*COUNTIF($C14:$AG14,AI$6&"H")+0.5*COUNTIF($C14:$AG14,"H"&AI$6) -> 0 | AJ14: =COUNTIF($C14:$AG14,AJ$6)+0.5*COUNTIF($C14:$AG14,AJ$6&"H")+0.5*COUNTIF($C14:$AG14,"H"&AJ$6) -> 0 | AK14: =COUNTIF($C14:$AG14,AK$6)+0.5*COUNTIF($C14:$AG14,AK$6&"H")+0.5*COUNTIF($C14:$AG14,"H"&AK$6) -> 0 | AL14: =COUNTIF($C14:$AG14,AL$6)+0.5*COUNTIF($C14:$AG14,AL$6&"H")+0.5*COUNTIF($C14:$AG14,"H"&AL$6) -> 0 | AM14: =COUNTIF($C14:$AG14,AM$6)+0.5*COUNTIF($C14:$AG14,AM$6&"H")+0.5*COUNTIF($C14:$AG14,"H"&AM$6) -> 0
A15: 9 | B15: =VLOOKUP(A15,YearToDate!$A$8:$B$39,2,0) | AH15: =COUNTIF($C15:$AG15,AH$6)+0.5*COUNTIF($C15:$AG15,AH$6&"H")+0.5*COUNTIF($C15:$AG15,"H"&AH$6) -> 0 | AI15: =COUNTIF($C15:$AG15,AI$6)+0.5*COUNTIF($C15:$AG15,AI$6&"H")+0.5*COUNTIF($C15:$AG15,"H"&AI$6) -> 0 | AJ15: =COUNTIF($C15:$AG15,AJ$6)+0.5*COUNTIF($C15:$AG15,AJ$6&"H")+0.5*COUNTIF($C15:$AG15,"H"&AJ$6) -> 0 | AK15: =COUNTIF($C15:$AG15,AK$6)+0.5*COUNTIF($C15:$AG15,AK$6&"H")+0.5*COUNTIF($C15:$AG15,"H"&AK$6) -> 0 | AL15: =COUNTIF($C15:$AG15,AL$6)+0.5*COUNTIF($C15:$AG15,AL$6&"H")+0.5*COUNTIF($C15:$AG15,"H"&AL$6) -> 0 | AM15: =COUNTIF($C15:$AG15,AM$6)+0.5*COUNTIF($C15:$AG15,AM$6&"H")+0.5*COUNTIF($C15:$AG15,"H"&AM$6) -> 0
A16: 10 | B16: =VLOOKUP(A16,YearToDate!$A$8:$B$39,2,0) | AH16: =COUNTIF($C16:$AG16,AH$6)+0.5*COUNTIF($C16:$AG16,AH$6&"H")+0.5*COUNTIF($C16:$AG16,"H"&AH$6) -> 0 | AI16: =COUNTIF($C16:$AG16,AI$6)+0.5*COUNTIF($C16:$AG16,AI$6&"H")+0.5*COUNTIF($C16:$AG16,"H"&AI$6) -> 0 | AJ16: =COUNTIF($C16:$AG16,AJ$6)+0.5*COUNTIF($C16:$AG16,AJ$6&"H")+0.5*COUNTIF($C16:$AG16,"H"&AJ$6) -> 0 | AK16: =COUNTIF($C16:$AG16,AK$6)+0.5*COUNTIF($C16:$AG16,AK$6&"H")+0.5*COUNTIF($C16:$AG16,"H"&AK$6) -> 0 | AL16: =COUNTIF($C16:$AG16,AL$6)+0.5*COUNTIF($C16:$AG16,AL$6&"H")+0.5*COUNTIF($C16:$AG16,"H"&AL$6) -> 0 | AM16: =COUNTIF($C16:$AG16,AM$6)+0.5*COUNTIF($C16:$AG16,AM$6&"H")+0.5*COUNTIF($C16:$AG16,"H"&AM$6) -> 0
A17: 11 | B17: =VLOOKUP(A17,YearToDate!$A$8:$B$39,2,0) | AH17: =COUNTIF($C17:$AG17,AH$6)+0.5*COUNTIF($C17:$AG17,AH$6&"H")+0.5*COUNTIF($C17:$AG17,"H"&AH$6) -> 0 | AI17: =COUNTIF($C17:$AG17,AI$6)+0.5*COUNTIF($C17:$AG17,AI$6&"H")+0.5*COUNTIF($C17:$AG17,"H"&AI$6) -> 0 | AJ17: =COUNTIF($C17:$AG17,AJ$6)+0.5*COUNTIF($C17:$AG17,AJ$6&"H")+0.5*COUNTIF($C17:$AG17,"H"&AJ$6) -> 0 | AK17: =COUNTIF($C17:$AG17,AK$6)+0.5*COUNTIF($C17:$AG17,AK$6&"H")+0.5*COUNTIF($C17:$AG17,"H"&AK$6) -> 0 | AL17: =COUNTIF($C17:$AG17,AL$6)+0.5*COUNTIF($C17:$AG17,AL$6&"H")+0.5*COUNTIF($C17:$AG17,"H"&AL$6) -> 0 | AM17: =COUNTIF($C17:$AG17,AM$6)+0.5*COUNTIF($C17:$AG17,AM$6&"H")+0.5*COUNTIF($C17:$AG17,"H"&AM$6) -> 0
A18: 12 | B18: =VLOOKUP(A18,YearToDate!$A$8:$B$39,2,0) | AH18: =COUNTIF($C18:$AG18,AH$6)+0.5*COUNTIF($C18:$AG18,AH$6&"H")+0.5*COUNTIF($C18:$AG18,"H"&AH$6) -> 0 | AI18: =COUNTIF($C18:$AG18,AI$6)+0.5*COUNTIF($C18:$AG18,AI$6&"H")+0.5*COUNTIF($C18:$AG18,"H"&AI$6) -> 0 | AJ18: =COUNTIF($C18:$AG18,AJ$6)+0.5*COUNTIF($C18:$AG18,AJ$6&"H")+0.5*COUNTIF($C18:$AG18,"H"&AJ$6) -> 0 | AK18: =COUNTIF($C18:$AG18,AK$6)+0.5*COUNTIF($C18:$AG18,AK$6&"H")+0.5*COUNTIF($C18:$AG18,"H"&AK$6) -> 0 | AL18: =COUNTIF($C18:$AG18,AL$6)+0.5*COUNTIF($C18:$AG18,AL$6&"H")+0.5*COUNTIF($C18:$AG18,"H"&AL$6) -> 0 | AM18: =COUNTIF($C18:$AG18,AM$6)+0.5*COUNTIF($C18:$AG18,AM$6&"H")+0.5*COUNTIF($C18:$AG18,"H"&AM$6) -> 0
... A36: 30 | B36: =VLOOKUP(A36,YearToDate!$A$8:$B$39,2,0) | AH36: =COUNTIF($C36:$AG36,AH$6)+0.5*COUNTIF($C36:$AG36,AH$6&"H")+0.5*COUNTIF($C36:$AG36,"H"&AH$6) -> 0 | AI36: =COUNTIF($C36:$AG36,AI$6)+0.5*COUNTIF($C36:$AG36,AI$6&"H")+0.5*COUNTIF($C36:$AG36,"H"&AI$6) -> 0 | AJ36: =COUNTIF($C36:$AG36,AJ$6)+0.5*COUNTIF($C36:$AG36,AJ$6&"H")+0.5*COUNTIF($C36:$AG36,"H"&AJ$6) -> 0 | AK36: =COUNTIF($C36:$AG36,AK$6)+0.5*COUNTIF($C36:$AG36,AK$6&"H")+0.5*COUNTIF($C36:$AG36,"H"&AK$6) -> 0 | AL36: =COUNTIF($C36:$AG36,AL$6)+0.5*COUNTIF($C36:$AG36,AL$6&"H")+0.5*COUNTIF($C36:$AG36,"H"&AL$6) -> 0 | AM36: =COUNTIF($C36:$AG36,AM$6)+0.5*COUNTIF($C36:$AG36,AM$6&"H")+0.5*COUNTIF($C36:$AG36,"H"&AM$6) -> 0
AG38: [42] | AH38: =SUM(AH7:AH37) -> 0 | AI38: =SUM(AI7:AI37) -> 0 | AJ38: =SUM(AJ7:AJ37) -> 0 | AK38: =SUM(AK7:AK37) -> 0 | AL38: =SUM(AL7:AL37) -> 0 | AM38: =SUM(AM7:AM37) -> 0

Sheet Aug
A1: ="August "&YearToDate!$B$3 -> August 2025 | AM1: Employee Leave Tracker
A4: Employee | C4: =YearToDate!$A$5 -> V = Vacation, S = Sick, P = Personal, D = Disability, O = Other Paid, U = Unpaid | AH4: Totals
C5: =IF(C6="","",INDEX({"Su";"M";"Tu";"W";"Th";"F";"Sa"},WEEKDAY(C6,1))) -> F | D5: =IF(D6="","",INDEX({"Su";"M";"Tu";"W";"Th";"F";"Sa"},WEEKDAY(D6,1))) -> Sa | E5: =IF(E6="","",INDEX({"Su";"M";"Tu";"W";"Th";"F";"Sa"},WEEKDAY(E6,1))) -> Su | F5: =IF(F6="","",INDEX({"Su";"M";"Tu";"W";"Th";"F";"Sa"},WEEKDAY(F6,1))) -> M | G5: =IF(G6="","",INDEX({"Su";"M";"Tu";"W";"Th";"F";"Sa"},WEEKDAY(G6,1))) -> Tu | H5: =IF(H6="","",INDEX({"Su";"M";"Tu";"W";"Th";"F";"Sa"},WEEKDAY(H6,1))) -> W | I5: =IF(I6="","",INDEX({"Su";"M";"Tu";"W";"Th";"F";"Sa"},WEEKDAY(I6,1))) -> Th | J5: =IF(J6="","",INDEX({"Su";"M";"Tu";"W";"Th";"F";"Sa"},WEEKDAY(J6,1))) -> F | ... AG5: =IF(AG6="","",INDEX({"Su";"M";"Tu";"W";"Th";"F";"Sa"},WEEKDAY(AG6,1))) -> Su
A6: ID | B6: Name | C6: =DATE(YearToDate!$B$3,8,1) -> 45870 | D6: =C6+1 -> 45871 | E6: =D6+1 -> 45872 | F6: =E6+1 -> 45873 | G6: =F6+1 -> 45874 | H6: =G6+1 -> 45875 | I6: =H6+1 -> 45876 | J6: =I6+1 -> 45877 | K6: =J6+1 -> 45878 | ... AD6: =AC6+1 -> 45897 | AE6: =IF(MONTH($AD6+1)>MONTH($C$6),"",$AD6+1) -> 45898 | AF6: =IF(MONTH($AD6+2)>MONTH($C$6),"",$AD6+2) -> 45899 | AG6: =IF(MONTH($AD6+3)>MONTH($C$6),"",$AD6+3) -> 45900 | AH6: =YearToDate!C8 -> V | AI6: =YearToDate!D8 -> S | AJ6: =YearToDate!E8 -> P | AK6: =YearToDate!F8 -> D | AL6: =YearToDate!G8 -> O | AM6: =YearToDate!H8 -> U
A7: 1 | B7: =VLOOKUP(A7,YearToDate!$A$8:$B$39,2,0) -> Name 1 | AH7: =COUNTIF($C7:$AG7,AH$6)+0.5*COUNTIF($C7:$AG7,AH$6&"H")+0.5*COUNTIF($C7:$AG7,"H"&AH$6) -> 0 | AI7: =COUNTIF($C7:$AG7,AI$6)+0.5*COUNTIF($C7:$AG7,AI$6&"H")+0.5*COUNTIF($C7:$AG7,"H"&AI$6) -> 0 | AJ7: =COUNTIF($C7:$AG7,AJ$6)+0.5*COUNTIF($C7:$AG7,AJ$6&"H")+0.5*COUNTIF($C7:$AG7,"H"&AJ$6) -> 0 | AK7: =COUNTIF($C7:$AG7,AK$6)+0.5*COUNTIF($C7:$AG7,AK$6&"H")+0.5*COUNTIF($C7:$AG7,"H"&AK$6) -> 0 | AL7: =COUNTIF($C7:$AG7,AL$6)+0.5*COUNTIF($C7:$AG7,AL$6&"H")+0.5*COUNTIF($C7:$AG7,"H"&AL$6) -> 0 | AM7: =COUNTIF($C7:$AG7,AM$6)+0.5*COUNTIF($C7:$AG7,AM$6&"H")+0.5*COUNTIF($C7:$AG7,"H"&AM$6) -> 0
A8: 2 | B8: =VLOOKUP(A8,YearToDate!$A$8:$B$39,2,0) -> Name 2 | AH8: =COUNTIF($C8:$AG8,AH$6)+0.5*COUNTIF($C8:$AG8,AH$6&"H")+0.5*COUNTIF($C8:$AG8,"H"&AH$6) -> 0 | AI8: =COUNTIF($C8:$AG8,AI$6)+0.5*COUNTIF($C8:$AG8,AI$6&"H")+0.5*COUNTIF($C8:$AG8,"H"&AI$6) -> 0 | AJ8: =COUNTIF($C8:$AG8,AJ$6)+0.5*COUNTIF($C8:$AG8,AJ$6&"H")+0.5*COUNTIF($C8:$AG8,"H"&AJ$6) -> 0 | AK8: =COUNTIF($C8:$AG8,AK$6)+0.5*COUNTIF($C8:$AG8,AK$6&"H")+0.5*COUNTIF($C8:$AG8,"H"&AK$6) -> 0 | AL8: =COUNTIF($C8:$AG8,AL$6)+0.5*COUNTIF($C8:$AG8,AL$6&"H")+0.5*COUNTIF($C8:$AG8,"H"&AL$6) -> 0 | AM8: =COUNTIF($C8:$AG8,AM$6)+0.5*COUNTIF($C8:$AG8,AM$6&"H")+0.5*COUNTIF($C8:$AG8,"H"&AM$6) -> 0
A9: 3 | B9: =VLOOKUP(A9,YearToDate!$A$8:$B$39,2,0) -> Name 3 | AH9: =COUNTIF($C9:$AG9,AH$6)+0.5*COUNTIF($C9:$AG9,AH$6&"H")+0.5*COUNTIF($C9:$AG9,"H"&AH$6) -> 0 | AI9: =COUNTIF($C9:$AG9,AI$6)+0.5*COUNTIF($C9:$AG9,AI$6&"H")+0.5*COUNTIF($C9:$AG9,"H"&AI$6) -> 0 | AJ9: =COUNTIF($C9:$AG9,AJ$6)+0.5*COUNTIF($C9:$AG9,AJ$6&"H")+0.5*COUNTIF($C9:$AG9,"H"&AJ$6) -> 0 | AK9: =COUNTIF($C9:$AG9,AK$6)+0.5*COUNTIF($C9:$AG9,AK$6&"H")+0.5*COUNTIF($C9:$AG9,"H"&AK$6) -> 0 | AL9: =COUNTIF($C9:$AG9,AL$6)+0.5*COUNTIF($C9:$AG9,AL$6&"H")+0.5*COUNTIF($C9:$AG9,"H"&AL$6) -> 0 | AM9: =COUNTIF($C9:$AG9,AM$6)+0.5*COUNTIF($C9:$AG9,AM$6&"H")+0.5*COUNTIF($C9:$AG9,"H"&AM$6) -> 0
A10: 4 | B10: =VLOOKUP(A10,YearToDate!$A$8:$B$39,2,0) -> Name 4 | AH10: =COUNTIF($C10:$AG10,AH$6)+0.5*COUNTIF($C10:$AG10,AH$6&"H")+0.5*COUNTIF($C10:$AG10,"H"&AH$6) -> 0 | AI10: =COUNTIF($C10:$AG10,AI$6)+0.5*COUNTIF($C10:$AG10,AI$6&"H")+0.5*COUNTIF($C10:$AG10,"H"&AI$6) -> 0 | AJ10: =COUNTIF($C10:$AG10,AJ$6)+0.5*COUNTIF($C10:$AG10,AJ$6&"H")+0.5*COUNTIF($C10:$AG10,"H"&AJ$6) -> 0 | AK10: =COUNTIF($C10:$AG10,AK$6)+0.5*COUNTIF($C10:$AG10,AK$6&"H")+0.5*COUNTIF($C10:$AG10,"H"&AK$6) -> 0 | AL10: =COUNTIF($C10:$AG10,AL$6)+0.5*COUNTIF($C10:$AG10,AL$6&"H")+0.5*COUNTIF($C10:$AG10,"H"&AL$6) -> 0 | AM10: =COUNTIF($C10:$AG10,AM$6)+0.5*COUNTIF($C10:$AG10,AM$6&"H")+0.5*COUNTIF($C10:$AG10,"H"&AM$6) -> 0
A11: 5 | B11: =VLOOKUP(A11,YearToDate!$A$8:$B$39,2,0) -> Name 5 | AH11: =COUNTIF($C11:$AG11,AH$6)+0.5*COUNTIF($C11:$AG11,AH$6&"H")+0.5*COUNTIF($C11:$AG11,"H"&AH$6) -> 0 | AI11: =COUNTIF($C11:$AG11,AI$6)+0.5*COUNTIF($C11:$AG11,AI$6&"H")+0.5*COUNTIF($C11:$AG11,"H"&AI$6) -> 0 | AJ11: =COUNTIF($C11:$AG11,AJ$6)+0.5*COUNTIF($C11:$AG11,AJ$6&"H")+0.5*COUNTIF($C11:$AG11,"H"&AJ$6) -> 0 | AK11: =COUNTIF($C11:$AG11,AK$6)+0.5*COUNTIF($C11:$AG11,AK$6&"H")+0.5*COUNTIF($C11:$AG11,"H"&AK$6) -> 0 | AL11: =COUNTIF($C11:$AG11,AL$6)+0.5*COUNTIF($C11:$AG11,AL$6&"H")+0.5*COUNTIF($C11:$AG11,"H"&AL$6) -> 0 | AM11: =COUNTIF($C11:$AG11,AM$6)+0.5*COUNTIF($C11:$AG11,AM$6&"H")+0.5*COUNTIF($C11:$AG11,"H"&AM$6) -> 0
A12: 6 | B12: =VLOOKUP(A12,YearToDate!$A$8:$B$39,2,0) | AH12: =COUNTIF($C12:$AG12,AH$6)+0.5*COUNTIF($C12:$AG12,AH$6&"H")+0.5*COUNTIF($C12:$AG12,"H"&AH$6) -> 0 | AI12: =COUNTIF($C12:$AG12,AI$6)+0.5*COUNTIF($C12:$AG12,AI$6&"H")+0.5*COUNTIF($C12:$AG12,"H"&AI$6) -> 0 | AJ12: =COUNTIF($C12:$AG12,AJ$6)+0.5*COUNTIF($C12:$AG12,AJ$6&"H")+0.5*COUNTIF($C12:$AG12,"H"&AJ$6) -> 0 | AK12: =COUNTIF($C12:$AG12,AK$6)+0.5*COUNTIF($C12:$AG12,AK$6&"H")+0.5*COUNTIF($C12:$AG12,"H"&AK$6) -> 0 | AL12: =COUNTIF($C12:$AG12,AL$6)+0.5*COUNTIF($C12:$AG12,AL$6&"H")+0.5*COUNTIF($C12:$AG12,"H"&AL$6) -> 0 | AM12: =COUNTIF($C12:$AG12,AM$6)+0.5*COUNTIF($C12:$AG12,AM$6&"H")+0.5*COUNTIF($C12:$AG12,"H"&AM$6) -> 0
A13: 7 | B13: =VLOOKUP(A13,YearToDate!$A$8:$B$39,2,0) | AH13: =COUNTIF($C13:$AG13,AH$6)+0.5*COUNTIF($C13:$AG13,AH$6&"H")+0.5*COUNTIF($C13:$AG13,"H"&AH$6) -> 0 | AI13: =COUNTIF($C13:$AG13,AI$6)+0.5*COUNTIF($C13:$AG13,AI$6&"H")+0.5*COUNTIF($C13:$AG13,"H"&AI$6) -> 0 | AJ13: =COUNTIF($C13:$AG13,AJ$6)+0.5*COUNTIF($C13:$AG13,AJ$6&"H")+0.5*COUNTIF($C13:$AG13,"H"&AJ$6) -> 0 | AK13: =COUNTIF($C13:$AG13,AK$6)+0.5*COUNTIF($C13:$AG13,AK$6&"H")+0.5*COUNTIF($C13:$AG13,"H"&AK$6) -> 0 | AL13: =COUNTIF($C13:$AG13,AL$6)+0.5*COUNTIF($C13:$AG13,AL$6&"H")+0.5*COUNTIF($C13:$AG13,"H"&AL$6) -> 0 | AM13: =COUNTIF($C13:$AG13,AM$6)+0.5*COUNTIF($C13:$AG13,AM$6&"H")+0.5*COUNTIF($C13:$AG13,"H"&AM$6) -> 0
