Workbook

Sheet Dash Board
B1: Select currency from here
AE2: Total Cost
B3: BNB | AF3: Coins | AG3: Current Price ($) | AH3: Market Value ($) | AI3: Total Cost ($) | AJ3: P/L ($)
AE4: BTC | AF4: =VLOOKUP($B$3,'Consolidated Wallets'!$C$11:$H$16,2,0) -> 35 | AG4: =VLOOKUP($B$3,'Consolidated Wallets'!$C$11:$H$16,3,0) -> 75000 | AH4: =VLOOKUP($B$3,'Consolidated Wallets'!$C$11:$H$16,4,0) -> 2625000 | AI4: =VLOOKUP($B$3,'Consolidated Wallets'!$C$11:$H$16,5,0) -> 12000 | AJ4: =VLOOKUP($B$3,'Consolidated Wallets'!$C$11:$H$16,6,0) -> 2613000
AE5: ETH
AE6: BNB
AE7: XRP
AE8: SUSHI
AE9: ADA
D10: Investor Name | F10: TO | G10: Currency | H10: $ Value | AF10: =SUM(AF4:AF9) -> 35
D11: Yaniv | F11: =VLOOKUP(D11,'Investment Track Table'!$D$5:$E$15,2,0) -> Ledger 1 | G11: =VLOOKUP(D11,'Investment Track Table'!D5:I15,3,0) -> BTC | H11: =VLOOKUP(D11,'Investment Track Table'!D5:I15,6,0) -> 108000 | AF11: =+'Consolidated Wallets'!H8 -> 4222800
AF12: =+AF10-AF11 -> -4222765 | AG12: Check
D13: COLD WALLET STATUS ($) | AF13: =+B3 -> BNB
D15: Deposit | F15: Withdraw | H15: Net
D16: =SUMIF('Cold Wallet'!C5:C15,D15,'Cold Wallet'!G5:G15) -> 442500 | F16: =SUMIF('Cold Wallet'!C5:C15,F15,'Cold Wallet'!G5:G15) -> -120750 | H16: =D16+F16 -> 321750
D18: EXCHANGE WALLET STATUS ($)
D20: Deposit | F20: Withdraw | H20: Trade
D21: =SUMIF('Exchange Wallet'!C5:C15,D20,'Exchange Wallet'!G5:G15) -> 442500 | F21: =SUMIF('Exchange Wallet'!C5:C15,F20,'Exchange Wallet'!G5:G15) -> -120750 | H21: =SUMIF('Exchange Wallet'!C5:C15,H20,'Exchange Wallet'!G5:G15) -> 2000

Sheet Investment Track Table
B2: Investment Track Table
B4: # | C4: Date | D4: Investor Name | E4: TO | F4: Currency | G4: Amount | H4: USD Value (on the time of transaction) | I4: Total in USD Value | J4: Verification Hash/ Bank wire verifacation | K4: Comments
B5: 1 | D5: Niv | E5: Bank | F5: USD | G5: 100000 | H5: 1 | I5: =H5*G5 -> 100000
B6: =+B5+1 -> 2 | D6: Yaniv | E6: Ledger 1 | F6: BTC | G6: 3 | H6: 36000 | I6: =H6*G6 -> 108000
B7: =+B6+1 -> 3 | D7: Guy | E7: Ledger 2 | F7: ETH | G7: 10 | H7: 21000 | I7: =H7*G7 -> 210000
B8: =+B7+1 -> 4 | F8: ILS | G8: 150000 | H8: 0.3 | I8: =H8*G8 -> 45000
B9: =+B8+1 -> 5 | I9: =H9*F9 -> 0
B10: =+B9+1 -> 6 | I10: =H10*F10 -> 0
B11: =+B10+1 -> 7 | I11: =H11*F11 -> 0
B12: =+B11+1 -> 8 | I12: =H12*F12 -> 0
B13: =+B12+1 -> 9 | I13: =H13*F13 -> 0
B14: =+B13+1 -> 10 | I14: =H14*F14 -> 0
B15: =+B14+1 -> 11 | I15: =H15*F15 -> 0
B17: CONSOLIDATED
B18: Bank | C18: CC | D18: Total
C19: BANK | D19: =(SUMIF($E$5:$I99,C19,$I$5:$I$99)) -> 100000
B20: Ledger 1 | C20: CC | D20: Total
C21: Ledger 1 | D21: =(SUMIF($E$5:$I101,C21,$I$5:$I$99)) -> 108000
B22: Ledger 2 | C22: CC | D22: Total
C23: Ledger 2 | D23: =(SUMIF($E$5:$I103,C23,$I$5:$I$99)) -> 210000

Sheet Consolidated Wallets
B2: Consolidated Wallets
B4: Description | C4: BTC | D4: ETH | E4: KAVA | F4: BNB | G4: ADA | H4: Column1
C5: Price/USD | D5: Price/USD | E5: Price/USD | F5: Price/USD | G5: Price/USD
E8: $ Totals: | F8: =SUM(F9:F33) -> 4925000 | G8: =SUM(G9:G33) -> 702200 | H8: =F8-G8 -> 4222800
B10: Asstets | C10: Symbol | D10: Coins | E10: Current Price ($) | F10: Market Value ($) | G10: Total Cost ($) | H10: P/L ($)
C11: BTC | D11: ='Cold Wallet'!O6+'Exchange Wallet'!S6 -> 16 | E11: 50000 | F11: =D11*E11 -> 800000 | G11: ='Cold Wallet'!P9+'Exchange Wallet'!T9 -> 643500 | H11: =F11-G11 -> 156500
C12: ETH | D12: ='Cold Wallet'!O7+'Exchange Wallet'!S7 -> 25 | E12: 60000 | F12: =D12*E12 -> 1500000 | G12: ='Cold Wallet'!P7+'Exchange Wallet'!T7 -> 46700 | H12: =F12-G12 -> 1453300
C13: BNB | D13: ='Cold Wallet'!O8+'Exchange Wallet'!S8 -> 35 | E13: 75000 | F13: =D13*E13 -> 2625000 | G13: ='Cold Wallet'!P8+'Exchange Wallet'!T8 -> 12000 | H13: =F13-G13 -> 2613000
C14: XRP | D14: 0 | E14: 0 | F14: =D14*E14 -> 0 | G14: ='Cold Wallet'!P12+'Exchange Wallet'!T12 -> 0 | H14: =F14-G14 -> 0
C15: SUSHI | D15: 0 | E15: 0 | F15: =D15*E15 -> 0 | G15: ='Cold Wallet'!P13+'Exchange Wallet'!T13 -> 0 | H15: =F15-G15 -> 0
C16: ADA | D16: 0 | E16: 0 | F16: =D16*E16 -> 0 | G16: ='Cold Wallet'!P14+'Exchange Wallet'!Q14 -> 0 | H16: =F16-G16 -> 0
C17: TBD

Sheet Cold Wallet
B2: Cold Wallet Transactions Log
B4: Date | C4: Type | D4: Currency | E4: Quantity | F4: USD Value (on the time of transaction) | G4: Total in USD Value | H4: Fee | I4: Currency2 | J4: USD Value (on the time of transaction)3 | K4: Transfer-Hash | L4: Comments
B5: 1.3.21 | C5: Deposit | D5: BTC | E5: 3 | F5: 35000 | G5: =F5*E5 -> 105000 | N5: CC | O5: QQ | P5: Total Cost | Q5: Market $
B6: 1.3.21 | C6: Deposit | D6: ETH | E6: 12 | F6: 1800 | G6: =F6*E6 -> 21600 | N6: BTC | O6: =SUMIF($D$5:$E102,N6,$E$5:$E$102) -> 8 | P6: =(SUMIF($D$5:$G102,N6,$G$5:$G$102)) -> 292400 | Q6: MRKTXQQ
B7: 1.3.21 | C7: Deposit | D7: BNB | E7: 14 | F7: 320 | G7: =F7*E7 -> 4480 | N7: ETH | O7: =SUMIF($D$5:$E103,N7,$E$5:$E$102) -> 12 | P7: =(SUMIF($D$5:$G103,N7,$G$5:$G$102)) -> 22350 | Q7: MRKTXQQ
B8: 1.4.21 | C8: Withdraw | D8: BTC | E8: -3 | F8: 37000 | G8: =F8*E8 -> -111000 | N8: BNB | O8: =SUMIF($D$5:$E104,N8,$E$5:$E$102) -> 20 | P8: =(SUMIF($D$5:$G104,N8,$G$5:$G$102)) -> 7000 | Q8: MRKTXQQ
B9: 1.4.21 | C9: Withdraw | D9: ETH | E9: -5 | F9: 1950 | G9: =F9*E9 -> -9750 | P9: =SUM(P6:P8) -> 321750 | Q9: =SUM(Q6:Q8) -> 0
B10: 1.4.21 | C10: Deposit | D10: BTC | E10: 8 | F10: 37300 | G10: =F10*E10 -> 298400
B11: 8.4.21 | C11: Deposit | D11: ETH | E11: 5 | F11: 2100 | G11: =F11*E11 -> 10500
B12: 8.4.21 | C12: Deposit | D12: BNB | E12: 6 | F12: 420 | G12: =F12*E12 -> 2520 | N12: Total Market Value | Q12: P/L
N13: =Q9 -> 0 | Q13: =N13-P9 -> -321750

Sheet Exchange Wallet
B2: Exchange Wallet Transactions Log
B4: Date | C4: Type | D4: Currency | E4: Q | F4: $ (on the time of transaction) | G4: Total $ | H4: Currency2 | I4: Q Sold (Only in trade) | J4: $ (on the time of transaction)3 | K4: Total $4 | L4: Fee | M4: Currency5 | N4: $ (on the time of transaction)6 | O4: Total $7 | P4: Comments
B5: 1.3.21 | C5: Deposit | D5: BTC | E5: 3 | F5: 35000 | G5: =F5*E5 -> 105000 | I5: 0 | J5: 0 | K5: =J5*I5 -> 0 | R5: CC | S5: QQ | T5: Total Cost | U5: Market $
B6: 1.3.21 | C6: Deposit | D6: ETH | E6: 12 | F6: 1800 | G6: =F6*E6 -> 21600 | I6: 0 | J6: 0 | K6: =J6*I6 -> 0 | R6: BTC | S6: =(SUMIF($D$5:$E102,R6,$E$5:$E$102)) + (SUMIF($H$5:$I102,R6,$I$5:$I$102)) -> 8 | T6: =(SUMIF($D$5:$G102,R6,$G$5:$G$102)) + (SUMIF($H$5:$K102,R6,$K$5:$K$102)) -> 292400 | U6: MRKTXQQ
B7: 1.3.21 | C7: Deposit | D7: BNB | E7: 14 | F7: 320 | G7: =F7*E7 -> 4480 | I7: 0 | J7: 0 | K7: =J7*I7 -> 0 | R7: ETH | S7: =(SUMIF($D$5:$E103,R7,$E$5:$E$102)) + (SUMIF($H$5:$I103,R7,$I$5:$I$102)) -> 13 | T7: =(SUMIF($D$5:$G103,R7,$G$5:$G$102)) + (SUMIF($H$5:$K103,R7,$K$5:$K$102)) -> 24350 | U7: MRKTXQQ
B8: 1.4.21 | C8: Withdraw | D8: BTC | E8: -3 | F8: 37000 | G8: =F8*E8 -> -111000 | I8: 0 | J8: 0 | K8: =J8*I8 -> 0 | R8: BNB | S8: =(SUMIF($D$5:$E104,R8,$E$5:$E$102)) + (SUMIF($H$5:$I104,R8,$I$5:$I$102)) -> 15 | T8: =(SUMIF($D$5:$G104,R8,$G$5:$G$102)) + (SUMIF($H$5:$K104,R8,$K$5:$K$102)) -> 5000 | U8: MRKTXQQ
B9: 1.4.21 | C9: Withdraw | D9: ETH | E9: -5 | F9: 1950 | G9: =F9*E9 -> -9750 | I9: 0 | J9: 0 | K9: =J9*I9 -> 0 | T9: =SUM(T6:T8) -> 321750 | U9: =SUM(U6:U8) -> 0
B10: 1.4.21 | C10: Deposit | D10: BTC | E10: 8 | F10: 37300 | G10: =F10*E10 -> 298400 | I10: 0 | J10: 0 | K10: =J10*I10 -> 0
B11: 8.4.21 | C11: Deposit | D11: ETH | E11: 5 | F11: 2100 | G11: =F11*E11 -> 10500 | I11: 0 | J11: 0 | K11: =J11*I11 -> 0
B12: 8.4.21 | C12: Deposit | D12: BNB | E12: 6 | F12: 420 | G12: =F12*E12 -> 2520 | I12: 0 | J12: 0 | K12: =J12*I12 -> 0 | R12: Total Market Value | U12: P/L
B13: 8.4.21 | C13: Trade | D13: ETH | E13: 1 | F13: 2000 | G13: =F13*E13 -> 2000 | H13: BNB | I13: -5 | J13: 400 | K13: =J13*I13 -> -2000 | R13: =U9 -> 0 | U13: =R13-T9 -> -321750
