Workbook
Name Holiday: 'Events and Holidays'!$H$6:$H$34
Name StartingDate: 'Events and Holidays'!$D$2

Sheet Weekly
B2: WEEKLY CALENDAR
B5: Event No | C5: =DATE(Schedule!C1,Schedule!B1,Schedule!A1)+E1 -> 44196 | E5: =C5+1 -> 44197 | G5: =E5+1 -> 44198 | I5: =G5+1 -> 44199 | K5: =I5+1 -> 44200 | M5: =K5+1 -> 44201 | O5: =M5+1 -> 44202
C6: =IF(ISNA(VLOOKUP(C5,'Events and Holidays'!$H$6:$I$35,2,FALSE)),"",VLOOKUP(C5,'Events and Holidays'!$H$6:$I$35,2,FALSE)) | E6: =IF(ISNA(VLOOKUP(E5,'Events and Holidays'!$H$6:$I$35,2,FALSE)),"",VLOOKUP(E5,'Events and Holidays'!$H$6:$I$35,2,FALSE)) -> Holiday 1 | G6: =IF(ISNA(VLOOKUP(G5,'Events and Holidays'!$H$6:$I$35,2,FALSE)),"",VLOOKUP(G5,'Events and Holidays'!$H$6:$I$35,2,FALSE)) | I6: =IF(ISNA(VLOOKUP(I5,'Events and Holidays'!$H$6:$I$35,2,FALSE)),"",VLOOKUP(I5,'Events and Holidays'!$H$6:$I$35,2,FALSE)) | K6: =IF(ISNA(VLOOKUP(K5,'Events and Holidays'!$H$6:$I$35,2,FALSE)),"",VLOOKUP(K5,'Events and Holidays'!$H$6:$I$35,2,FALSE)) | M6: =IF(ISNA(VLOOKUP(M5,'Events and Holidays'!$H$6:$I$35,2,FALSE)),"",VLOOKUP(M5,'Events and Holidays'!$H$6:$I$35,2,FALSE)) | O6: =IF(ISNA(VLOOKUP(O5,'Events and Holidays'!$H$6:$I$35,2,FALSE)),"",VLOOKUP(O5,'Events and Holidays'!$H$6:$I$35,2,FALSE)) -> Holiday 2
B7: 1 | C7: =IF(ISERROR(Schedule!A2),"",INDEX('Events and Holidays'!$D$6:$D$1003,Schedule!A2)) | D7: =IF(ISERROR(Schedule!A2),"",INDEX('Events and Holidays'!$E$6:$E$1003,Schedule!A2)) | E7: =IF(ISERROR(Schedule!B2),"",INDEX('Events and Holidays'!$D$6:$D$1003,Schedule!B2)) | F7: =IF(ISERROR(Schedule!B2),"",INDEX('Events and Holidays'!$E$6:$E$1003,Schedule!B2)) | G7: =IF(ISERROR(Schedule!C2),"",INDEX('Events and Holidays'!$D$6:$D$1003,Schedule!C2)) -> 0.54166667 | H7: =IF(ISERROR(Schedule!C2),"",INDEX('Events and Holidays'!$E$6:$E$1003,Schedule!C2)) -> Lunch Meeting | I7: =IF(ISERROR(Schedule!D2),"",INDEX('Events and Holidays'!$D$6:$D$1003,Schedule!D2)) -> 0.70833333 | J7: =IF(ISERROR(Schedule!D2),"",INDEX('Events and Holidays'!$E$6:$E$1003,Schedule!D2)) -> Project Design Deadline 1 | K7: =IF(ISERROR(Schedule!E2),"",INDEX('Events and Holidays'!$D$6:$D$1003,Schedule!E2)) -> 0 | L7: =IF(ISERROR(Schedule!E2),"",INDEX('Events and Holidays'!$E$6:$E$1003,Schedule!E2)) -> Project Design Deadline 15 | M7: =IF(ISERROR(Schedule!F2),"",INDEX('Events and Holidays'!$D$6:$D$1003,Schedule!F2)) -> 0.79166667 | N7: =IF(ISERROR(Schedule!F2),"",INDEX('Events and Holidays'!$E$6:$E$1003,Schedule!F2)) -> Project Design Deadline 2 | O7: =IF(ISERROR(Schedule!G2),"",INDEX('Events and Holidays'!$D$6:$D$1003,Schedule!G2)) | P7: =IF(ISERROR(Schedule!G2),"",INDEX('Events and Holidays'!$E$6:$E$1003,Schedule!G2))
B8: 2 | C8: =IF(ISERROR(Schedule!A3),"",INDEX('Events and Holidays'!$D$6:$D$1003,Schedule!A3)) | D8: =IF(ISERROR(Schedule!A3),"",INDEX('Events and Holidays'!$E$6:$E$1003,Schedule!A3)) | E8: =IF(ISERROR(Schedule!B3),"",INDEX('Events and Holidays'!$D$6:$D$1003,Schedule!B3)) | F8: =IF(ISERROR(Schedule!B3),"",INDEX('Events and Holidays'!$E$6:$E$1003,Schedule!B3)) | G8: =IF(ISERROR(Schedule!C3),"",INDEX('Events and Holidays'!$D$6:$D$1003,Schedule!C3)) | H8: =IF(ISERROR(Schedule!C3),"",INDEX('Events and Holidays'!$E$6:$E$1003,Schedule!C3)) | I8: =IF(ISERROR(Schedule!D3),"",INDEX('Events and Holidays'!$D$6:$D$1003,Schedule!D3)) | J8: =IF(ISERROR(Schedule!D3),"",INDEX('Events and Holidays'!$E$6:$E$1003,Schedule!D3)) | K8: =IF(ISERROR(Schedule!E3),"",INDEX('Events and Holidays'!$D$6:$D$1003,Schedule!E3)) -> 0 | L8: =IF(ISERROR(Schedule!E3),"",INDEX('Events and Holidays'!$E$6:$E$1003,Schedule!E3)) -> Project Design Deadline 16 | M8: =IF(ISERROR(Schedule!F3),"",INDEX('Events and Holidays'!$D$6:$D$1003,Schedule!F3)) | N8: =IF(ISERROR(Schedule!F3),"",INDEX('Events and Holidays'!$E$6:$E$1003,Schedule!F3)) | O8: =IF(ISERROR(Schedule!G3),"",INDEX('Events and Holidays'!$D$6:$D$1003,Schedule!G3)) | P8: =IF(ISERROR(Schedule!G3),"",INDEX('Events and Holidays'!$E$6:$E$1003,Schedule!G3))
B9: 3 | C9: =IF(ISERROR(Schedule!A4),"",INDEX('Events and Holidays'!$D$6:$D$1003,Schedule!A4)) | D9: =IF(ISERROR(Schedule!A4),"",INDEX('Events and Holidays'!$E$6:$E$1003,Schedule!A4)) | E9: =IF(ISERROR(Schedule!B4),"",INDEX('Events and Holidays'!$D$6:$D$1003,Schedule!B4)) | F9: =IF(ISERROR(Schedule!B4),"",INDEX('Events and Holidays'!$E$6:$E$1003,Schedule!B4)) | G9: =IF(ISERROR(Schedule!C4),"",INDEX('Events and Holidays'!$D$6:$D$1003,Schedule!C4)) | H9: =IF(ISERROR(Schedule!C4),"",INDEX('Events and Holidays'!$E$6:$E$1003,Schedule!C4)) | I9: =IF(ISERROR(Schedule!D4),"",INDEX('Events and Holidays'!$D$6:$D$1003,Schedule!D4)) | J9: =IF(ISERROR(Schedule!D4),"",INDEX('Events and Holidays'!$E$6:$E$1003,Schedule!D4)) | K9: =IF(ISERROR(Schedule!E4),"",INDEX('Events and Holidays'!$D$6:$D$1003,Schedule!E4)) -> 0 | L9: =IF(ISERROR(Schedule!E4),"",INDEX('Events and Holidays'!$E$6:$E$1003,Schedule!E4)) -> Project Design Deadline 17 | M9: =IF(ISERROR(Schedule!F4),"",INDEX('Events and Holidays'!$D$6:$D$1003,Schedule!F4)) | N9: =IF(ISERROR(Schedule!F4),"",INDEX('Events and Holidays'!$E$6:$E$1003,Schedule!F4)) | O9: =IF(ISERROR(Schedule!G4),"",INDEX('Events and Holidays'!$D$6:$D$1003,Schedule!G4)) | P9: =IF(ISERROR(Schedule!G4),"",INDEX('Events and Holidays'!$E$6:$E$1003,Schedule!G4))
B10: 4 | C10: =IF(ISERROR(Schedule!A5),"",INDEX('Events and Holidays'!$D$6:$D$1003,Schedule!A5)) | D10: =IF(ISERROR(Schedule!A5),"",INDEX('Events and Holidays'!$E$6:$E$1003,Schedule!A5)) | E10: =IF(ISERROR(Schedule!B5),"",INDEX('Events and Holidays'!$D$6:$D$1003,Schedule!B5)) | F10: =IF(ISERROR(Schedule!B5),"",INDEX('Events and Holidays'!$E$6:$E$1003,Schedule!B5)) | G10: =IF(ISERROR(Schedule!C5),"",INDEX('Events and Holidays'!$D$6:$D$1003,Schedule!C5)) | H10: =IF(ISERROR(Schedule!C5),"",INDEX('Events and Holidays'!$E$6:$E$1003,Schedule!C5)) | I10: =IF(ISERROR(Schedule!D5),"",INDEX('Events and Holidays'!$D$6:$D$1003,Schedule!D5)) | J10: =IF(ISERROR(Schedule!D5),"",INDEX('Events and Holidays'!$E$6:$E$1003,Schedule!D5)) | K10: =IF(ISERROR(Schedule!E5),"",INDEX('Events and Holidays'!$D$6:$D$1003,Schedule!E5)) -> 0 | L10: =IF(ISERROR(Schedule!E5),"",INDEX('Events and Holidays'!$E$6:$E$1003,Schedule!E5)) -> Project Design Deadline 18 | M10: =IF(ISERROR(Schedule!F5),"",INDEX('Events and Holidays'!$D$6:$D$1003,Schedule!F5)) | N10: =IF(ISERROR(Schedule!F5),"",INDEX('Events and Holidays'!$E$6:$E$1003,Schedule!F5)) | O10: =IF(ISERROR(Schedule!G5),"",INDEX('Events and Holidays'!$D$6:$D$1003,Schedule!G5)) | P10: =IF(ISERROR(Schedule!G5),"",INDEX('Events and Holidays'!$E$6:$E$1003,Schedule!G5))
B11: 5 | C11: =IF(ISERROR(Schedule!A6),"",INDEX('Events and Holidays'!$D$6:$D$1003,Schedule!A6)) | D11: =IF(ISERROR(Schedule!A6),"",INDEX('Events and Holidays'!$E$6:$E$1003,Schedule!A6)) | E11: =IF(ISERROR(Schedule!B6),"",INDEX('Events and Holidays'!$D$6:$D$1003,Schedule!B6)) | F11: =IF(ISERROR(Schedule!B6),"",INDEX('Events and Holidays'!$E$6:$E$1003,Schedule!B6)) | G11: =IF(ISERROR(Schedule!C6),"",INDEX('Events and Holidays'!$D$6:$D$1003,Schedule!C6)) | H11: =IF(ISERROR(Schedule!C6),"",INDEX('Events and Holidays'!$E$6:$E$1003,Schedule!C6)) | I11: =IF(ISERROR(Schedule!D6),"",INDEX('Events and Holidays'!$D$6:$D$1003,Schedule!D6)) | J11: =IF(ISERROR(Schedule!D6),"",INDEX('Events and Holidays'!$E$6:$E$1003,Schedule!D6)) | K11: =IF(ISERROR(Schedule!E6),"",INDEX('Events and Holidays'!$D$6:$D$1003,Schedule!E6)) -> 0 | L11: =IF(ISERROR(Schedule!E6),"",INDEX('Events and Holidays'!$E$6:$E$1003,Schedule!E6)) -> Project Design Deadline 19 | M11: =IF(ISERROR(Schedule!F6),"",INDEX('Events and Holidays'!$D$6:$D$1003,Schedule!F6)) | N11: =IF(ISERROR(Schedule!F6),"",INDEX('Events and Holidays'!$E$6:$E$1003,Schedule!F6)) | O11: =IF(ISERROR(Schedule!G6),"",INDEX('Events and Holidays'!$D$6:$D$1003,Schedule!G6)) | P11: =IF(ISERROR(Schedule!G6),"",INDEX('Events and Holidays'!$E$6:$E$1003,Schedule!G6))
B12: 6 | C12: =IF(ISERROR(Schedule!A7),"",INDEX('Events and Holidays'!$D$6:$D$1003,Schedule!A7)) | D12: =IF(ISERROR(Schedule!A7),"",INDEX('Events and Holidays'!$E$6:$E$1003,Schedule!A7)) | E12: =IF(ISERROR(Schedule!B7),"",INDEX('Events and Holidays'!$D$6:$D$1003,Schedule!B7)) | F12: =IF(ISERROR(Schedule!B7),"",INDEX('Events and Holidays'!$E$6:$E$1003,Schedule!B7)) | G12: =IF(ISERROR(Schedule!C7),"",INDEX('Events and Holidays'!$D$6:$D$1003,Schedule!C7)) | H12: =IF(ISERROR(Schedule!C7),"",INDEX('Events and Holidays'!$E$6:$E$1003,Schedule!C7)) | I12: =IF(ISERROR(Schedule!D7),"",INDEX('Events and Holidays'!$D$6:$D$1003,Schedule!D7)) | J12: =IF(ISERROR(Schedule!D7),"",INDEX('Events and Holidays'!$E$6:$E$1003,Schedule!D7)) | K12: =IF(ISERROR(Schedule!E7),"",INDEX('Events and Holidays'!$D$6:$D$1003,Schedule!E7)) -> 0 | L12: =IF(ISERROR(Schedule!E7),"",INDEX('Events and Holidays'!$E$6:$E$1003,Schedule!E7)) -> Project Design Deadline 20 | M12: =IF(ISERROR(Schedule!F7),"",INDEX('Events and Holidays'!$D$6:$D$1003,Schedule!F7)) | N12: =IF(ISERROR(Schedule!F7),"",INDEX('Events and Holidays'!$E$6:$E$1003,Schedule!F7)) | O12: =IF(ISERROR(Schedule!G7),"",INDEX('Events and Holidays'!$D$6:$D$1003,Schedule!G7)) | P12: =IF(ISERROR(Schedule!G7),"",INDEX('Events and Holidays'!$E$6:$E$1003,Schedule!G7))
B13: 7 | C13: =IF(ISERROR(Schedule!A8),"",INDEX('Events and Holidays'!$D$6:$D$1003,Schedule!A8)) | D13: =IF(ISERROR(Schedule!A8),"",INDEX('Events and Holidays'!$E$6:$E$1003,Schedule!A8)) | E13: =IF(ISERROR(Schedule!B8),"",INDEX('Events and Holidays'!$D$6:$D$1003,Schedule!B8)) | F13: =IF(ISERROR(Schedule!B8),"",INDEX('Events and Holidays'!$E$6:$E$1003,Schedule!B8)) | G13: =IF(ISERROR(Schedule!C8),"",INDEX('Events and Holidays'!$D$6:$D$1003,Schedule!C8)) | H13: =IF(ISERROR(Schedule!C8),"",INDEX('Events and Holidays'!$E$6:$E$1003,Schedule!C8)) | I13: =IF(ISERROR(Schedule!D8),"",INDEX('Events and Holidays'!$D$6:$D$1003,Schedule!D8)) | J13: =IF(ISERROR(Schedule!D8),"",INDEX('Events and Holidays'!$E$6:$E$1003,Schedule!D8)) | K13: =IF(ISERROR(Schedule!E8),"",INDEX('Events and Holidays'!$D$6:$D$1003,Schedule!E8)) -> 0 | L13: =IF(ISERROR(Schedule!E8),"",INDEX('Events and Holidays'!$E$6:$E$1003,Schedule!E8)) -> Project Design Deadline 21 | M13: =IF(ISERROR(Schedule!F8),"",INDEX('Events and Holidays'!$D$6:$D$1003,Schedule!F8)) | N13: =IF(ISERROR(Schedule!F8),"",INDEX('Events and Holidays'!$E$6:$E$1003,Schedule!F8)) | O13: =IF(ISERROR(Schedule!G8),"",INDEX('Events and Holidays'!$D$6:$D$1003,Schedule!G8)) | P13: =IF(ISERROR(Schedule!G8),"",INDEX('Events and Holidays'!$E$6:$E$1003,Schedule!G8))
B14: 8 | C14: =IF(ISERROR(Schedule!A9),"",INDEX('Events and Holidays'!$D$6:$D$1003,Schedule!A9)) | D14: =IF(ISERROR(Schedule!A9),"",INDEX('Events and Holidays'!$E$6:$E$1003,Schedule!A9)) | E14: =IF(ISERROR(Schedule!B9),"",INDEX('Events and Holidays'!$D$6:$D$1003,Schedule!B9)) | F14: =IF(ISERROR(Schedule!B9),"",INDEX('Events and Holidays'!$E$6:$E$1003,Schedule!B9)) | G14: =IF(ISERROR(Schedule!C9),"",INDEX('Events and Holidays'!$D$6:$D$1003,Schedule!C9)) | H14: =IF(ISERROR(Schedule!C9),"",INDEX('Events and Holidays'!$E$6:$E$1003,Schedule!C9)) | I14: =IF(ISERROR(Schedule!D9),"",INDEX('Events and Holidays'!$D$6:$D$1003,Schedule!D9)) | J14: =IF(ISERROR(Schedule!D9),"",INDEX('Events and Holidays'!$E$6:$E$1003,Schedule!D9)) | K14: =IF(ISERROR(Schedule!E9),"",INDEX('Events and Holidays'!$D$6:$D$1003,Schedule!E9)) -> 0 | L14: =IF(ISERROR(Schedule!E9),"",INDEX('Events and Holidays'!$E$6:$E$1003,Schedule!E9)) -> Project Design Deadline 22 | M14: =IF(ISERROR(Schedule!F9),"",INDEX('Events and Holidays'!$D$6:$D$1003,Schedule!F9)) | N14: =IF(ISERROR(Schedule!F9),"",INDEX('Events and Holidays'!$E$6:$E$1003,Schedule!F9)) | O14: =IF(ISERROR(Schedule!G9),"",INDEX('Events and Holidays'!$D$6:$D$1003,Schedule!G9)) | P14: =IF(ISERROR(Schedule!G9),"",INDEX('Events and Holidays'!$E$6:$E$1003,Schedule!G9))
B15: 9 | C15: =IF(ISERROR(Schedule!A10),"",INDEX('Events and Holidays'!$D$6:$D$1003,Schedule!A10)) | D15: =IF(ISERROR(Schedule!A10),"",INDEX('Events and Holidays'!$E$6:$E$1003,Schedule!A10)) | E15: =IF(ISERROR(Schedule!B10),"",INDEX('Events and Holidays'!$D$6:$D$1003,Schedule!B10)) | F15: =IF(ISERROR(Schedule!B10),"",INDEX('Events and Holidays'!$E$6:$E$1003,Schedule!B10)) | G15: =IF(ISERROR(Schedule!C10),"",INDEX('Events and Holidays'!$D$6:$D$1003,Schedule!C10)) | H15: =IF(ISERROR(Schedule!C10),"",INDEX('Events and Holidays'!$E$6:$E$1003,Schedule!C10)) | I15: =IF(ISERROR(Schedule!D10),"",INDEX('Events and Holidays'!$D$6:$D$1003,Schedule!D10)) | J15: =IF(ISERROR(Schedule!D10),"",INDEX('Events and Holidays'!$E$6:$E$1003,Schedule!D10)) | K15: =IF(ISERROR(Schedule!E10),"",INDEX('Events and Holidays'!$D$6:$D$1003,Schedule!E10)) -> 0 | L15: =IF(ISERROR(Schedule!E10),"",INDEX('Events and Holidays'!$E$6:$E$1003,Schedule!E10)) -> Project Design Deadline 23 | M15: =IF(ISERROR(Schedule!F10),"",INDEX('Events and Holidays'!$D$6:$D$1003,Schedule!F10)) | N15: =IF(ISERROR(Schedule!F10),"",INDEX('Events and Holidays'!$E$6:$E$1003,Schedule!F10)) | O15: =IF(ISERROR(Schedule!G10),"",INDEX('Events and Holidays'!$D$6:$D$1003,Schedule!G10)) | P15: =IF(ISERROR(Schedule!G10),"",INDEX('Events and Holidays'!$E$6:$E$1003,Schedule!G10))
B16: 10 | C16: =IF(ISERROR(Schedule!A11),"",INDEX('Events and Holidays'!$D$6:$D$1003,Schedule!A11)) | D16: =IF(ISERROR(Schedule!A11),"",INDEX('Events and Holidays'!$E$6:$E$1003,Schedule!A11)) | E16: =IF(ISERROR(Schedule!B11),"",INDEX('Events and Holidays'!$D$6:$D$1003,Schedule!B11)) | F16: =IF(ISERROR(Schedule!B11),"",INDEX('Events and Holidays'!$E$6:$E$1003,Schedule!B11)) | G16: =IF(ISERROR(Schedule!C11),"",INDEX('Events and Holidays'!$D$6:$D$1003,Schedule!C11)) | H16: =IF(ISERROR(Schedule!C11),"",INDEX('Events and Holidays'!$E$6:$E$1003,Schedule!C11)) | I16: =IF(ISERROR(Schedule!D11),"",INDEX('Events and Holidays'!$D$6:$D$1003,Schedule!D11)) | J16: =IF(ISERROR(Schedule!D11),"",INDEX('Events and Holidays'!$E$6:$E$1003,Schedule!D11)) | K16: =IF(ISERROR(Schedule!E11),"",INDEX('Events and Holidays'!$D$6:$D$1003,Schedule!E11)) -> 0 | L16: =IF(ISERROR(Schedule!E11),"",INDEX('Events and Holidays'!$E$6:$E$1003,Schedule!E11)) -> Project Design Deadline 24 | M16: =IF(ISERROR(Schedule!F11),"",INDEX('Events and Holidays'!$D$6:$D$1003,Schedule!F11)) | N16: =IF(ISERROR(Schedule!F11),"",INDEX('Events and Holidays'!$E$6:$E$1003,Schedule!F11)) | O16: =IF(ISERROR(Schedule!G11),"",INDEX('Events and Holidays'!$D$6:$D$1003,Schedule!G11)) | P16: =IF(ISERROR(Schedule!G11),"",INDEX('Events and Holidays'!$E$6:$E$1003,Schedule!G11))
B17: 11 | C17: =IF(ISERROR(Schedule!A12),"",INDEX('Events and Holidays'!$D$6:$D$1003,Schedule!A12)) | D17: =IF(ISERROR(Schedule!A12),"",INDEX('Events and Holidays'!$E$6:$E$1003,Schedule!A12)) | E17: =IF(ISERROR(Schedule!B12),"",INDEX('Events and Holidays'!$D$6:$D$1003,Schedule!B12)) | F17: =IF(ISERROR(Schedule!B12),"",INDEX('Events and Holidays'!$E$6:$E$1003,Schedule!B12)) | G17: =IF(ISERROR(Schedule!C12),"",INDEX('Events and Holidays'!$D$6:$D$1003,Schedule!C12)) | H17: =IF(ISERROR(Schedule!C12),"",INDEX('Events and Holidays'!$E$6:$E$1003,Schedule!C12)) | I17: =IF(ISERROR(Schedule!D12),"",INDEX('Events and Holidays'!$D$6:$D$1003,Schedule!D12)) | J17: =IF(ISERROR(Schedule!D12),"",INDEX('Events and Holidays'!$E$6:$E$1003,Schedule!D12)) | K17: =IF(ISERROR(Schedule!E12),"",INDEX('Events and Holidays'!$D$6:$D$1003,Schedule!E12)) -> 0 | L17: =IF(ISERROR(Schedule!E12),"",INDEX('Events and Holidays'!$E$6:$E$1003,Schedule!E12)) -> Project Design Deadline 25 | M17: =IF(ISERROR(Schedule!F12),"",INDEX('Events and Holidays'!$D$6:$D$1003,Schedule!F12)) | N17: =IF(ISERROR(Schedule!F12),"",INDEX('Events and Holidays'!$E$6:$E$1003,Schedule!F12)) | O17: =IF(ISERROR(Schedule!G12),"",INDEX('Events and Holidays'!$D$6:$D$1003,Schedule!G12)) | P17: =IF(ISERROR(Schedule!G12),"",INDEX('Events and Holidays'!$E$6:$E$1003,Schedule!G12))
B18: 12 | C18: =IF(ISERROR(Schedule!A13),"",INDEX('Events and Holidays'!$D$6:$D$1003,Schedule!A13)) | D18: =IF(ISERROR(Schedule!A13),"",INDEX('Events and Holidays'!$E$6:$E$1003,Schedule!A13)) | E18: =IF(ISERROR(Schedule!B13),"",INDEX('Events and Holidays'!$D$6:$D$1003,Schedule!B13)) | F18: =IF(ISERROR(Schedule!B13),"",INDEX('Events and Holidays'!$E$6:$E$1003,Schedule!B13)) | G18: =IF(ISERROR(Schedule!C13),"",INDEX('Events and Holidays'!$D$6:$D$1003,Schedule!C13)) | H18: =IF(ISERROR(Schedule!C13),"",INDEX('Events and Holidays'!$E$6:$E$1003,Schedule!C13)) | I18: =IF(ISERROR(Schedule!D13),"",INDEX('Events and Holidays'!$D$6:$D$1003,Schedule!D13)) | J18: =IF(ISERROR(Schedule!D13),"",INDEX('Events and Holidays'!$E$6:$E$1003,Schedule!D13)) | K18: =IF(ISERROR(Schedule!E13),"",INDEX('Events and Holidays'!$D$6:$D$1003,Schedule!E13)) -> 0 | L18: =IF(ISERROR(Schedule!E13),"",INDEX('Events and Holidays'!$E$6:$E$1003,Schedule!E13)) -> Project Design Deadline 26 | M18: =IF(ISERROR(Schedule!F13),"",INDEX('Events and Holidays'!$D$6:$D$1003,Schedule!F13)) | N18: =IF(ISERROR(Schedule!F13),"",INDEX('Events and Holidays'!$E$6:$E$1003,Schedule!F13)) | O18: =IF(ISERROR(Schedule!G13),"",INDEX('Events and Holidays'!$D$6:$D$1003,Schedule!G13)) | P18: =IF(ISERROR(Schedule!G13),"",INDEX('Events and Holidays'!$E$6:$E$1003,Schedule!G13))
... B26: 20 | C26: =IF(ISERROR(Schedule!A21),"",INDEX('Events and Holidays'!$D$6:$D$1003,Schedule!A21)) | D26: =IF(ISERROR(Schedule!A21),"",INDEX('Events and Holidays'!$E$6:$E$1003,Schedule!A21)) | E26: =IF(ISERROR(Schedule!B21),"",INDEX('Events and Holidays'!$D$6:$D$1003,Schedule!B21)) | F26: =IF(ISERROR(Schedule!B21),"",INDEX('Events and Holidays'!$E$6:$E$1003,Schedule!B21)) | G26: =IF(ISERROR(Schedule!C21),"",INDEX('Events and Holidays'!$D$6:$D$1003,Schedule!C21)) | H26: =IF(ISERROR(Schedule!C21),"",INDEX('Events and Holidays'!$E$6:$E$1003,Schedule!C21)) | I26: =IF(ISERROR(Schedule!D21),"",INDEX('Events and Holidays'!$D$6:$D$1003,Schedule!D21)) | J26: =IF(ISERROR(Schedule!D21),"",INDEX('Events and Holidays'!$E$6:$E$1003,Schedule!D21)) | K26: =IF(ISERROR(Schedule!E21),"",INDEX('Events and Holidays'!$D$6:$D$1003,Schedule!E21)) | L26: =IF(ISERROR(Schedule!E21),"",INDEX('Events and Holidays'!$E$6:$E$1003,Schedule!E21)) | M26: =IF(ISERROR(Schedule!F21),"",INDEX('Events and Holidays'!$D$6:$D$1003,Schedule!F21)) | N26: =IF(ISERROR(Schedule!F21),"",INDEX('Events and Holidays'!$E$6:$E$1003,Schedule!F21)) | O26: =IF(ISERROR(Schedule!G21),"",INDEX('Events and Holidays'!$D$6:$D$1003,Schedule!G21)) | P26: =IF(ISERROR(Schedule!G21),"",INDEX('Events and Holidays'!$E$6:$E$1003,Schedule!G21))
B28: © 2021 - ExcelTemplate.net

Sheet Schedule
A1: =DAY(StartingDate) -> 31 | B1: =MONTH(StartingDate) -> 12 | C1: =YEAR(StartingDate) -> 2020
A2: =MATCH(Weekly!C$5,'Events and Holidays'!$C$6:$C$1003,0) -> #N/A | B2: =MATCH(Weekly!E$5,'Events and Holidays'!$C$6:$C$1003,0) -> #N/A | C2: =MATCH(Weekly!G$5,'Events and Holidays'!$C$6:$C$1003,0) -> 1 | D2: =MATCH(Weekly!I$5,'Events and Holidays'!$C$6:$C$1003,0) -> 2 | E2: =MATCH(Weekly!K$5,'Events and Holidays'!$C$6:$C$1003,0) -> 16 | F2: =MATCH(Weekly!M$5,'Events and Holidays'!$C$6:$C$1003,0) -> 3 | G2: =MATCH(Weekly!O$5,'Events and Holidays'!$C$6:$C$1003,0) -> #N/A
A3: =IF(A2>0,MATCH(Weekly!C$5,OFFSET('Events and Holidays'!$C$6:$C$1003,A2,0),0)+A2,"") -> #N/A | B3: =IF(B2>0,MATCH(Weekly!E$5,OFFSET('Events and Holidays'!$C$6:$C$1003,B2,0),0)+B2,"") -> #N/A | C3: =IF(C2>0,MATCH(Weekly!G$5,OFFSET('Events and Holidays'!$C$6:$C$1003,C2,0),0)+C2,"") -> #N/A | D3: =IF(D2>0,MATCH(Weekly!I$5,OFFSET('Events and Holidays'!$C$6:$C$1003,D2,0),0)+D2,"") -> #N/A | E3: =IF(E2>0,MATCH(Weekly!K$5,OFFSET('Events and Holidays'!$C$6:$C$1003,E2,0),0)+E2,"") -> 17 | F3: =IF(F2>0,MATCH(Weekly!M$5,OFFSET('Events and Holidays'!$C$6:$C$1003,F2,0),0)+F2,"") -> #N/A | G3: =IF(G2>0,MATCH(Weekly!O$5,OFFSET('Events and Holidays'!$C$6:$C$1003,G2,0),0)+G2,"") -> #N/A
A4: =IF(A3>0,MATCH(Weekly!C$5,OFFSET('Events and Holidays'!$C$6:$C$1003,A3,0),0)+A3,"") -> #N/A | B4: =IF(B3>0,MATCH(Weekly!E$5,OFFSET('Events and Holidays'!$C$6:$C$1003,B3,0),0)+B3,"") -> #N/A | C4: =IF(C3>0,MATCH(Weekly!G$5,OFFSET('Events and Holidays'!$C$6:$C$1003,C3,0),0)+C3,"") -> #N/A | D4: =IF(D3>0,MATCH(Weekly!I$5,OFFSET('Events and Holidays'!$C$6:$C$1003,D3,0),0)+D3,"") -> #N/A | E4: =IF(E3>0,MATCH(Weekly!K$5,OFFSET('Events and Holidays'!$C$6:$C$1003,E3,0),0)+E3,"") -> 18 | F4: =IF(F3>0,MATCH(Weekly!M$5,OFFSET('Events and Holidays'!$C$6:$C$1003,F3,0),0)+F3,"") -> #N/A | G4: =IF(G3>0,MATCH(Weekly!O$5,OFFSET('Events and Holidays'!$C$6:$C$1003,G3,0),0)+G3,"") -> #N/A
A5: =IF(A4>0,MATCH(Weekly!C$5,OFFSET('Events and Holidays'!$C$6:$C$1003,A4,0),0)+A4,"") -> #N/A | B5: =IF(B4>0,MATCH(Weekly!E$5,OFFSET('Events and Holidays'!$C$6:$C$1003,B4,0),0)+B4,"") -> #N/A | C5: =IF(C4>0,MATCH(Weekly!G$5,OFFSET('Events and Holidays'!$C$6:$C$1003,C4,0),0)+C4,"") -> #N/A | D5: =IF(D4>0,MATCH(Weekly!I$5,OFFSET('Events and Holidays'!$C$6:$C$1003,D4,0),0)+D4,"") -> #N/A | E5: =IF(E4>0,MATCH(Weekly!K$5,OFFSET('Events and Holidays'!$C$6:$C$1003,E4,0),0)+E4,"") -> 19 | F5: =IF(F4>0,MATCH(Weekly!M$5,OFFSET('Events and Holidays'!$C$6:$C$1003,F4,0),0)+F4,"") -> #N/A | G5: =IF(G4>0,MATCH(Weekly!O$5,OFFSET('Events and Holidays'!$C$6:$C$1003,G4,0),0)+G4,"") -> #N/A
A6: =IF(A5>0,MATCH(Weekly!C$5,OFFSET('Events and Holidays'!$C$6:$C$1003,A5,0),0)+A5,"") -> #N/A | B6: =IF(B5>0,MATCH(Weekly!E$5,OFFSET('Events and Holidays'!$C$6:$C$1003,B5,0),0)+B5,"") -> #N/A | C6: =IF(C5>0,MATCH(Weekly!G$5,OFFSET('Events and Holidays'!$C$6:$C$1003,C5,0),0)+C5,"") -> #N/A | D6: =IF(D5>0,MATCH(Weekly!I$5,OFFSET('Events and Holidays'!$C$6:$C$1003,D5,0),0)+D5,"") -> #N/A | E6: =IF(E5>0,MATCH(Weekly!K$5,OFFSET('Events and Holidays'!$C$6:$C$1003,E5,0),0)+E5,"") -> 20 | F6: =IF(F5>0,MATCH(Weekly!M$5,OFFSET('Events and Holidays'!$C$6:$C$1003,F5,0),0)+F5,"") -> #N/A | G6: =IF(G5>0,MATCH(Weekly!O$5,OFFSET('Events and Holidays'!$C$6:$C$1003,G5,0),0)+G5,"") -> #N/A
A7: =IF(A6>0,MATCH(Weekly!C$5,OFFSET('Events and Holidays'!$C$6:$C$1003,A6,0),0)+A6,"") -> #N/A | B7: =IF(B6>0,MATCH(Weekly!E$5,OFFSET('Events and Holidays'!$C$6:$C$1003,B6,0),0)+B6,"") -> #N/A | C7: =IF(C6>0,MATCH(Weekly!G$5,OFFSET('Events and Holidays'!$C$6:$C$1003,C6,0),0)+C6,"") -> #N/A | D7: =IF(D6>0,MATCH(Weekly!I$5,OFFSET('Events and Holidays'!$C$6:$C$1003,D6,0),0)+D6,"") -> #N/A | E7: =IF(E6>0,MATCH(Weekly!K$5,OFFSET('Events and Holidays'!$C$6:$C$1003,E6,0),0)+E6,"") -> 21 | F7: =IF(F6>0,MATCH(Weekly!M$5,OFFSET('Events and Holidays'!$C$6:$C$1003,F6,0),0)+F6,"") -> #N/A | G7: =IF(G6>0,MATCH(Weekly!O$5,OFFSET('Events and Holidays'!$C$6:$C$1003,G6,0),0)+G6,"") -> #N/A
A8: =IF(A7>0,MATCH(Weekly!C$5,OFFSET('Events and Holidays'!$C$6:$C$1003,A7,0),0)+A7,"") -> #N/A | B8: =IF(B7>0,MATCH(Weekly!E$5,OFFSET('Events and Holidays'!$C$6:$C$1003,B7,0),0)+B7,"") -> #N/A | C8: =IF(C7>0,MATCH(Weekly!G$5,OFFSET('Events and Holidays'!$C$6:$C$1003,C7,0),0)+C7,"") -> #N/A | D8: =IF(D7>0,MATCH(Weekly!I$5,OFFSET('Events and Holidays'!$C$6:$C$1003,D7,0),0)+D7,"") -> #N/A | E8: =IF(E7>0,MATCH(Weekly!K$5,OFFSET('Events and Holidays'!$C$6:$C$1003,E7,0),0)+E7,"") -> 22 | F8: =IF(F7>0,MATCH(Weekly!M$5,OFFSET('Events and Holidays'!$C$6:$C$1003,F7,0),0)+F7,"") -> #N/A | G8: =IF(G7>0,MATCH(Weekly!O$5,OFFSET('Events and Holidays'!$C$6:$C$1003,G7,0),0)+G7,"") -> #N/A
A9: =IF(A8>0,MATCH(Weekly!C$5,OFFSET('Events and Holidays'!$C$6:$C$1003,A8,0),0)+A8,"") -> #N/A | B9: =IF(B8>0,MATCH(Weekly!E$5,OFFSET('Events and Holidays'!$C$6:$C$1003,B8,0),0)+B8,"") -> #N/A | C9: =IF(C8>0,MATCH(Weekly!G$5,OFFSET('Events and Holidays'!$C$6:$C$1003,C8,0),0)+C8,"") -> #N/A | D9: =IF(D8>0,MATCH(Weekly!I$5,OFFSET('Events and Holidays'!$C$6:$C$1003,D8,0),0)+D8,"") -> #N/A | E9: =IF(E8>0,MATCH(Weekly!K$5,OFFSET('Events and Holidays'!$C$6:$C$1003,E8,0),0)+E8,"") -> 23 | F9: =IF(F8>0,MATCH(Weekly!M$5,OFFSET('Events and Holidays'!$C$6:$C$1003,F8,0),0)+F8,"") -> #N/A | G9: =IF(G8>0,MATCH(Weekly!O$5,OFFSET('Events and Holidays'!$C$6:$C$1003,G8,0),0)+G8,"") -> #N/A
A10: =IF(A9>0,MATCH(Weekly!C$5,OFFSET('Events and Holidays'!$C$6:$C$1003,A9,0),0)+A9,"") -> #N/A | B10: =IF(B9>0,MATCH(Weekly!E$5,OFFSET('Events and Holidays'!$C$6:$C$1003,B9,0),0)+B9,"") -> #N/A | C10: =IF(C9>0,MATCH(Weekly!G$5,OFFSET('Events and Holidays'!$C$6:$C$1003,C9,0),0)+C9,"") -> #N/A | D10: =IF(D9>0,MATCH(Weekly!I$5,OFFSET('Events and Holidays'!$C$6:$C$1003,D9,0),0)+D9,"") -> #N/A | E10: =IF(E9>0,MATCH(Weekly!K$5,OFFSET('Events and Holidays'!$C$6:$C$1003,E9,0),0)+E9,"") -> 24 | F10: =IF(F9>0,MATCH(Weekly!M$5,OFFSET('Events and Holidays'!$C$6:$C$1003,F9,0),0)+F9,"") -> #N/A | G10: =IF(G9>0,MATCH(Weekly!O$5,OFFSET('Events and Holidays'!$C$6:$C$1003,G9,0),0)+G9,"") -> #N/A
A11: =IF(A10>0,MATCH(Weekly!C$5,OFFSET('Events and Holidays'!$C$6:$C$1003,A10,0),0)+A10,"") -> #N/A | B11: =IF(B10>0,MATCH(Weekly!E$5,OFFSET('Events and Holidays'!$C$6:$C$1003,B10,0),0)+B10,"") -> #N/A | C11: =IF(C10>0,MATCH(Weekly!G$5,OFFSET('Events and Holidays'!$C$6:$C$1003,C10,0),0)+C10,"") -> #N/A | D11: =IF(D10>0,MATCH(Weekly!I$5,OFFSET('Events and Holidays'!$C$6:$C$1003,D10,0),0)+D10,"") -> #N/A | E11: =IF(E10>0,MATCH(Weekly!K$5,OFFSET('Events and Holidays'!$C$6:$C$1003,E10,0),0)+E10,"") -> 25 | F11: =IF(F10>0,MATCH(Weekly!M$5,OFFSET('Events and Holidays'!$C$6:$C$1003,F10,0),0)+F10,"") -> #N/A | G11: =IF(G10>0,MATCH(Weekly!O$5,OFFSET('Events and Holidays'!$C$6:$C$1003,G10,0),0)+G10,"") -> #N/A
A12: =IF(A11>0,MATCH(Weekly!C$5,OFFSET('Events and Holidays'!$C$6:$C$1003,A11,0),0)+A11,"") -> #N/A | B12: =IF(B11>0,MATCH(Weekly!E$5,OFFSET('Events and Holidays'!$C$6:$C$1003,B11,0),0)+B11,"") -> #N/A | C12: =IF(C11>0,MATCH(Weekly!G$5,OFFSET('Events and Holidays'!$C$6:$C$1003,C11,0),0)+C11,"") -> #N/A | D12: =IF(D11>0,MATCH(Weekly!I$5,OFFSET('Events and Holidays'!$C$6:$C$1003,D11,0),0)+D11,"") -> #N/A | E12: =IF(E11>0,MATCH(Weekly!K$5,OFFSET('Events and Holidays'!$C$6:$C$1003,E11,0),0)+E11,"") -> 26 | F12: =IF(F11>0,MATCH(Weekly!M$5,OFFSET('Events and Holidays'!$C$6:$C$1003,F11,0),0)+F11,"") -> #N/A | G12: =IF(G11>0,MATCH(Weekly!O$5,OFFSET('Events and Holidays'!$C$6:$C$1003,G11,0),0)+G11,"") -> #N/A
A13: =IF(A12>0,MATCH(Weekly!C$5,OFFSET('Events and Holidays'!$C$6:$C$1003,A12,0),0)+A12,"") -> #N/A | B13: =IF(B12>0,MATCH(Weekly!E$5,OFFSET('Events and Holidays'!$C$6:$C$1003,B12,0),0)+B12,"") -> #N/A | C13: =IF(C12>0,MATCH(Weekly!G$5,OFFSET('Events and Holidays'!$C$6:$C$1003,C12,0),0)+C12,"") -> #N/A | D13: =IF(D12>0,MATCH(Weekly!I$5,OFFSET('Events and Holidays'!$C$6:$C$1003,D12,0),0)+D12,"") -> #N/A | E13: =IF(E12>0,MATCH(Weekly!K$5,OFFSET('Events and Holidays'!$C$6:$C$1003,E12,0),0)+E12,"") -> 27 | F13: =IF(F12>0,MATCH(Weekly!M$5,OFFSET('Events and Holidays'!$C$6:$C$1003,F12,0),0)+F12,"") -> #N/A | G13: =IF(G12>0,MATCH(Weekly!O$5,OFFSET('Events and Holidays'!$C$6:$C$1003,G12,0),0)+G12,"") -> #N/A
A14: =IF(A13>0,MATCH(Weekly!C$5,OFFSET('Events and Holidays'!$C$6:$C$1003,A13,0),0)+A13,"") -> #N/A | B14: =IF(B13>0,MATCH(Weekly!E$5,OFFSET('Events and Holidays'!$C$6:$C$1003,B13,0),0)+B13,"") -> #N/A | C14: =IF(C13>0,MATCH(Weekly!G$5,OFFSET('Events and Holidays'!$C$6:$C$1003,C13,0),0)+C13,"") -> #N/A | D14: =IF(D13>0,MATCH(Weekly!I$5,OFFSET('Events and Holidays'!$C$6:$C$1003,D13,0),0)+D13,"") -> #N/A | E14: =IF(E13>0,MATCH(Weekly!K$5,OFFSET('Events and Holidays'!$C$6:$C$1003,E13,0),0)+E13,"") -> 28 | F14: =IF(F13>0,MATCH(Weekly!M$5,OFFSET('Events and Holidays'!$C$6:$C$1003,F13,0),0)+F13,"") -> #N/A | G14: =IF(G13>0,MATCH(Weekly!O$5,OFFSET('Events and Holidays'!$C$6:$C$1003,G13,0),0)+G13,"") -> #N/A
... A21: =IF(A20>0,MATCH(Weekly!C$5,OFFSET('Events and Holidays'!$C$6:$C$1003,A20,0),0)+A20,"") -> #N/A | B21: =IF(B20>0,MATCH(Weekly!E$5,OFFSET('Events and Holidays'!$C$6:$C$1003,B20,0),0)+B20,"") -> #N/A | C21: =IF(C20>0,MATCH(Weekly!G$5,OFFSET('Events and Holidays'!$C$6:$C$1003,C20,0),0)+C20,"") -> #N/A | D21: =IF(D20>0,MATCH(Weekly!I$5,OFFSET('Events and Holidays'!$C$6:$C$1003,D20,0),0)+D20,"") -> #N/A | E21: =IF(E20>0,MATCH(Weekly!K$5,OFFSET('Events and Holidays'!$C$6:$C$1003,E20,0),0)+E20,"") -> #N/A | F21: =IF(F20>0,MATCH(Weekly!M$5,OFFSET('Events and Holidays'!$C$6:$C$1003,F20,0),0)+F20,"") -> #N/A | G21: =IF(G20>0,MATCH(Weekly!O$5,OFFSET('Events and Holidays'!$C$6:$C$1003,G20,0),0)+G20,"") -> #N/A

Sheet Events and Holidays
B2: STARTING DATE | D2: 44196 | G2: © 2021 - ExcelTemplate.net
B4: EVENT TABLE | G4: HOLIDAY TABLE
B5: No | C5: Date | D5: Time | E5: Description | G5: No | H5: Date | I5: Description
B6: 1 | C6: 44198 | D6: 0.54166667 | E6: Lunch Meeting | G6: 1 | H6: 44197 | I6: Holiday 1
B7: 2 | C7: 44199 | D7: 0.70833333 | E7: Project Design Deadline 1 | G7: 2 | H7: 44202 | I7: Holiday 2
B8: 3 | C8: 44201 | D8: 0.79166667 | E8: Project Design Deadline 2 | G8: 3 | H8: 44207 | I8: Holiday 3
B9: 4 | C9: 44203 | E9: Project Design Deadline 3 | G9: 4 | H9: 44208 | I9: Holiday 4
B10: 5 | C10: 44204 | E10: Project Design Deadline 4 | G10: 5 | H10: 44212 | I10: Holiday 5
B11: 6 | C11: 44204 | E11: Project Design Deadline 5 | G11: 6 | H11: 44214 | I11: Holiday 6
B12: 7 | C12: 44205 | E12: Project Design Deadline 6 | G12: 7 | H12: 44215 | I12: Holiday 7
B13: 8 | C13: 44206 | E13: Project Design Deadline 7 | G13: 8 | H13: 44218 | I13: Holiday 8
B14: 9 | C14: 44207 | E14: Project Design Deadline 8 | G14: 9 | H14: 44220 | I14: Holiday 9
B15: 10 | C15: 44209 | E15: Project Design Deadline 9 | G15: 10 | H15: 44221 | I15: Holiday 10
B16: 11 | C16: 44211 | E16: Project Design Deadline 10 | G16: 11
B17: 12 | C17: 44211 | E17: Project Design Deadline 11 | G17: 12
B18: 13 | C18: 44211 | E18: Project Design Deadline 12 | G18: 13
B19: 14 | C19: 44211 | E19: Project Design Deadline 13 | G19: 14
B20: 15 | C20: 44213 | E20: Project Design Deadline 14 | G20: 15
B21: 16 | C21: 44200 | E21: Project Design Deadline 15 | G21: 16
B22: 17 | C22: 44200 | E22: Project Design Deadline 16 | G22: 17
B23: 18 | C23: 44200 | E23: Project Design Deadline 17 | G23: 18
B24: 19 | C24: 44200 | E24: Project Design Deadline 18 | G24: 19
B25: 20 | C25: 44200 | E25: Project Design Deadline 19 | G25: 20
B26: 21 | C26: 44200 | E26: Project Design Deadline 20 | G26: 21
B27: 22 | C27: 44200 | E27: Project Design Deadline 21 | G27: 22
... B35: 30 | C35: 44203 | E35: Project Design Deadline 29 | G35: 30
B36: 31 | C36: 44204 | E36: Project Design Deadline 30
B37: 32
B38: 33
B39: 34
B40: 35
B41: 36
B42: 37
B43: 38
B44: 39
B45: 40
B46: 41
B47: 42
B48: 43
... B205: 200

Sheet Copyright
A40: Need help? Please see this page for information:
A41: https://exceltemplate.net/support/

Sheet Copyright-2
A40: Need help? Please see this page for information:
A41: https://exceltemplate.net/support/
